model,family,fixed,baseline,target,id,n_pairs,method,dimension,delta,ci_low,ci_high,baseline_n,baseline_a_only,baseline_b_only,baseline_both,baseline_neither,baseline_supported,baseline_score,baseline_prevalence,target_n,target_a_only,target_b_only,target_both,target_neither,target_supported,target_score,target_prevalence,simultaneous_family,family_size,simultaneous_critical,sim_low,sim_high
mai26flash,language,none,en_us,zh_cn,mai26flash__language__none__zh_cn-minus-en_us,946,scenario,PDI,0.006647559907650646,-0.04268344198418946,0.05655691288580813,946,4,155,0,787,159,-0.949685534591195,0.16807610993657504,946,4,153,1,788,158,-0.9430379746835443,0.16701902748414377,"('scenario', 'language', 'none', 'en_us', 'zh_cn', 'main')",36,3.233445552880987,-0.07524921257922088,0.08854433239452217
mai26flash,language,none,en_us,zh_cn,mai26flash__language__none__zh_cn-minus-en_us,946,scenario,IDV,0.023475637989654574,-0.038113512985488186,0.08562488635599659,946,317,232,13,384,562,0.1512455516014235,0.5940803382663847,946,305,211,22,408,538,0.17472118959107807,0.5687103594080338,"('scenario', 'language', 'none', 'en_us', 'zh_cn', 'main')",36,3.233445552880987,-0.07649227822099262,0.12344355420030177
mai26flash,language,none,en_us,zh_cn,mai26flash__language__none__zh_cn-minus-en_us,946,scenario,MAS,0.10425265791119454,0.032824826316868456,0.1769652283840227,946,90,302,18,536,410,-0.5170731707317073,0.4334038054968288,946,107,268,15,556,390,-0.4128205128205128,0.41226215644820297,"('scenario', 'language', 'none', 'en_us', 'zh_cn', 'main')",36,3.233445552880987,-0.01514482641640745,0.22365014223879653
mai26flash,language,none,en_us,zh_cn,mai26flash__language__none__zh_cn-minus-en_us,946,scenario,UAI,0.04145246307021544,-0.12214242606219768,0.20168916051268979,946,42,84,1,819,127,-0.33070866141732286,0.13424947145877378,946,43,78,0,825,121,-0.2892561983471074,0.12790697674418605,"('scenario', 'language', 'none', 'en_us', 'zh_cn', 'main')",36,3.233445552880987,-0.2254296218693772,0.3083345480098081
mai26flash,language,none,en_us,zh_cn,mai26flash__language__none__zh_cn-minus-en_us,946,scenario,LTO,-0.01924260671751643,-0.10045640203379819,0.0594022972673421,946,244,30,8,664,282,0.7588652482269503,0.29809725158562367,946,225,29,11,681,265,0.7396226415094339,0.28012684989429176,"('scenario', 'language', 'none', 'en_us', 'zh_cn', 'main')",36,3.233445552880987,-0.15114872605596302,0.11266351262093016
mai26flash,language,none,en_us,zh_cn,mai26flash__language__none__zh_cn-minus-en_us,946,scenario,IVR,0.05909729539866526,-0.03402446320354704,0.15247673566835773,946,137,18,1,790,156,0.7628205128205128,0.1649048625792812,946,131,11,4,800,146,0.821917808219178,0.1543340380549683,"('scenario', 'language', 'none', 'en_us', 'zh_cn', 'main')",36,3.233445552880987,-0.09419980334548766,0.2123943941428182
mai26flash,language,none,en_us,zh_cn,mai26flash__language__none__zh_cn-minus-en_us,946,image,PDI,0.05848546315077752,0.0057858019036703045,0.1128650001453426,946,7,304,8,627,319,-0.9310344827586207,0.3372093023255814,946,13,280,13,640,306,-0.8725490196078431,0.32346723044397463,"('image', 'language', 'none', 'en_us', 'zh_cn', 'main')",36,3.238123151994879,-0.02944758075607841,0.14641850705763343
mai26flash,language,none,en_us,zh_cn,mai26flash__language__none__zh_cn-minus-en_us,946,image,IDV,0.027980003882741217,-0.01850675931581876,0.07453644256310916,946,372,254,182,138,808,0.14603960396039603,0.854122621564482,946,396,254,166,130,816,0.17401960784313725,0.8625792811839323,"('image', 'language', 'none', 'en_us', 'zh_cn', 'main')",36,3.238123151994879,-0.0489986175563238,0.10495862532180623
mai26flash,language,none,en_us,zh_cn,mai26flash__language__none__zh_cn-minus-en_us,946,image,MAS,0.065175083797616,0.027050106288923893,0.10361844400101558,946,136,403,350,57,889,-0.30033745781777277,0.9397463002114165,946,170,380,343,53,893,-0.23516237402015677,0.9439746300211417,"('image', 'language', 'none', 'en_us', 'zh_cn', 'main')",36,3.238123151994879,0.0013546705418477217,0.12899549705338426
mai26flash,language,none,en_us,zh_cn,mai26flash__language__none__zh_cn-minus-en_us,946,image,UAI,0.16142388350510178,0.06563908881007165,0.25285284349535275,946,136,215,45,550,396,-0.1994949494949495,0.4186046511627907,946,163,178,53,552,394,-0.03807106598984772,0.4164904862579281,"('image', 'language', 'none', 'en_us', 'zh_cn', 'main')",36,3.238123151994879,0.007681571973066542,0.31516619503713705
mai26flash,language,none,en_us,zh_cn,mai26flash__language__none__zh_cn-minus-en_us,946,image,LTO,-0.013901396071157035,-0.059003500698838605,0.031173845935010852,946,561,38,134,213,733,0.713506139154161,0.7748414376321353,946,576,45,138,187,759,0.6996047430830039,0.8023255813953488,"('image', 'language', 'none', 'en_us', 'zh_cn', 'main')",36,3.238123151994879,-0.08921486659041632,0.06141207444810225
mai26flash,language,none,en_us,zh_cn,mai26flash__language__none__zh_cn-minus-en_us,946,image,IVR,-0.07058866491381832,-0.15808918026393898,0.015638593631620696,946,263,44,19,620,326,0.6717791411042945,0.34460887949260044,946,253,51,32,610,336,0.6011904761904762,0.35517970401691334,"('image', 'language', 'none', 'en_us', 'zh_cn', 'main')",36,3.238123151994879,-0.21549580482526776,0.07431847499763111
mai26flash,language,none,en_us,th_th,mai26flash__language__none__th_th-minus-en_us,945,scenario,PDI,-0.0006250244150162176,-0.0616768750403274,0.05917621487793634,945,4,155,0,786,159,-0.949685534591195,0.16825396825396827,945,4,157,0,784,161,-0.9503105590062112,0.17037037037037037,"('scenario', 'language', 'none', 'en_us', 'th_th', 'main')",18,3.0217831096944794,-0.09282425238881566,0.09157420355878322
mai26flash,language,none,en_us,th_th,mai26flash__language__none__th_th-minus-en_us,945,scenario,IDV,-0.05734738516603698,-0.12069979678899138,0.005169211375089231,945,318,234,12,381,564,0.14893617021276595,0.5968253968253968,945,287,238,10,410,535,0.09158878504672897,0.5661375661375662,"('scenario', 'language', 'none', 'en_us', 'th_th', 'main')",18,3.0217831096944794,-0.15473367796443727,0.0400389076323633
mai26flash,language,none,en_us,th_th,mai26flash__language__none__th_th-minus-en_us,945,scenario,MAS,0.06393094683603101,-0.013096790842051526,0.14310779850306454,945,88,303,18,536,409,-0.5256723716381418,0.4328042328042328,945,97,272,10,566,379,-0.46174142480211083,0.40105820105820106,"('scenario', 'language', 'none', 'en_us', 'th_th', 'main')",18,3.0217831096944794,-0.05417589228991758,0.18203778596197961
mai26flash,language,none,en_us,th_th,mai26flash__language__none__th_th-minus-en_us,945,scenario,UAI,0.014899082568807342,-0.16527939643010486,0.1982418232993679,945,41,83,1,820,125,-0.336,0.13227513227513227,945,37,72,0,836,109,-0.3211009174311927,0.11534391534391535,"('scenario', 'language', 'none', 'en_us', 'th_th', 'main')",18,3.0217831096944794,-0.26648348043177306,0.29628164556938774
mai26flash,language,none,en_us,th_th,mai26flash__language__none__th_th-minus-en_us,945,scenario,LTO,-0.040715106341244645,-0.12457189137913463,0.042145817575932845,945,244,29,8,664,281,0.7651245551601423,0.29735449735449737,945,216,32,6,691,254,0.7244094488188977,0.2687830687830688,"('scenario', 'language', 'none', 'en_us', 'th_th', 'main')",18,3.0217831096944794,-0.17057179745943132,0.08914158477694203
mai26flash,language,none,en_us,th_th,mai26flash__language__none__th_th-minus-en_us,945,scenario,IVR,-0.03797468354430389,-0.13570021572767557,0.06000655510309029,945,140,17,1,787,158,0.7784810126582279,0.1671957671957672,945,137,20,1,787,158,0.740506329113924,0.1671957671957672,"('scenario', 'language', 'none', 'en_us', 'th_th', 'main')",18,3.0217831096944794,-0.1877476782127476,0.11179831112413982
mai26flash,language,none,en_us,th_th,mai26flash__language__none__th_th-minus-en_us,945,image,PDI,0.04306195596518181,0.0004185771743843298,0.0907850867248145,945,7,300,8,630,315,-0.9301587301587302,0.3333333333333333,945,12,287,11,635,310,-0.8870967741935484,0.328042328042328,"('image', 'language', 'none', 'en_us', 'th_th', 'main')",18,2.9566202302793028,-0.024193750532286687,0.1103176624626503
mai26flash,language,none,en_us,th_th,mai26flash__language__none__th_th-minus-en_us,945,image,IDV,-0.04116477659919446,-0.08593346774026127,0.004656448735775504,945,375,252,180,138,807,0.1524163568773234,0.8539682539682539,945,362,274,155,154,791,0.11125158027812895,0.837037037037037,"('image', 'language', 'none', 'en_us', 'th_th', 'main')",18,2.9566202302793028,-0.10878253492333982,0.026452981724950905
mai26flash,language,none,en_us,th_th,mai26flash__language__none__th_th-minus-en_us,945,image,MAS,0.0285135135135135,-0.0060382223346206005,0.06254492017853985,945,134,405,349,57,888,-0.30518018018018017,0.9396825396825397,945,145,394,361,45,900,-0.27666666666666667,0.9523809523809523,"('image', 'language', 'none', 'en_us', 'th_th', 'main')",18,2.9566202302793028,-0.023431601742087076,0.08045862876911408
mai26flash,language,none,en_us,th_th,mai26flash__language__none__th_th-minus-en_us,945,image,UAI,0.12286452919698301,0.02124433746788206,0.21792612781954884,945,136,216,44,549,396,-0.20202020202020202,0.41904761904761906,945,153,183,43,566,379,-0.079155672823219,0.40105820105820106,"('image', 'language', 'none', 'en_us', 'th_th', 'main')",18,2.9566202302793028,-0.023029304127113154,0.2687583625210792
mai26flash,language,none,en_us,th_th,mai26flash__language__none__th_th-minus-en_us,945,image,LTO,0.011396926832770826,-0.033890576244608776,0.05676391600099579,945,562,37,134,212,733,0.7162346521145976,0.7756613756613756,945,600,47,113,185,760,0.7276315789473684,0.8042328042328042,"('image', 'language', 'none', 'en_us', 'th_th', 'main')",18,2.9566202302793028,-0.05684062749720949,0.07963448116275114
mai26flash,language,none,en_us,th_th,mai26flash__language__none__th_th-minus-en_us,945,image,IVR,-0.07012502912168983,-0.1547391811158509,0.015485102418419865,945,265,42,19,619,326,0.6840490797546013,0.344973544973545,945,245,51,20,629,316,0.6139240506329114,0.3343915343915344,"('image', 'language', 'none', 'en_us', 'th_th', 'main')",18,2.9566202302793028,-0.20104716418503019,0.060797105941650526
mai26flash,language,none,en_us,hi_in,mai26flash__language__none__hi_in-minus-en_us,948,scenario,PDI,0.018965517241379293,-0.03367552853227092,0.07566282534284229,948,4,156,0,788,160,-0.95,0.16877637130801687,948,6,168,0,774,174,-0.9310344827586207,0.18354430379746836,"('scenario', 'language', 'none', 'en_us', 'hi_in', 'main')",18,2.9986178490160773,-0.06546595459811541,0.103396989080874
mai26flash,language,none,en_us,hi_in,mai26flash__language__none__hi_in-minus-en_us,948,scenario,IDV,-0.03516901408450704,-0.09859452333797133,0.027764510701824455,948,321,234,13,380,568,0.15316901408450703,0.5991561181434599,948,274,215,11,448,500,0.118,0.5274261603375527,"('scenario', 'language', 'none', 'en_us', 'hi_in', 'main')",18,2.9986178490160773,-0.13176396705234106,0.06142593888332698
mai26flash,language,none,en_us,hi_in,mai26flash__language__none__hi_in-minus-en_us,948,scenario,MAS,0.12480803768968479,0.04150445861075526,0.20617527639335842,948,89,305,18,536,412,-0.5242718446601942,0.4345991561181435,948,102,251,20,575,373,-0.39946380697050937,0.39345991561181437,"('scenario', 'language', 'none', 'en_us', 'hi_in', 'main')",18,2.9986178490160773,-0.0020642781125158882,0.25168035349188544
mai26flash,language,none,en_us,hi_in,mai26flash__language__none__hi_in-minus-en_us,948,scenario,UAI,0.07837221281919204,-0.10318534170654889,0.2665297132918502,948,42,84,1,821,127,-0.33070866141732286,0.1339662447257384,948,40,67,0,841,107,-0.2523364485981308,0.11286919831223628,"('scenario', 'language', 'none', 'en_us', 'hi_in', 'main')",18,2.9986178490160773,-0.19961623551095925,0.35636066114934334
mai26flash,language,none,en_us,hi_in,mai26flash__language__none__hi_in-minus-en_us,948,scenario,LTO,-0.017731160641818122,-0.09323213589566139,0.05486862138738393,948,246,31,8,663,285,0.7543859649122807,0.30063291139240506,948,242,35,4,667,281,0.7366548042704626,0.29641350210970463,"('scenario', 'language', 'none', 'en_us', 'hi_in', 'main')",18,2.9986178490160773,-0.13226022181376101,0.09679790053012478
mai26flash,language,none,en_us,hi_in,mai26flash__language__none__hi_in-minus-en_us,948,scenario,IVR,0.020783872714398743,-0.09368181016853531,0.13638552185665867,948,140,18,1,789,159,0.7672955974842768,0.16772151898734178,948,135,16,0,797,151,0.7880794701986755,0.15928270042194093,"('scenario', 'language', 'none', 'en_us', 'hi_in', 'main')",18,2.9986178490160773,-0.15482298789543786,0.19639073332423534
mai26flash,language,none,en_us,hi_in,mai26flash__language__none__hi_in-minus-en_us,948,image,PDI,0.05480818560109446,0.009951900355745393,0.09998638970252594,948,6,303,9,630,318,-0.9339622641509434,0.33544303797468356,948,17,308,6,617,331,-0.879154078549849,0.3491561181434599,"('image', 'language', 'none', 'en_us', 'hi_in', 'main')",18,2.9960337101519956,-0.014370411697110008,0.12398678289929893
mai26flash,language,none,en_us,hi_in,mai26flash__language__none__hi_in-minus-en_us,948,image,IDV,-0.022044149798131046,-0.06610233828589344,0.023147799258031423,948,374,255,182,137,811,0.1467324290998767,0.8554852320675106,948,365,265,172,146,802,0.12468827930174564,0.8459915611814346,"('image', 'language', 'none', 'en_us', 'hi_in', 'main')",18,2.9960337101519956,-0.08972432616627317,0.045636026570011076
mai26flash,language,none,en_us,hi_in,mai26flash__language__none__hi_in-minus-en_us,948,image,MAS,0.08850654230725202,0.05265313168341849,0.12651329420164506,948,136,408,348,56,892,-0.30493273542600896,0.9409282700421941,948,159,354,388,47,901,-0.21642619311875694,0.95042194092827,"('image', 'language', 'none', 'en_us', 'hi_in', 'main')",18,2.9960337101519956,0.032388037611259655,0.14462504700324438
mai26flash,language,none,en_us,hi_in,mai26flash__language__none__hi_in-minus-en_us,948,image,UAI,0.17002285987239416,0.07124120052186349,0.2707186760774278,948,135,216,44,553,395,-0.20506329113924052,0.4166666666666667,948,155,168,48,577,371,-0.03504043126684636,0.39135021097046413,"('image', 'language', 'none', 'en_us', 'hi_in', 'main')",18,2.9960337101519956,0.01685807900814168,0.32318764073664663
mai26flash,language,none,en_us,hi_in,mai26flash__language__none__hi_in-minus-en_us,948,image,LTO,-0.007857000185964469,-0.052715398753565,0.03588900366646989,948,561,38,138,211,737,0.7096336499321574,0.7774261603375527,948,605,52,131,160,788,0.7017766497461929,0.8312236286919831,"('image', 'language', 'none', 'en_us', 'hi_in', 'main')",18,2.9960337101519956,-0.07510534195452478,0.05939134158259585
mai26flash,language,none,en_us,hi_in,mai26flash__language__none__hi_in-minus-en_us,948,image,IVR,-0.08240202371063965,-0.16296489122098978,-0.002569438455799812,948,266,44,18,620,328,0.676829268292683,0.3459915611814346,948,240,48,35,625,323,0.5944272445820433,0.3407172995780591,"('image', 'language', 'none', 'en_us', 'hi_in', 'main')",18,2.9960337101519956,-0.20460989314791314,0.03980584572663384
mai26flash,language,none,zh_cn,th_th,mai26flash__language__none__th_th-minus-zh_cn,941,scenario,PDI,-0.02032866707242853,-0.0792232318817374,0.034565158116077924,941,4,150,1,786,155,-0.9419354838709677,0.1647183846971307,941,3,156,0,782,159,-0.9622641509433962,0.1689691817215728,"('scenario', 'language', 'none', 'zh_cn', 'th_th', 'main')",18,2.9925555496306173,-0.10647605693967342,0.06581872279481636
mai26flash,language,none,zh_cn,th_th,mai26flash__language__none__th_th-minus-zh_cn,941,scenario,IDV,-0.08520543114089225,-0.14401404667978254,-0.02385737958862173,941,302,212,21,406,535,0.16822429906542055,0.5685441020191286,941,282,238,10,411,530,0.0830188679245283,0.563230605738576,"('scenario', 'language', 'none', 'zh_cn', 'th_th', 'main')",18,2.9925555496306173,-0.17732809441927208,0.006917232137487572
mai26flash,language,none,zh_cn,th_th,mai26flash__language__none__th_th-minus-zh_cn,941,scenario,MAS,-0.046792971193863386,-0.12879865497936938,0.035505284713855105,941,106,267,15,553,388,-0.41494845360824745,0.412327311370882,941,97,272,10,562,379,-0.46174142480211083,0.4027630180658874,"('scenario', 'language', 'none', 'zh_cn', 'th_th', 'main')",18,2.9925555496306173,-0.17033795834155288,0.07675201595382611
mai26flash,language,none,zh_cn,th_th,mai26flash__language__none__th_th-minus-zh_cn,941,scenario,UAI,-0.043789993061444765,-0.23214295345970104,0.14072445002654368,941,43,76,0,822,119,-0.2773109243697479,0.12646121147715197,941,37,72,0,832,109,-0.3211009174311927,0.11583421891604676,"('scenario', 'language', 'none', 'zh_cn', 'th_th', 'main')",18,2.9925555496306173,-0.3281042691565007,0.24052428303361117
mai26flash,language,none,zh_cn,th_th,mai26flash__language__none__th_th-minus-zh_cn,941,scenario,LTO,-0.011198945981554687,-0.0892713802490754,0.06840977030057768,941,225,29,10,677,264,0.7424242424242424,0.28055260361317746,941,216,31,6,688,253,0.7312252964426877,0.2688629117959617,"('scenario', 'language', 'none', 'zh_cn', 'th_th', 'main')",18,2.9925555496306173,-0.13447253246986351,0.11207464050675416
mai26flash,language,none,zh_cn,th_th,mai26flash__language__none__th_th-minus-zh_cn,941,scenario,IVR,-0.09090501792114691,-0.20773760641742012,0.025312866871245038,941,130,11,3,797,144,0.8263888888888888,0.153028692879915,941,134,20,1,786,155,0.7354838709677419,0.1647183846971307,"('scenario', 'language', 'none', 'zh_cn', 'th_th', 'main')",18,2.9925555496306173,-0.26654119194714965,0.08473115610485582
mai26flash,language,none,zh_cn,th_th,mai26flash__language__none__th_th-minus-zh_cn,941,image,PDI,-0.028489722198331457,-0.08594207355528742,0.029424467839986604,941,13,276,13,639,302,-0.8708609271523179,0.32093517534537724,941,11,288,9,633,308,-0.8993506493506493,0.3273113708820404,"('image', 'language', 'none', 'zh_cn', 'th_th', 'main')",18,3.0269386370835756,-0.11747710579659781,0.0604976613999349
mai26flash,language,none,zh_cn,th_th,mai26flash__language__none__th_th-minus-zh_cn,941,image,IDV,-0.0679679477862123,-0.11402261180449316,-0.022765973324059496,941,395,254,164,128,813,0.17343173431734318,0.8639744952178533,941,358,275,154,154,787,0.10546378653113088,0.8363443145589798,"('image', 'language', 'none', 'zh_cn', 'th_th', 'main')",18,3.0269386370835756,-0.13785724623489093,0.0019213506624663201
mai26flash,language,none,zh_cn,th_th,mai26flash__language__none__th_th-minus-zh_cn,941,image,MAS,-0.03948432227221599,-0.07764252864670525,-1.8156424581015047e-05,941,170,376,343,52,889,-0.23172103487064116,0.944739638682253,941,146,389,361,45,896,-0.27120535714285715,0.9521785334750266,"('image', 'language', 'none', 'zh_cn', 'th_th', 'main')",18,3.0269386370835756,-0.09958002415636089,0.020611379611928916
mai26flash,language,none,zh_cn,th_th,mai26flash__language__none__th_th-minus-zh_cn,941,image,UAI,-0.04404458984611656,-0.14284882954792222,0.05424239551546397,941,162,179,52,548,393,-0.043256997455470736,0.41764080765143463,941,151,184,43,563,378,-0.0873015873015873,0.40170031880977686,"('image', 'language', 'none', 'zh_cn', 'th_th', 'main')",18,3.0269386370835756,-0.19688730143597494,0.10879812174374182
mai26flash,language,none,zh_cn,th_th,mai26flash__language__none__th_th-minus-zh_cn,941,image,LTO,0.028918423625297396,-0.015146838812754334,0.07395298562703911,941,575,45,134,187,754,0.7029177718832891,0.8012752391073327,941,600,46,111,184,757,0.7318361955085865,0.8044633368756642,"('image', 'language', 'none', 'zh_cn', 'th_th', 'main')",18,3.0269386370835756,-0.04008109783418844,0.09791794508478323
mai26flash,language,none,zh_cn,th_th,mai26flash__language__none__th_th-minus-zh_cn,941,image,IVR,0.010594196222938779,-0.08106837393349951,0.09883151050575895,941,253,51,30,607,334,0.6047904191616766,0.35494155154091395,941,242,50,20,629,312,0.6153846153846154,0.33156216790648246,"('image', 'language', 'none', 'zh_cn', 'th_th', 'main')",18,3.0269386370835756,-0.12824750759745504,0.1494359000433326
mai26flash,language,none,zh_cn,hi_in,mai26flash__language__none__hi_in-minus-zh_cn,943,scenario,PDI,0.000814694119389725,-0.04276917036184726,0.04365237143981971,943,4,152,1,786,157,-0.9426751592356688,0.1664899257688229,943,5,167,0,771,172,-0.9418604651162791,0.1823966065747614,"('scenario', 'language', 'none', 'zh_cn', 'hi_in', 'main')",18,2.9961088993294425,-0.06345584039205054,0.06508522863083
mai26flash,language,none,zh_cn,hi_in,mai26flash__language__none__hi_in-minus-zh_cn,943,scenario,IDV,-0.060053044410586315,-0.12118812887533932,0.0010826069125487075,943,304,211,22,406,537,0.17318435754189945,0.5694591728525981,943,270,214,11,448,495,0.11313131313131314,0.5249204665959704,"('scenario', 'language', 'none', 'zh_cn', 'hi_in', 'main')",18,2.9961088993294425,-0.15401877332718067,0.03391268450600804
mai26flash,language,none,zh_cn,hi_in,mai26flash__language__none__hi_in-minus-zh_cn,943,scenario,MAS,0.0187220385139078,-0.06464634601753716,0.09853417826843378,943,106,267,15,555,388,-0.41494845360824745,0.41145281018027574,943,102,249,20,572,371,-0.39622641509433965,0.3934252386002121,"('scenario', 'language', 'none', 'zh_cn', 'hi_in', 'main')",18,2.9961088993294425,-0.10623491239766307,0.1436789894254787
mai26flash,language,none,zh_cn,hi_in,mai26flash__language__none__hi_in-minus-zh_cn,943,scenario,UAI,0.0425925925925926,-0.15394092350809385,0.23968333444230047,943,43,77,0,823,120,-0.2833333333333333,0.12725344644750794,943,41,67,0,835,108,-0.24074074074074073,0.11452810180275716,"('scenario', 'language', 'none', 'zh_cn', 'hi_in', 'main')",18,2.9961088993294425,-0.2597234062999719,0.3449085914851572
mai26flash,language,none,zh_cn,hi_in,mai26flash__language__none__hi_in-minus-zh_cn,943,scenario,LTO,0.004220779220779236,-0.0724846495739703,0.08053657973179637,943,224,29,11,679,264,0.7386363636363636,0.2799575821845175,943,242,34,4,663,280,0.7428571428571429,0.29692470837751855,"('scenario', 'language', 'none', 'zh_cn', 'hi_in', 'main')",18,2.9961088993294425,-0.1115590814168636,0.12000063985842208
mai26flash,language,none,zh_cn,hi_in,mai26flash__language__none__hi_in-minus-zh_cn,943,scenario,IVR,-0.038134024435394265,-0.16486170212765963,0.08421548110924086,943,131,11,4,797,146,0.821917808219178,0.15482502651113467,943,132,16,0,795,148,0.7837837837837838,0.1569459172852598,"('scenario', 'language', 'none', 'zh_cn', 'hi_in', 'main')",18,2.9961088993294425,-0.228837300250163,0.15256925137937447
mai26flash,language,none,zh_cn,hi_in,mai26flash__language__none__hi_in-minus-zh_cn,943,image,PDI,-0.01506397441023588,-0.07472548711172385,0.04273832830301538,943,13,279,13,638,305,-0.8721311475409836,0.32343584305408274,943,16,307,5,615,328,-0.8871951219512195,0.34782608695652173,"('image', 'language', 'none', 'zh_cn', 'hi_in', 'main')",18,2.9882272245237704,-0.1050910128473508,0.07496306402687904
mai26flash,language,none,zh_cn,hi_in,mai26flash__language__none__hi_in-minus-zh_cn,943,image,IDV,-0.05375372370315061,-0.09706669465001935,-0.009192661834340646,943,397,254,164,128,815,0.1754601226993865,0.8642629904559915,943,362,265,170,146,797,0.12170639899623588,0.8451749734888653,"('image', 'language', 'none', 'zh_cn', 'hi_in', 'main')",18,2.9882272245237704,-0.1209311049579688,0.013423657551667578
mai26flash,language,none,zh_cn,hi_in,mai26flash__language__none__hi_in-minus-zh_cn,943,image,MAS,0.020530698234349914,-0.018488769434051453,0.05914148460379834,943,170,377,343,53,890,-0.23258426966292134,0.943796394485684,943,160,350,386,47,896,-0.21205357142857142,0.9501590668080594,"('image', 'language', 'none', 'zh_cn', 'hi_in', 'main')",18,2.9882272245237704,-0.03883731242233165,0.07989870889103148
mai26flash,language,none,zh_cn,hi_in,mai26flash__language__none__hi_in-minus-zh_cn,943,image,UAI,0.0030306347230013575,-0.09219866962202226,0.0971805053200488,943,164,179,51,549,394,-0.03807106598984772,0.4178154825026511,943,155,168,48,572,371,-0.03504043126684636,0.3934252386002121,"('image', 'language', 'none', 'zh_cn', 'hi_in', 'main')",18,2.9882272245237704,-0.14341562795284993,0.14947689739885264
mai26flash,language,none,zh_cn,hi_in,mai26flash__language__none__hi_in-minus-zh_cn,943,image,LTO,0.0016844904037895958,-0.04214870309942196,0.045383222719986425,943,577,45,135,186,757,0.702774108322325,0.8027571580063627,943,605,52,128,158,785,0.7044585987261146,0.8324496288441146,"('image', 'language', 'none', 'zh_cn', 'hi_in', 'main')",18,2.9882272245237704,-0.06409474756804302,0.06746372837562221
mai26flash,language,none,zh_cn,hi_in,mai26flash__language__none__hi_in-minus-zh_cn,943,image,IVR,-0.006249999999999978,-0.09309590562609411,0.0831264699687697,943,252,51,32,608,335,0.6,0.3552492046659597,943,238,48,34,623,320,0.59375,0.33934252386002123,"('image', 'language', 'none', 'zh_cn', 'hi_in', 'main')",18,2.9882272245237704,-0.14007730294380294,0.12757730294380298
mai26flash,language,none,th_th,hi_in,mai26flash__language__none__hi_in-minus-th_th,943,scenario,PDI,0.032675438596491246,-0.014528436087120988,0.08513828763828767,943,3,157,0,783,160,-0.9625,0.16967126193001061,943,6,165,0,772,171,-0.9298245614035088,0.18133616118769882,"('scenario', 'language', 'none', 'th_th', 'hi_in', 'main')",18,3.0165291472213385,-0.04457695380009963,0.10992783099308212
mai26flash,language,none,th_th,hi_in,mai26flash__language__none__hi_in-minus-th_th,943,scenario,IDV,0.032602319389919227,-0.03165030415769594,0.09826985741392728,943,286,238,10,409,534,0.0898876404494382,0.5662778366914104,943,274,213,11,445,498,0.12248995983935743,0.528101802757158,"('scenario', 'language', 'none', 'th_th', 'hi_in', 'main')",18,3.0165291472213385,-0.06649125921839136,0.1316958979982298
mai26flash,language,none,th_th,hi_in,mai26flash__language__none__hi_in-minus-th_th,943,scenario,MAS,0.06519524617996608,-0.019909721856856213,0.14947996835815192,943,96,274,10,563,380,-0.46842105263157896,0.4029692470837752,943,101,251,20,571,372,-0.4032258064516129,0.3944856839872747,"('scenario', 'language', 'none', 'th_th', 'hi_in', 'main')",18,3.0165291472213385,-0.0639679110656749,0.19435840342560706
mai26flash,language,none,th_th,hi_in,mai26flash__language__none__hi_in-minus-th_th,943,scenario,UAI,0.09362786745964316,-0.09601753111942701,0.28935919811665745,943,37,73,0,833,110,-0.32727272727272727,0.11664899257688228,943,41,66,0,836,107,-0.2336448598130841,0.11346765641569459,"('scenario', 'language', 'none', 'th_th', 'hi_in', 'main')",18,3.0165291472213385,-0.20531984402827133,0.3925755789475577
mai26flash,language,none,th_th,hi_in,mai26flash__language__none__hi_in-minus-th_th,943,scenario,LTO,0.012397386496900586,-0.061880667937278096,0.08852060496018531,943,217,31,6,689,254,0.7322834645669292,0.26935312831389185,943,244,34,4,661,282,0.7446808510638298,0.2990455991516437,"('scenario', 'language', 'none', 'th_th', 'hi_in', 'main')",18,3.0165291472213385,-0.10313243532721729,0.12792720832101845
mai26flash,language,none,th_th,hi_in,mai26flash__language__none__hi_in-minus-th_th,943,scenario,IVR,0.046160337552742625,-0.06337018423199231,0.15817655428448346,943,137,20,1,785,158,0.740506329113924,0.16755037115588547,943,134,16,0,793,150,0.7866666666666666,0.15906680805938495,"('scenario', 'language', 'none', 'th_th', 'hi_in', 'main')",18,3.0165291472213385,-0.12331249756523391,0.21563317267071916
mai26flash,language,none,th_th,hi_in,mai26flash__language__none__hi_in-minus-th_th,943,image,PDI,0.022050035853716787,-0.027079215341534752,0.07203010245193957,943,11,288,9,635,308,-0.8993506493506493,0.3266171792152704,943,17,303,6,617,326,-0.8773006134969326,0.3457051961823966,"('image', 'language', 'none', 'th_th', 'hi_in', 'main')",18,2.9891464569399044,-0.053267325367336193,0.09736739707476977
mai26flash,language,none,th_th,hi_in,mai26flash__language__none__hi_in-minus-th_th,943,image,IDV,0.017731036451889212,-0.026934553246608373,0.06256217212897924,943,360,276,154,153,790,0.10632911392405063,0.8377518557794273,943,364,265,169,145,798,0.12406015037593984,0.8462354188759279,"('image', 'language', 'none', 'th_th', 'hi_in', 'main')",18,2.9891464569399044,-0.050289935834930174,0.0857520087387086
mai26flash,language,none,th_th,hi_in,mai26flash__language__none__hi_in-minus-th_th,943,image,MAS,0.061580079056094084,0.02501933466832848,0.09709828914650723,943,144,391,364,44,899,-0.27474972191323693,0.953340402969247,943,158,349,389,47,896,-0.21316964285714285,0.9501590668080594,"('image', 'language', 'none', 'th_th', 'hi_in', 'main')",18,2.9891464569399044,0.007172484318591139,0.11598767379359703
mai26flash,language,none,th_th,hi_in,mai26flash__language__none__hi_in-minus-th_th,943,image,UAI,0.05534057971014494,-0.04425553307348975,0.15683329728851733,943,150,184,41,568,375,-0.09066666666666667,0.39766702014846234,943,154,167,47,575,368,-0.035326086956521736,0.3902439024390244,"('image', 'language', 'none', 'th_th', 'hi_in', 'main')",18,2.9891464569399044,-0.09764340766899407,0.20832456708928396
mai26flash,language,none,th_th,hi_in,mai26flash__language__none__hi_in-minus-th_th,943,image,LTO,-0.02400517577468575,-0.06753700426825256,0.018632474345192877,943,602,47,111,183,760,0.7302631578947368,0.8059384941675504,943,605,52,126,160,783,0.7062579821200511,0.8303287380699894,"('image', 'language', 'none', 'th_th', 'hi_in', 'main')",18,2.9891464569399044,-0.08904767149403446,0.04103731994466296
mai26flash,language,none,th_th,hi_in,mai26flash__language__none__hi_in-minus-th_th,943,image,IVR,-0.016753194888178946,-0.09580690801796489,0.06531589221049726,943,244,49,20,630,313,0.6230031948881789,0.33191940615058324,943,240,46,34,623,320,0.60625,0.33934252386002123,"('image', 'language', 'none', 'th_th', 'hi_in', 'main')",18,2.9891464569399044,-0.13951279299623873,0.10600640321988083
mai26flash,cue,en_us,none,us,mai26flash__cue__en_us__us-minus-none,950,scenario,PDI,0.029257927427263852,-0.03798954224349714,0.10140568348487676,950,4,157,0,789,161,-0.9503105590062112,0.1694736842105263,950,6,146,0,798,152,-0.9210526315789473,0.16,"('scenario', 'cue', 'en_us', 'none', 'us', 'main')",36,3.2325803990029582,-0.08519008954387931,0.143705944398407
mai26flash,cue,en_us,none,us,mai26flash__cue__en_us__us-minus-none,950,scenario,IDV,0.08041614718251172,0.02418129885188928,0.1360945220831003,950,321,232,13,384,566,0.15724381625441697,0.5957894736842105,950,331,201,15,403,547,0.2376599634369287,0.5757894736842105,"('scenario', 'cue', 'en_us', 'none', 'us', 'main')",36,3.2325803990029582,-0.011360924750746348,0.1721932191157698
mai26flash,cue,en_us,none,us,mai26flash__cue__en_us__us-minus-none,950,scenario,MAS,0.07663871951219514,0.008054411594346734,0.14323835224935508,950,89,303,18,540,410,-0.5219512195121951,0.43157894736842106,950,100,271,13,566,384,-0.4453125,0.40421052631578946,"('scenario', 'cue', 'en_us', 'none', 'us', 'main')",36,3.2325803990029582,-0.03557112989162724,0.18884856891601753
mai26flash,cue,en_us,none,us,mai26flash__cue__en_us__us-minus-none,950,scenario,UAI,0.168856048166393,0.011731602351234783,0.3246314591813658,950,41,84,1,824,126,-0.3412698412698413,0.13263157894736843,950,48,68,0,834,116,-0.1724137931034483,0.12210526315789473,"('scenario', 'cue', 'en_us', 'none', 'us', 'main')",36,3.2325803990029582,-0.08734017791834459,0.42505227425113057
mai26flash,cue,en_us,none,us,mai26flash__cue__en_us__us-minus-none,950,scenario,LTO,-0.030901116427432207,-0.11356186631756524,0.05011523446897094,950,246,31,8,665,285,0.7543859649122807,0.3,950,226,35,3,686,264,0.7234848484848485,0.27789473684210525,"('scenario', 'cue', 'en_us', 'none', 'us', 'main')",36,3.2325803990029582,-0.16414778719909973,0.10234555434423531
mai26flash,cue,en_us,none,us,mai26flash__cue__en_us__us-minus-none,950,scenario,IVR,-0.06426529445397378,-0.14750386244094918,0.016994601319921455,950,140,18,1,791,159,0.7672955974842768,0.16736842105263158,950,140,24,1,785,165,0.703030303030303,0.1736842105263158,"('scenario', 'cue', 'en_us', 'none', 'us', 'main')",36,3.2325803990029582,-0.19942371542722734,0.07089312651927979
mai26flash,cue,en_us,none,us,mai26flash__cue__en_us__us-minus-none,950,image,PDI,0.02033704022111904,-0.020763343422178684,0.06254611958036509,950,7,305,9,629,321,-0.9283489096573209,0.33789473684210525,950,13,319,5,613,337,-0.9080118694362018,0.3547368421052632,"('image', 'cue', 'en_us', 'none', 'us', 'main')",36,3.2219506620537737,-0.04749391558946951,0.0881679960317076
mai26flash,cue,en_us,none,us,mai26flash__cue__en_us__us-minus-none,950,image,IDV,-0.10944012883668057,-0.1550547021842799,-0.06483613342187418,950,376,252,184,138,812,0.15270935960591134,0.8547368421052631,950,336,300,196,118,832,0.04326923076923077,0.8757894736842106,"('image', 'cue', 'en_us', 'none', 'us', 'main')",36,3.2219506620537737,-0.18352017280640132,-0.03536008486695984
mai26flash,cue,en_us,none,us,mai26flash__cue__en_us__us-minus-none,950,image,MAS,0.022199238819463285,-0.013299866437462,0.055000182467871826,950,135,407,351,57,893,-0.3045912653975364,0.94,950,141,396,366,47,903,-0.2823920265780731,0.9505263157894737,"('image', 'cue', 'en_us', 'none', 'us', 'main')",36,3.2219506620537737,-0.03400916532692004,0.07840764296584661
mai26flash,cue,en_us,none,us,mai26flash__cue__en_us__us-minus-none,950,image,UAI,0.1403307747528853,0.050679969369203326,0.23171938487331464,950,136,217,45,552,398,-0.20351758793969849,0.4189473684210526,950,147,170,47,586,364,-0.06318681318681318,0.3831578947368421,"('image', 'cue', 'en_us', 'none', 'us', 'main')",36,3.2219506620537737,-0.006342039088979873,0.2870035885947505
mai26flash,cue,en_us,none,us,mai26flash__cue__en_us__us-minus-none,950,image,LTO,-0.00905460115986434,-0.051782453730660816,0.03323012392844887,950,563,38,139,210,740,0.7094594594594594,0.7789473684210526,950,565,46,130,209,741,0.7004048582995951,0.78,"('image', 'cue', 'en_us', 'none', 'us', 'main')",36,3.2219506620537737,-0.07917684505999577,0.06106764274026709
mai26flash,cue,en_us,none,us,mai26flash__cue__en_us__us-minus-none,950,image,IVR,-0.07849874454869832,-0.1570863785278643,-0.00239497685358195,950,266,44,19,621,329,0.6747720364741642,0.3463157894736842,950,244,52,26,628,322,0.5962732919254659,0.3389473684210526,"('image', 'cue', 'en_us', 'none', 'us', 'main')",36,3.2219506620537737,-0.20444148817067126,0.04744399907327462
mai26flash,cue,en_us,none,cn,mai26flash__cue__en_us__cn-minus-none,949,scenario,PDI,0.1871293263698327,0.10064526245917177,0.2857169021454735,949,4,154,0,791,158,-0.9493670886075949,0.16649104320337196,949,17,126,0,806,143,-0.7622377622377622,0.1506849315068493,"('scenario', 'cue', 'en_us', 'none', 'cn', 'main')",36,3.2138908381568254,0.03428993969374991,0.33996871304591547
mai26flash,cue,en_us,none,cn,mai26flash__cue__en_us__cn-minus-none,949,scenario,IDV,0.016394811266606135,-0.04652406225346053,0.08029757158913381,949,321,233,13,382,567,0.15520282186948853,0.5974710221285564,949,292,205,10,442,507,0.17159763313609466,0.5342465753424658,"('scenario', 'cue', 'en_us', 'none', 'cn', 'main')",36,3.2138908381568254,-0.08758038307669484,0.12037000560990711
mai26flash,cue,en_us,none,cn,mai26flash__cue__en_us__cn-minus-none,949,scenario,MAS,0.1326645685811697,0.06027064327306609,0.20814013754927066,949,90,302,18,539,410,-0.5170731707317073,0.4320337197049526,949,107,250,15,577,372,-0.3844086021505376,0.39199157007376184,"('scenario', 'cue', 'en_us', 'none', 'cn', 'main')",36,3.2138908381568254,0.010982122329424776,0.25434701483291466
mai26flash,cue,en_us,none,cn,mai26flash__cue__en_us__cn-minus-none,949,scenario,UAI,0.1653968253968254,0.01021416235828654,0.32684497949626873,949,42,83,1,823,126,-0.3253968253968254,0.1327713382507903,949,42,58,0,849,100,-0.16,0.1053740779768177,"('scenario', 'cue', 'en_us', 'none', 'cn', 'main')",36,3.2138908381568254,-0.09385224940129847,0.4246459001949493
mai26flash,cue,en_us,none,cn,mai26flash__cue__en_us__cn-minus-none,949,scenario,LTO,-0.053874483651022764,-0.13276269368655308,0.024287215128739735,949,245,31,8,665,284,0.7535211267605634,0.2992623814541623,949,237,39,7,666,283,0.6996466431095406,0.2982086406743941,"('scenario', 'cue', 'en_us', 'none', 'cn', 'main')",36,3.2138908381568254,-0.1828326817310318,0.07508371442898626
mai26flash,cue,en_us,none,cn,mai26flash__cue__en_us__cn-minus-none,949,scenario,IVR,0.010574730717823777,-0.07843194798095325,0.09756775234922788,949,139,18,1,791,158,0.7658227848101266,0.16649104320337196,949,143,18,0,788,161,0.7763975155279503,0.1696522655426765,"('scenario', 'cue', 'en_us', 'none', 'cn', 'main')",36,3.2138908381568254,-0.13250150501611793,0.15365096645176549
mai26flash,cue,en_us,none,cn,mai26flash__cue__en_us__cn-minus-none,949,image,PDI,0.23968675876372214,0.16949699301131443,0.3169145997195586,949,7,303,9,630,319,-0.9278996865203761,0.3361433087460485,949,33,214,16,686,263,-0.688212927756654,0.27713382507903056,"('image', 'cue', 'en_us', 'none', 'cn', 'main')",36,3.19842316265399,0.11939197757053063,0.3599815399569136
mai26flash,cue,en_us,none,cn,mai26flash__cue__en_us__cn-minus-none,949,image,IDV,-0.14649161205201083,-0.19353930277450745,-0.10008581762419524,949,376,254,182,137,812,0.15024630541871922,0.8556375131717597,949,325,322,152,150,799,0.0037546933667083854,0.8419388830347735,"('image', 'cue', 'en_us', 'none', 'cn', 'main')",36,3.19842316265399,-0.223652885989024,-0.06933033811499767
mai26flash,cue,en_us,none,cn,mai26flash__cue__en_us__cn-minus-none,949,image,MAS,0.06528856728214963,0.026330817508567025,0.10314159886570715,949,136,406,350,57,892,-0.30269058295964124,0.9399367755532139,949,199,411,283,56,893,-0.2374020156774916,0.9409905163329821,"('image', 'cue', 'en_us', 'none', 'cn', 'main')",36,3.19842316265399,0.0026563440936995947,0.12792079047059968
mai26flash,cue,en_us,none,cn,mai26flash__cue__en_us__cn-minus-none,949,image,UAI,0.32349397590361445,0.22210171169192164,0.4247546261686025,949,136,215,44,554,395,-0.2,0.41622760800842995,949,169,128,35,617,332,0.12349397590361445,0.3498419388830348,"('image', 'cue', 'en_us', 'none', 'cn', 'main')",36,3.19842316265399,0.15571168029021112,0.4912762715170178
mai26flash,cue,en_us,none,cn,mai26flash__cue__en_us__cn-minus-none,949,image,LTO,-0.07607182798865508,-0.12252503920865368,-0.029660294916147016,949,561,38,139,211,738,0.7086720867208672,0.7776606954689147,949,557,68,148,176,773,0.6326002587322122,0.8145416227608009,"('image', 'cue', 'en_us', 'none', 'cn', 'main')",36,3.19842316265399,-0.15246526294238,0.0003216069650698178
mai26flash,cue,en_us,none,cn,mai26flash__cue__en_us__cn-minus-none,949,image,IVR,-0.16095997498436532,-0.2483194535730708,-0.08005076690152667,949,265,44,19,621,328,0.6737804878048781,0.34562697576396206,949,255,75,21,598,351,0.5128205128205128,0.3698630136986301,"('image', 'cue', 'en_us', 'none', 'cn', 'main')",36,3.19842316265399,-0.29848128291463405,-0.023438667054096585
mai26flash,cue,en_us,none,th,mai26flash__cue__en_us__th-minus-none,944,scenario,PDI,0.0888888888888888,0.011545967648681363,0.17500924081941716,944,4,156,0,784,160,-0.95,0.1694915254237288,944,10,134,0,800,144,-0.8611111111111112,0.15254237288135594,"('scenario', 'cue', 'en_us', 'none', 'th', 'main')",18,2.993548230945527,-0.035342103160874425,0.21311988093865203
mai26flash,cue,en_us,none,th,mai26flash__cue__en_us__th-minus-none,944,scenario,IDV,-0.08629901838241422,-0.14380145227321328,-0.02730280143842905,944,319,233,13,379,565,0.15221238938053097,0.5985169491525424,944,277,242,12,413,531,0.06591337099811675,0.5625,"('scenario', 'cue', 'en_us', 'none', 'th', 'main')",18,2.993548230945527,-0.1756686157536977,0.003070578988869241
mai26flash,cue,en_us,none,th,mai26flash__cue__en_us__th-minus-none,944,scenario,MAS,0.015586395416075316,-0.056016471828137925,0.08443593765826657,944,89,301,18,536,408,-0.5196078431372549,0.4322033898305085,944,84,272,17,571,373,-0.5040214477211796,0.3951271186440678,"('scenario', 'cue', 'en_us', 'none', 'th', 'main')",18,2.993548230945527,-0.08953636789172849,0.12070915872387912
mai26flash,cue,en_us,none,th,mai26flash__cue__en_us__th-minus-none,944,scenario,UAI,-0.028906955736223983,-0.21409230475740587,0.15234564146873633,944,40,82,1,821,123,-0.34146341463414637,0.13029661016949154,944,34,74,0,836,108,-0.37037037037037035,0.11440677966101695,"('scenario', 'cue', 'en_us', 'none', 'th', 'main')",18,2.993548230945527,-0.3046041557873944,0.24679024431494645
mai26flash,cue,en_us,none,th,mai26flash__cue__en_us__th-minus-none,944,scenario,LTO,-0.03540941328175373,-0.11118792848431779,0.0378793670235026,944,243,31,8,662,282,0.75177304964539,0.298728813559322,944,234,37,4,669,275,0.7163636363636363,0.2913135593220339,"('scenario', 'cue', 'en_us', 'none', 'th', 'main')",18,2.993548230945527,-0.1500809497430716,0.07926212317956413
mai26flash,cue,en_us,none,th,mai26flash__cue__en_us__th-minus-none,944,scenario,IVR,-0.03801213392255254,-0.11600519585361121,0.03809638914463576,944,139,18,1,786,158,0.7658227848101266,0.1673728813559322,944,145,22,2,775,169,0.727810650887574,0.17902542372881355,"('scenario', 'cue', 'en_us', 'none', 'th', 'main')",18,2.993548230945527,-0.15542554828091393,0.07940128043580885
mai26flash,cue,en_us,none,th,mai26flash__cue__en_us__th-minus-none,944,image,PDI,0.1218966262975778,0.06740935300176269,0.18017593105597485,944,7,304,9,624,320,-0.928125,0.3389830508474576,944,23,256,10,655,289,-0.8062283737024222,0.3061440677966102,"('image', 'cue', 'en_us', 'none', 'th', 'main')",18,2.9898350556174136,0.034783835206764105,0.20900941738839152
mai26flash,cue,en_us,none,th,mai26flash__cue__en_us__th-minus-none,944,image,IDV,-0.1831892755310732,-0.22895326463278487,-0.13754706866020247,944,373,254,183,134,810,0.1469135802469136,0.8580508474576272,944,322,352,153,117,827,-0.036275695284159616,0.8760593220338984,"('image', 'cue', 'en_us', 'none', 'th', 'main')",18,2.9898350556174136,-0.25245738740691964,-0.11392116365522675
mai26flash,cue,en_us,none,th,mai26flash__cue__en_us__th-minus-none,944,image,MAS,-0.056841109147070856,-0.09101241835078171,-0.022376170236809226,944,135,406,348,55,889,-0.3048368953880765,0.9417372881355932,944,120,439,323,62,882,-0.36167800453514737,0.934322033898305,"('image', 'cue', 'en_us', 'none', 'th', 'main')",18,2.9898350556174136,-0.10838834722475602,-0.005293871069385697
mai26flash,cue,en_us,none,th,mai26flash__cue__en_us__th-minus-none,944,image,UAI,0.17785389253035006,0.07894388685367211,0.2712296471364033,944,136,215,43,550,394,-0.20050761421319796,0.4173728813559322,944,138,145,26,635,309,-0.022653721682847898,0.3273305084745763,"('image', 'cue', 'en_us', 'none', 'th', 'main')",18,2.9898350556174136,0.03135719871428247,0.32435058634641767
mai26flash,cue,en_us,none,th,mai26flash__cue__en_us__th-minus-none,944,image,LTO,-0.050834468664850085,-0.09628800114660184,-0.006675916368132518,944,557,38,139,210,734,0.7070844686648501,0.777542372881356,944,548,65,123,208,736,0.65625,0.7796610169491526,"('image', 'cue', 'en_us', 'none', 'th', 'main')",18,2.9898350556174136,-0.1198653101732115,0.018196372843511333
mai26flash,cue,en_us,none,th,mai26flash__cue__en_us__th-minus-none,944,image,IVR,-0.017955130165698163,-0.08780987564528057,0.05105839705002205,944,264,44,18,618,326,0.6748466257668712,0.3453389830508475,944,270,46,25,603,341,0.656891495601173,0.361228813559322,"('image', 'cue', 'en_us', 'none', 'th', 'main')",18,2.9898350556174136,-0.12511848712795362,0.0892082267965573
mai26flash,cue,en_us,none,in,mai26flash__cue__en_us__in-minus-none,951,scenario,PDI,0.04121964991530214,-0.02251155186194287,0.11136572995081294,951,4,157,0,790,161,-0.9503105590062112,0.16929547844374343,951,7,147,0,797,154,-0.9090909090909091,0.1619348054679285,"('scenario', 'cue', 'en_us', 'none', 'in', 'main')",18,3.0362276836274438,-0.061117611718464915,0.1435569115490692
mai26flash,cue,en_us,none,in,mai26flash__cue__en_us__in-minus-none,951,scenario,IDV,-0.023516640243475384,-0.07890695431093064,0.03263469088298645,951,320,234,13,384,567,0.15167548500881833,0.5962145110410094,951,307,236,11,397,554,0.12815884476534295,0.5825446898002103,"('scenario', 'cue', 'en_us', 'none', 'in', 'main')",18,3.0362276836274438,-0.10929842683312645,0.06226514634617568
mai26flash,cue,en_us,none,in,mai26flash__cue__en_us__in-minus-none,951,scenario,MAS,0.142803336023675,0.07143487252479991,0.21371846566891023,951,90,305,18,538,413,-0.5205811138014528,0.434279705573081,951,117,270,18,546,405,-0.37777777777777777,0.42586750788643535,"('scenario', 'cue', 'en_us', 'none', 'in', 'main')",18,3.0362276836274438,0.03267399529860994,0.2529326767487401
mai26flash,cue,en_us,none,in,mai26flash__cue__en_us__in-minus-none,951,scenario,UAI,0.11575539038928548,-0.059416831248628475,0.29222521284764785,951,42,84,1,824,127,-0.33070866141732286,0.13354363827549948,951,42,65,0,844,107,-0.21495327102803738,0.11251314405888538,"('scenario', 'cue', 'en_us', 'none', 'in', 'main')",18,3.0362276836274438,-0.15662629947158133,0.38813708025015226
mai26flash,cue,en_us,none,in,mai26flash__cue__en_us__in-minus-none,951,scenario,LTO,-0.023001646241082807,-0.09459258148522802,0.045456877614275755,951,245,31,8,667,284,0.7535211267605634,0.29863301787592006,951,264,39,5,643,308,0.7305194805194806,0.323869610935857,"('scenario', 'cue', 'en_us', 'none', 'in', 'main')",18,3.0362276836274438,-0.1310676435107631,0.08506435102859751
mai26flash,cue,en_us,none,in,mai26flash__cue__en_us__in-minus-none,951,scenario,IVR,-0.037883832778394466,-0.11807700340148299,0.04203286583519924,951,140,18,1,792,159,0.7672955974842768,0.167192429022082,951,147,23,0,781,170,0.7294117647058823,0.17875920084121977,"('scenario', 'cue', 'en_us', 'none', 'in', 'main')",18,3.0362276836274438,-0.16103991682018132,0.0852722512633924
mai26flash,cue,en_us,none,in,mai26flash__cue__en_us__in-minus-none,951,image,PDI,0.09294518294924636,0.037990244802035,0.1496874749649019,951,7,305,9,630,321,-0.9283489096573209,0.33753943217665616,951,22,291,9,629,322,-0.8354037267080745,0.33859095688748686,"('image', 'cue', 'en_us', 'none', 'in', 'main')",18,2.960709143208547,0.008425511084697468,0.17746485481379526
mai26flash,cue,en_us,none,in,mai26flash__cue__en_us__in-minus-none,951,image,IDV,-0.1547201089369764,-0.1978306735422309,-0.11162628106578205,951,376,253,185,137,814,0.1511056511056511,0.8559411146161935,951,315,318,197,121,830,-0.0036144578313253013,0.8727655099894848,"('image', 'cue', 'en_us', 'none', 'in', 'main')",18,2.960709143208547,-0.22023987623053976,-0.08920034164341305
mai26flash,cue,en_us,none,in,mai26flash__cue__en_us__in-minus-none,951,image,MAS,0.04898732951455875,0.012071940237912715,0.08501542021533573,951,135,408,351,57,894,-0.3053691275167785,0.9400630914826499,951,154,385,362,50,901,-0.2563817980022198,0.9474237644584648,"('image', 'cue', 'en_us', 'none', 'in', 'main')",18,2.960709143208547,-0.0060841930493935464,0.10405885207851105
mai26flash,cue,en_us,none,in,mai26flash__cue__en_us__in-minus-none,951,image,UAI,0.09117816091954024,-0.0046412507933000936,0.18365967614687195,951,138,217,45,551,400,-0.1975,0.4206098843322818,951,134,171,43,603,348,-0.10632183908045977,0.3659305993690852,"('image', 'cue', 'en_us', 'none', 'in', 'main')",18,2.960709143208547,-0.05016105651608756,0.23251737835516806
mai26flash,cue,en_us,none,in,mai26flash__cue__en_us__in-minus-none,951,image,LTO,-0.006760949206244482,-0.05098054818105247,0.03777812650294698,951,563,38,138,212,739,0.7104194857916103,0.7770767613038907,951,632,55,133,131,820,0.7036585365853658,0.8622502628811777,"('image', 'cue', 'en_us', 'none', 'in', 'main')",18,2.960709143208547,-0.07356281882814782,0.06004092041565885
mai26flash,cue,en_us,none,in,mai26flash__cue__en_us__in-minus-none,951,image,IVR,-0.08710969881182651,-0.165664061425032,-0.013062955470964487,951,266,44,19,622,329,0.6747720364741642,0.3459516298633018,951,231,50,27,643,308,0.5876623376623377,0.323869610935857,"('image', 'cue', 'en_us', 'none', 'in', 'main')",18,2.960709143208547,-0.2026746421843857,0.028455244560732687
mai26flash,cue,en_us,us,cn,mai26flash__cue__en_us__cn-minus-us,949,scenario,PDI,0.1453521126760564,0.04816871449324063,0.24423504167118654,949,6,144,0,799,150,-0.92,0.15806111696522657,949,16,126,0,807,142,-0.7746478873239436,0.14963119072708114,"('scenario', 'cue', 'en_us', 'us', 'cn', 'main')",36,3.218597707435744,-0.013403195557776859,0.3041074209098897
mai26flash,cue,en_us,us,cn,mai26flash__cue__en_us__cn-minus-us,949,scenario,IDV,-0.0680879241100347,-0.13225290487006908,-0.005513200461128972,949,332,200,15,402,547,0.2413162705667276,0.5763962065331928,949,293,205,10,441,508,0.1732283464566929,0.5353003161222339,"('scenario', 'cue', 'en_us', 'us', 'cn', 'main')",36,3.218597707435744,-0.1728333973378518,0.036657549117782406
mai26flash,cue,en_us,us,cn,mai26flash__cue__en_us__cn-minus-us,949,scenario,MAS,0.05572406803994567,-0.01846143892339544,0.13056121451814243,949,100,270,13,566,383,-0.44386422976501305,0.4035827186512118,949,106,250,15,578,371,-0.3881401617250674,0.3909378292939937,"('scenario', 'cue', 'en_us', 'us', 'cn', 'main')",36,3.218597707435744,-0.06655032376982296,0.1779984598497143
mai26flash,cue,en_us,us,cn,mai26flash__cue__en_us__cn-minus-us,949,scenario,UAI,0.012413793103448284,-0.14664095371669003,0.17357375206703565,949,48,68,0,833,116,-0.1724137931034483,0.12223393045310854,949,42,58,0,849,100,-0.16,0.1053740779768177,"('scenario', 'cue', 'en_us', 'us', 'cn', 'main')",36,3.218597707435744,-0.25385580610932634,0.27868339231622297
mai26flash,cue,en_us,us,cn,mai26flash__cue__en_us__cn-minus-us,949,scenario,LTO,-0.02982287665386263,-0.10920161624965008,0.047878567017156454,949,226,35,3,685,264,0.7234848484848485,0.2781875658587987,949,237,40,7,665,284,0.6936619718309859,0.2992623814541623,"('scenario', 'cue', 'en_us', 'us', 'cn', 'main')",36,3.218597707435744,-0.1585358252870128,0.09889007197928754
mai26flash,cue,en_us,us,cn,mai26flash__cue__en_us__cn-minus-us,949,scenario,IVR,0.07517800333282842,-0.012770297612478323,0.1640928827401864,949,139,24,1,785,164,0.7012195121951219,0.17281348788198103,949,143,18,0,788,161,0.7763975155279503,0.1696522655426765,"('scenario', 'cue', 'en_us', 'us', 'cn', 'main')",36,3.218597707435744,-0.06895432297390353,0.21931032963956038
mai26flash,cue,en_us,us,cn,mai26flash__cue__en_us__cn-minus-us,949,image,PDI,0.20773809523809528,0.13660619360990794,0.2839029548136404,949,13,318,5,613,336,-0.9077380952380952,0.3540569020021075,949,31,213,16,689,260,-0.7,0.273972602739726,"('image', 'cue', 'en_us', 'us', 'cn', 'main')",36,3.1913567596991164,0.0880512721096173,0.3274249183665733
mai26flash,cue,en_us,us,cn,mai26flash__cue__en_us__cn-minus-us,949,image,IDV,-0.038307909196067094,-0.08832974583201321,0.009055844236756814,949,335,300,197,117,832,0.042067307692307696,0.8767123287671232,949,325,322,151,151,798,0.0037593984962406013,0.8408851422550052,"('image', 'cue', 'en_us', 'us', 'cn', 'main')",36,3.1913567596991164,-0.11762264240049841,0.04100682400836422
mai26flash,cue,en_us,us,cn,mai26flash__cue__en_us__cn-minus-us,949,image,MAS,0.04533660423644853,0.007744740612206311,0.08398233727107955,949,141,393,368,47,902,-0.2793791574279379,0.9504741833508957,949,200,409,284,56,893,-0.23404255319148937,0.9409905163329821,"('image', 'cue', 'en_us', 'us', 'cn', 'main')",36,3.1913567596991164,-0.016437561202247625,0.10711076967514468
mai26flash,cue,en_us,us,cn,mai26flash__cue__en_us__cn-minus-us,949,image,UAI,0.1899833718015536,0.09007150056211975,0.29429055791296727,949,147,168,48,586,363,-0.05785123966942149,0.38250790305584825,949,171,127,35,616,333,0.13213213213213212,0.35089567966280294,"('image', 'cue', 'en_us', 'us', 'cn', 'main')",36,3.1913567596991164,0.02240565445344117,0.35756108914966606
mai26flash,cue,en_us,us,cn,mai26flash__cue__en_us__cn-minus-us,949,image,LTO,-0.06216196424274756,-0.11033650855252325,-0.014547420778070553,949,565,46,130,208,741,0.7004048582995951,0.7808219178082192,949,560,66,148,175,774,0.6382428940568475,0.815595363540569,"('image', 'cue', 'en_us', 'us', 'cn', 'main')",36,3.1913567596991164,-0.13907770066650332,0.014753772181008193
mai26flash,cue,en_us,us,cn,mai26flash__cue__en_us__cn-minus-us,949,image,IVR,-0.08219506350347472,-0.16621424164577547,0.0004527504654862751,949,243,52,26,628,321,0.5950155763239875,0.3382507903055848,949,255,75,21,598,351,0.5128205128205128,0.3698630136986301,"('image', 'cue', 'en_us', 'us', 'cn', 'main')",36,3.1913567596991164,-0.21735315866628988,0.05296303165934044
mai26flash,cue,en_us,us,th,mai26flash__cue__en_us__th-minus-us,944,scenario,PDI,0.05888888888888888,-0.011289392735837034,0.13430144872209823,944,6,144,0,794,150,-0.92,0.15889830508474576,944,10,134,0,800,144,-0.8611111111111112,0.15254237288135594,"('scenario', 'cue', 'en_us', 'us', 'th', 'main')",18,3.019701387714784,-0.054269780781141586,0.17204755855891934
mai26flash,cue,en_us,us,th,mai26flash__cue__en_us__th-minus-us,944,scenario,IDV,-0.16745250360031017,-0.2243370416253755,-0.11114925260819929,944,329,200,15,400,544,0.23713235294117646,0.576271186440678,944,278,241,12,413,531,0.0696798493408663,0.5625,"('scenario', 'cue', 'en_us', 'us', 'th', 'main')",18,3.019701387714784,-0.256135203814846,-0.07876980338577431
mai26flash,cue,en_us,us,th,mai26flash__cue__en_us__th-minus-us,944,scenario,MAS,-0.06305120810818382,-0.13207768949103818,0.006202645867609575,944,99,270,13,562,382,-0.4476439790575916,0.4046610169491525,944,83,274,17,570,374,-0.5106951871657754,0.3961864406779661,"('scenario', 'cue', 'en_us', 'us', 'th', 'main')",18,3.019701387714784,-0.16836540531189692,0.042262989095529294
mai26flash,cue,en_us,us,th,mai26flash__cue__en_us__th-minus-us,944,scenario,UAI,-0.1818772856562373,-0.35467868451106843,-0.014008535437106968,944,47,68,0,829,115,-0.1826086956521739,0.12182203389830508,944,34,73,0,837,107,-0.3644859813084112,0.11334745762711865,"('scenario', 'cue', 'en_us', 'us', 'th', 'main')",18,3.019701387714784,-0.4441580974715094,0.08040352615903484
mai26flash,cue,en_us,us,th,mai26flash__cue__en_us__th-minus-us,944,scenario,LTO,-0.006069823712409272,-0.09232915291710413,0.07866827179846993,944,225,35,3,681,263,0.7224334600760456,0.2786016949152542,944,234,37,4,669,275,0.7163636363636363,0.2913135593220339,"('scenario', 'cue', 'en_us', 'us', 'th', 'main')",18,3.019701387714784,-0.1376331135172255,0.12549346609240697
mai26flash,cue,en_us,us,th,mai26flash__cue__en_us__th-minus-us,944,scenario,IVR,0.02659113869245211,-0.06131581317983895,0.11566043837082074,944,139,24,1,780,164,0.7012195121951219,0.17372881355932204,944,145,22,2,775,169,0.727810650887574,0.17902542372881355,"('scenario', 'cue', 'en_us', 'us', 'th', 'main')",18,3.019701387714784,-0.11042082461667133,0.16360310200157555
mai26flash,cue,en_us,us,th,mai26flash__cue__en_us__th-minus-us,944,image,PDI,0.10421938749160764,0.056188752955165344,0.15746873364397815,944,13,318,4,609,335,-0.9104477611940298,0.3548728813559322,944,23,256,10,655,289,-0.8062283737024222,0.3061440677966102,"('image', 'cue', 'en_us', 'us', 'th', 'main')",18,3.0066391178318512,0.02657271359317738,0.18186606139003791
mai26flash,cue,en_us,us,th,mai26flash__cue__en_us__th-minus-us,944,image,IDV,-0.07864272099920656,-0.12523575880665277,-0.03145154133270281,944,332,298,197,117,827,0.041112454655380895,0.8760593220338984,944,321,352,153,118,826,-0.03753026634382567,0.875,"('image', 'cue', 'en_us', 'us', 'th', 'main')",18,3.0066391178318512,-0.15020271920948225,-0.007082722788930865
mai26flash,cue,en_us,us,th,mai26flash__cue__en_us__th-minus-us,944,image,MAS,-0.0809367902173927,-0.1161968798604472,-0.044718976031650835,944,141,392,366,45,899,-0.27919911012235815,0.9523305084745762,944,120,438,325,61,883,-0.36013590033975085,0.9353813559322034,"('image', 'cue', 'en_us', 'us', 'th', 'main')",18,3.0066391178318512,-0.136233704117264,-0.02563987631752141
mai26flash,cue,en_us,us,th,mai26flash__cue__en_us__th-minus-us,944,image,UAI,0.04129296118246394,-0.053928872117474616,0.136111395838563,944,147,169,46,582,362,-0.06077348066298342,0.3834745762711864,944,138,144,26,636,308,-0.01948051948051948,0.326271186440678,"('image', 'cue', 'en_us', 'us', 'th', 'main')",18,3.0066391178318512,-0.10624334628418525,0.18882926864911315
mai26flash,cue,en_us,us,th,mai26flash__cue__en_us__th-minus-us,944,image,LTO,-0.03804347826086962,-0.08269018579103948,0.007506066528238577,944,560,46,130,208,736,0.6983695652173914,0.7796610169491526,944,550,64,122,208,736,0.6603260869565217,0.7796610169491526,"('image', 'cue', 'en_us', 'us', 'th', 'main')",18,3.0066391178318512,-0.10665861967565143,0.030571663153912187
mai26flash,cue,en_us,us,th,mai26flash__cue__en_us__th-minus-us,944,image,IVR,0.06001649560117295,-0.010522008599714345,0.13102635201092377,944,243,52,25,624,320,0.596875,0.3389830508474576,944,270,46,25,603,341,0.656891495601173,0.361228813559322,"('image', 'cue', 'en_us', 'us', 'th', 'main')",18,3.0066391178318512,-0.04827124968057937,0.16830424088292528
mai26flash,cue,en_us,us,in,mai26flash__cue__en_us__in-minus-us,950,scenario,PDI,0.011961722488038284,-0.05241479130137599,0.0788883041700626,950,6,146,0,798,152,-0.9210526315789473,0.16,950,7,147,0,796,154,-0.9090909090909091,0.16210526315789472,"('scenario', 'cue', 'en_us', 'us', 'in', 'main')",18,3.007235054535424,-0.08872010685562957,0.11264355183170614
mai26flash,cue,en_us,us,in,mai26flash__cue__en_us__in-minus-us,950,scenario,IDV,-0.11111735555768601,-0.1646232013508657,-0.055205248548617206,950,332,200,15,403,547,0.2413162705667276,0.5757894736842105,950,307,235,11,397,553,0.1301989150090416,0.5821052631578948,"('scenario', 'cue', 'en_us', 'us', 'in', 'main')",18,3.007235054535424,-0.19591131586787852,-0.026323395247493497
mai26flash,cue,en_us,us,in,mai26flash__cue__en_us__in-minus-us,950,scenario,MAS,0.06556512794136554,-0.005011873946119227,0.13253121330564685,950,100,272,13,565,385,-0.44675324675324674,0.4052631578947368,950,116,270,18,546,404,-0.3811881188118812,0.42526315789473684,"('scenario', 'cue', 'en_us', 'us', 'in', 'main')",18,3.007235054535424,-0.0386950989337243,0.1698253548164554
mai26flash,cue,en_us,us,in,mai26flash__cue__en_us__in-minus-us,950,scenario,UAI,-0.04253947792458909,-0.21744567422027147,0.12653126635269488,950,48,68,0,834,116,-0.1724137931034483,0.12210526315789473,950,42,65,0,843,107,-0.21495327102803738,0.11263157894736842,"('scenario', 'cue', 'en_us', 'us', 'in', 'main')",18,3.007235054535424,-0.30720859157963587,0.22212963573045766
mai26flash,cue,en_us,us,in,mai26flash__cue__en_us__in-minus-us,950,scenario,LTO,0.0014342453662842258,-0.07423886461328157,0.07543169095737051,950,226,35,3,686,264,0.7234848484848485,0.27789473684210525,950,264,40,5,641,309,0.7249190938511327,0.32526315789473687,"('scenario', 'cue', 'en_us', 'us', 'in', 'main')",18,3.007235054535424,-0.11361451255026518,0.11648300328283363
mai26flash,cue,en_us,us,in,mai26flash__cue__en_us__in-minus-us,950,scenario,IVR,0.02638146167557931,-0.04491519341979187,0.10133271907385516,950,140,24,1,785,165,0.703030303030303,0.1736842105263158,950,147,23,0,780,170,0.7294117647058823,0.17894736842105263,"('scenario', 'cue', 'en_us', 'us', 'in', 'main')",18,3.007235054535424,-0.08508490934792379,0.1378478326990824
mai26flash,cue,en_us,us,in,mai26flash__cue__en_us__in-minus-us,950,image,PDI,0.06716252834153624,0.015178282725149686,0.11974506828683357,950,13,320,5,612,338,-0.908284023668639,0.35578947368421054,950,21,291,9,629,321,-0.8411214953271028,0.33789473684210525,"('image', 'cue', 'en_us', 'us', 'in', 'main')",18,2.9632728489948517,-0.01183164570378617,0.14615670238685866
mai26flash,cue,en_us,us,in,mai26flash__cue__en_us__in-minus-us,950,image,IDV,-0.04688804862206551,-0.09242182862834372,-0.00051080391761496,950,335,299,198,118,832,0.04326923076923077,0.8757894736842106,950,315,318,196,121,829,-0.0036188178528347406,0.8726315789473684,"('image', 'cue', 'en_us', 'us', 'in', 'main')",18,2.9632728489948517,-0.11707682800199175,0.023300730757860724
mai26flash,cue,en_us,us,in,mai26flash__cue__en_us__in-minus-us,950,image,MAS,0.026847545219638225,-0.009530026367217828,0.06324014207479707,950,141,393,369,47,903,-0.27906976744186046,0.9505263157894737,950,155,382,363,50,900,-0.25222222222222224,0.9473684210526315,"('image', 'cue', 'en_us', 'us', 'in', 'main')",18,2.9632728489948517,-0.02767458572068711,0.08136967615996356
mai26flash,cue,en_us,us,in,mai26flash__cue__en_us__in-minus-us,950,image,UAI,-0.04621254946297343,-0.14135902251255453,0.05214473660517244,950,148,170,48,584,366,-0.060109289617486336,0.38526315789473686,950,134,171,43,602,348,-0.10632183908045977,0.3663157894736842,"('image', 'cue', 'en_us', 'us', 'in', 'main')",18,2.9632728489948517,-0.1923916803575085,0.09996658143156165
mai26flash,cue,en_us,us,in,mai26flash__cue__en_us__in-minus-us,950,image,LTO,0.005646916684997283,-0.03918813995861173,0.05218604701816273,950,566,46,130,208,742,0.7008086253369272,0.7810526315789473,950,634,54,133,129,821,0.7064555420219245,0.8642105263157894,"('image', 'cue', 'en_us', 'us', 'in', 'main')",18,2.9632728489948517,-0.06246858100760225,0.07376241437759681
mai26flash,cue,en_us,us,in,mai26flash__cue__en_us__in-minus-us,950,image,IVR,-0.00861095426312819,-0.08593969921615811,0.07135381053656208,950,244,52,26,628,322,0.5962732919254659,0.3389473684210526,950,231,50,27,642,308,0.5876623376623377,0.32421052631578945,"('image', 'cue', 'en_us', 'us', 'in', 'main')",18,2.9632728489948517,-0.1276426317124058,0.11042072318614944
mai26flash,cue,en_us,cn,th,mai26flash__cue__en_us__th-minus-cn,943,scenario,PDI,-0.09859154929577463,-0.20643542162699072,0.003744736381685894,943,17,125,0,801,142,-0.7605633802816901,0.15058324496288442,943,10,132,0,801,142,-0.8591549295774648,0.15058324496288442,"('scenario', 'cue', 'en_us', 'cn', 'th', 'main')",18,2.9975142916337587,-0.26138565335607744,0.06420255476452816
mai26flash,cue,en_us,cn,th,mai26flash__cue__en_us__th-minus-cn,943,scenario,IDV,-0.1006476587508375,-0.1631223855946798,-0.041454474548930205,943,290,205,10,438,505,0.16831683168316833,0.5355249204665959,943,278,242,12,411,532,0.06766917293233082,0.5641569459172853,"('scenario', 'cue', 'en_us', 'cn', 'th', 'main')",18,2.9975142916337587,-0.19436268367766182,-0.006932633824013185
mai26flash,cue,en_us,cn,th,mai26flash__cue__en_us__th-minus-cn,943,scenario,MAS,-0.11753496123469315,-0.18783354179695638,-0.04849911251188855,943,106,249,15,573,370,-0.3864864864864865,0.39236479321314954,943,84,272,17,570,373,-0.5040214477211796,0.3955461293743372,"('scenario', 'cue', 'en_us', 'cn', 'th', 'main')",18,2.9975142916337587,-0.22525948807115334,-0.009810434398232953
mai26flash,cue,en_us,cn,th,mai26flash__cue__en_us__th-minus-cn,943,scenario,UAI,-0.21885521885521883,-0.40001045688545683,-0.04824232488706176,943,42,57,0,844,99,-0.15151515151515152,0.10498409331919406,943,34,74,0,835,108,-0.37037037037037035,0.11452810180275716,"('scenario', 'cue', 'en_us', 'cn', 'th', 'main')",18,2.9975142916337587,-0.4843085689569179,0.046598131246480184
mai26flash,cue,en_us,cn,th,mai26flash__cue__en_us__th-minus-cn,943,scenario,LTO,0.023839105451156972,-0.05221480158095953,0.09529270365755581,943,235,40,7,661,282,0.6914893617021277,0.2990455991516437,943,233,37,4,669,274,0.7153284671532847,0.29056203605514314,"('scenario', 'cue', 'en_us', 'cn', 'th', 'main')",18,2.9975142916337587,-0.089441319168913,0.13711953007122696
mai26flash,cue,en_us,cn,th,mai26flash__cue__en_us__th-minus-cn,943,scenario,IVR,-0.04880952380952386,-0.1345080842486172,0.041215755787537986,943,142,18,0,783,160,0.775,0.16967126193001061,943,144,22,2,775,168,0.7261904761904762,0.17815482502651114,"('scenario', 'cue', 'en_us', 'cn', 'th', 'main')",18,2.9975142916337587,-0.18544880176541612,0.0878297541463684
mai26flash,cue,en_us,cn,th,mai26flash__cue__en_us__th-minus-cn,943,image,PDI,-0.1048780487804879,-0.18052212467027,-0.0321795397500286,943,31,213,16,683,260,-0.7,0.2757158006362672,943,23,254,10,656,287,-0.8048780487804879,0.30434782608695654,"('image', 'cue', 'en_us', 'cn', 'th', 'main')",18,2.9954483914379084,-0.21941101712832548,0.009654919567349679
mai26flash,cue,en_us,cn,th,mai26flash__cue__en_us__th-minus-cn,943,image,IDV,-0.0387409200968523,-0.087773360885689,0.009884868881580591,943,322,322,152,147,796,0.0,0.8441145281018028,943,321,353,152,117,826,-0.0387409200968523,0.8759278897136797,"('image', 'cue', 'en_us', 'cn', 'th', 'main')",18,2.9954483914379084,-0.11278621270016741,0.0353043725064628
mai26flash,cue,en_us,cn,th,mai26flash__cue__en_us__th-minus-cn,943,image,MAS,-0.12020290880212053,-0.15706641595999304,-0.08434487729616237,943,197,408,284,54,889,-0.2373453318335208,0.9427359490986215,943,121,436,324,62,881,-0.35754824063564133,0.9342523860021209,"('image', 'cue', 'en_us', 'cn', 'th', 'main')",18,2.9954483914379084,-0.17681381900827858,-0.0635919985959625
mai26flash,cue,en_us,cn,th,mai26flash__cue__en_us__th-minus-cn,943,image,UAI,-0.14600240902000278,-0.2477355404500829,-0.04801743490869462,943,170,126,35,612,331,0.13293051359516617,0.35100742311770944,943,138,142,26,637,306,-0.013071895424836602,0.3244962884411453,"('image', 'cue', 'en_us', 'cn', 'th', 'main')",18,2.9954483914379084,-0.298353308301558,0.006348490261552431
mai26flash,cue,en_us,cn,th,mai26flash__cue__en_us__th-minus-cn,943,image,LTO,0.02413510151142173,-0.023374667679565423,0.07331198713548165,943,555,68,148,172,771,0.6316472114137484,0.8176033934252386,943,547,65,123,208,735,0.6557823129251701,0.7794273594909862,"('image', 'cue', 'en_us', 'cn', 'th', 'main')",18,2.9954483914379084,-0.05025208873067552,0.09852229175351898
mai26flash,cue,en_us,cn,th,mai26flash__cue__en_us__th-minus-cn,943,image,IVR,0.14438810006761327,0.07017285654099135,0.22303079038704662,943,253,75,20,595,348,0.5114942528735632,0.36903499469777307,943,269,46,25,603,340,0.6558823529411765,0.3605514316012725,"('image', 'cue', 'en_us', 'cn', 'th', 'main')",18,2.9954483914379084,0.025679807631233828,0.2630963925039927
mai26flash,cue,en_us,cn,in,mai26flash__cue__en_us__in-minus-cn,949,scenario,PDI,-0.14565697460434313,-0.2442753875938725,-0.05181831353230955,949,17,126,0,806,143,-0.7622377622377622,0.1506849315068493,949,7,145,0,797,152,-0.9078947368421053,0.1601685985247629,"('scenario', 'cue', 'en_us', 'cn', 'in', 'main')",18,3.016161930206425,-0.2946398555618088,0.003325906353122604
mai26flash,cue,en_us,cn,in,mai26flash__cue__en_us__in-minus-cn,949,scenario,IDV,-0.04302943144765131,-0.1010781457749358,0.015769750562537706,949,293,205,10,441,508,0.1732283464566929,0.5353003161222339,949,307,235,11,396,553,0.1301989150090416,0.5827186512118019,"('scenario', 'cue', 'en_us', 'cn', 'in', 'main')",18,3.016161930206425,-0.13235710506374104,0.04629824216843842
mai26flash,cue,en_us,cn,in,mai26flash__cue__en_us__in-minus-cn,949,scenario,MAS,0.011369154930514436,-0.06320537576935048,0.08655192538226006,949,107,251,15,576,373,-0.38605898123324395,0.39304531085353,949,117,268,18,546,403,-0.3746898263027295,0.4246575342465753,"('scenario', 'cue', 'en_us', 'cn', 'in', 'main')",18,3.016161930206425,-0.10295084894275226,0.12568915880378112
mai26flash,cue,en_us,cn,in,mai26flash__cue__en_us__in-minus-cn,949,scenario,UAI,-0.055188852218555184,-0.2198518970629917,0.10446681895445896,949,43,58,0,848,101,-0.1485148514851485,0.10642781875658588,949,43,65,0,841,108,-0.2037037037037037,0.11380400421496312,"('scenario', 'cue', 'en_us', 'cn', 'in', 'main')",18,3.016161930206425,-0.3078621653686092,0.19748446093149885
mai26flash,cue,en_us,cn,in,mai26flash__cue__en_us__in-minus-cn,949,scenario,LTO,0.031446468725620624,-0.0385623904085998,0.10168737556779112,949,236,40,7,666,283,0.6925795053003534,0.2982086406743941,949,263,40,5,641,308,0.724025974025974,0.3245521601685985,"('scenario', 'cue', 'en_us', 'cn', 'in', 'main')",18,3.016161930206425,-0.07540079059634822,0.13829372804758946
mai26flash,cue,en_us,cn,in,mai26flash__cue__en_us__in-minus-cn,949,scenario,IVR,-0.048586864640376315,-0.1304534971883491,0.030943120007067424,949,143,18,0,788,161,0.7763975155279503,0.1696522655426765,949,146,23,0,780,169,0.727810650887574,0.1780821917808219,"('scenario', 'cue', 'en_us', 'cn', 'in', 'main')",18,3.016161930206425,-0.17163104733965012,0.07445731805889749
mai26flash,cue,en_us,cn,in,mai26flash__cue__en_us__in-minus-cn,949,image,PDI,-0.14284351145038165,-0.21503293391035663,-0.0716082174049456,949,32,214,16,687,262,-0.6946564885496184,0.2760800842992624,949,22,290,8,629,320,-0.8375,0.33719704952581664,"('image', 'cue', 'en_us', 'cn', 'in', 'main')",18,2.9946620652274545,-0.2529285465493594,-0.03275847635140389
mai26flash,cue,en_us,cn,in,mai26flash__cue__en_us__in-minus-cn,949,image,IDV,-0.008534491999196824,-0.0556516084345795,0.03921264154416345,949,325,323,151,150,799,0.0025031289111389237,0.8419388830347735,949,315,320,194,120,829,-0.006031363088057901,0.8735511064278187,"('image', 'cue', 'en_us', 'cn', 'in', 'main')",18,2.9946620652274545,-0.0811759618899198,0.06410697789152614
mai26flash,cue,en_us,cn,in,mai26flash__cue__en_us__in-minus-cn,949,image,MAS,-0.01846022767614136,-0.05938256705132578,0.021607400936172055,949,199,408,286,56,893,-0.23404255319148937,0.9409905163329821,949,154,381,364,50,899,-0.2525027808676307,0.9473129610115911,"('image', 'cue', 'en_us', 'cn', 'in', 'main')",18,2.9946620652274545,-0.07993277922925247,0.04301232387696975
mai26flash,cue,en_us,cn,in,mai26flash__cue__en_us__in-minus-cn,949,image,UAI,-0.2361783749066986,-0.3407003477522247,-0.1359591259745927,949,171,127,35,616,333,0.13213213213213212,0.35089567966280294,949,134,170,42,603,346,-0.10404624277456648,0.36459430979978924,"('image', 'cue', 'en_us', 'cn', 'in', 'main')",18,2.9946620652274545,-0.39384714136200627,-0.07850960845139093
mai26flash,cue,en_us,cn,in,mai26flash__cue__en_us__in-minus-cn,949,image,LTO,0.07259278189510754,0.026677345723675385,0.1200070254378313,949,559,68,147,175,774,0.6343669250645995,0.815595363540569,949,633,54,132,130,819,0.706959706959707,0.863013698630137,"('image', 'cue', 'en_us', 'cn', 'in', 'main')",18,2.9946620652274545,0.0005095693831193016,0.14467599440709578
mai26flash,cue,en_us,cn,in,mai26flash__cue__en_us__in-minus-cn,949,image,IVR,0.07489064681247093,-0.006711174539909398,0.15805128627514167,949,254,75,21,599,350,0.5114285714285715,0.36880927291886195,949,230,50,27,642,307,0.5863192182410424,0.32349841938883034,"('image', 'cue', 'en_us', 'cn', 'in', 'main')",18,2.9946620652274545,-0.05093947531926307,0.20072076894420493
mai26flash,cue,en_us,th,in,mai26flash__cue__en_us__in-minus-th,945,scenario,PDI,-0.04678362573099415,-0.10940008682294791,0.009294049661252865,945,10,134,0,801,144,-0.8611111111111112,0.1523809523809524,945,7,145,0,793,152,-0.9078947368421053,0.16084656084656085,"('scenario', 'cue', 'en_us', 'th', 'in', 'main')",18,3.011190180422831,-0.13890637266876563,0.04533912120677733
mai26flash,cue,en_us,th,in,mai26flash__cue__en_us__in-minus-th,945,scenario,IDV,0.055320150659133704,-0.000146376037507464,0.1158982157760736,945,278,241,12,414,531,0.0696798493408663,0.5619047619047619,945,305,236,11,393,552,0.125,0.5841269841269842,"('scenario', 'cue', 'en_us', 'th', 'in', 'main')",18,3.011190180422831,-0.03323408416135126,0.14387438547961867
mai26flash,cue,en_us,th,in,mai26flash__cue__en_us__in-minus-th,945,scenario,MAS,0.13010806317539492,0.05584426799045532,0.20317159989220257,945,84,274,17,570,375,-0.5066666666666667,0.3968253968253968,945,116,267,18,544,401,-0.3765586034912718,0.42433862433862435,"('scenario', 'cue', 'en_us', 'th', 'in', 'main')",18,3.011190180422831,0.0181485445118066,0.24206758183898325
mai26flash,cue,en_us,th,in,mai26flash__cue__en_us__in-minus-th,945,scenario,UAI,0.14284489410957732,-0.030651267389945145,0.3186199214198952,945,35,74,0,836,109,-0.3577981651376147,0.11534391534391535,945,42,65,0,838,107,-0.21495327102803738,0.11322751322751323,"('scenario', 'cue', 'en_us', 'th', 'in', 'main')",18,3.011190180422831,-0.12247034983018526,0.4081601380493399
mai26flash,cue,en_us,th,in,mai26flash__cue__en_us__in-minus-th,945,scenario,LTO,0.0077985686773341945,-0.06063901261124936,0.07739437905830518,945,233,37,4,671,274,0.7153284671532847,0.28994708994708995,945,262,40,5,638,307,0.7231270358306189,0.32486772486772486,"('scenario', 'cue', 'en_us', 'th', 'in', 'main')",18,3.011190180422831,-0.09727255887180292,0.1128696962264713
mai26flash,cue,en_us,th,in,mai26flash__cue__en_us__in-minus-th,945,scenario,IVR,0.0,-0.08772172143064838,0.08725635225343396,945,145,22,2,776,169,0.727810650887574,0.17883597883597885,945,146,23,0,776,169,0.727810650887574,0.17883597883597885,"('scenario', 'cue', 'en_us', 'th', 'in', 'main')",18,3.011190180422831,-0.13419807278760712,0.13419807278760712
mai26flash,cue,en_us,th,in,mai26flash__cue__en_us__in-minus-th,945,image,PDI,-0.02933541017653163,-0.08854376297183532,0.02791016208076183,945,23,255,10,657,288,-0.8055555555555556,0.3047619047619048,945,22,290,9,624,321,-0.8348909657320872,0.3396825396825397,"('image', 'cue', 'en_us', 'th', 'in', 'main')",18,2.9807430790975853,-0.11899626196591823,0.06032544161285497
mai26flash,cue,en_us,th,in,mai26flash__cue__en_us__in-minus-th,945,image,IDV,0.031424279066358876,-0.014693014286334143,0.07814275415875338,945,321,352,154,118,827,-0.037484885126964934,0.8751322751322751,945,313,318,194,120,825,-0.006060606060606061,0.873015873015873,"('image', 'cue', 'en_us', 'th', 'in', 'main')",18,2.9807430790975853,-0.039819862313005036,0.10266842044572279
mai26flash,cue,en_us,th,in,mai26flash__cue__en_us__in-minus-th,945,image,MAS,0.10369029267054775,0.06816320928471094,0.1404620320176536,945,121,437,325,62,883,-0.3578708946772367,0.9343915343915344,945,154,382,361,48,897,-0.25418060200668896,0.9492063492063492,"('image', 'cue', 'en_us', 'th', 'in', 'main')",18,2.9807430790975853,0.04823807803798909,0.15914250730310642
mai26flash,cue,en_us,th,in,mai26flash__cue__en_us__in-minus-th,945,image,UAI,-0.08526804558885606,-0.1856350100909268,0.017098957713318097,945,139,144,26,636,309,-0.016181229773462782,0.326984126984127,945,134,169,42,600,345,-0.10144927536231885,0.36507936507936506,"('image', 'cue', 'en_us', 'th', 'in', 'main')",18,2.9807430790975853,-0.23940838722498914,0.06887229604727702
mai26flash,cue,en_us,th,in,mai26flash__cue__en_us__in-minus-th,945,image,LTO,0.04903457312368642,0.00452360475125547,0.09419716290754705,945,550,65,122,208,737,0.6580732700135685,0.7798941798941799,945,631,54,131,129,816,0.7071078431372549,0.8634920634920635,"('image', 'cue', 'en_us', 'th', 'in', 'main')",18,2.9807430790975853,-0.019453879323520495,0.11752302557089334
mai26flash,cue,en_us,th,in,mai26flash__cue__en_us__in-minus-th,945,image,IVR,-0.07227579556412733,-0.14627488226735508,0.0023766360896201504,945,269,46,25,605,340,0.6558823529411765,0.35978835978835977,945,228,50,27,640,305,0.5836065573770491,0.32275132275132273,"('image', 'cue', 'en_us', 'th', 'in', 'main')",18,2.9807430790975853,-0.18583272034401213,0.04128112921575747
mai26flash,cue,zh_cn,none,us,mai26flash__cue__zh_cn__us-minus-none,940,scenario,PDI,0.014303904923599231,-0.042669790702967766,0.0731516852231178,940,4,150,1,785,155,-0.9419354838709677,0.16489361702127658,940,5,146,1,788,152,-0.9276315789473685,0.16170212765957448,"('scenario', 'cue', 'zh_cn', 'none', 'us', 'main')",36,3.2236370477120615,-0.07906941629791589,0.10767722614511435
mai26flash,cue,zh_cn,none,us,mai26flash__cue__zh_cn__us-minus-none,940,scenario,IDV,0.02634641593801204,-0.03469419240275883,0.0850190729968709,940,300,210,22,408,532,0.16917293233082706,0.5659574468085107,940,288,192,11,449,491,0.1955193482688391,0.5223404255319148,"('scenario', 'cue', 'zh_cn', 'none', 'us', 'main')",36,3.2236370477120615,-0.07098222845915562,0.1236750603351797
mai26flash,cue,zh_cn,none,us,mai26flash__cue__zh_cn__us-minus-none,940,scenario,MAS,0.02750849629505825,-0.04940124124476641,0.10440938649507091,940,106,265,15,554,386,-0.4119170984455959,0.4106382978723404,940,105,248,19,568,372,-0.3844086021505376,0.39574468085106385,"('scenario', 'cue', 'zh_cn', 'none', 'us', 'main')",36,3.2236370477120615,-0.09956530845481007,0.15458230104492657
mai26flash,cue,zh_cn,none,us,mai26flash__cue__zh_cn__us-minus-none,940,scenario,UAI,-0.026270702455739592,-0.19775127735834663,0.13616280524749064,940,42,77,0,821,119,-0.29411764705882354,0.12659574468085105,940,35,68,0,837,103,-0.32038834951456313,0.10957446808510639,"('scenario', 'cue', 'zh_cn', 'none', 'us', 'main')",36,3.2236370477120615,-0.29873602074865835,0.24619461583717916
mai26flash,cue,zh_cn,none,us,mai26flash__cue__zh_cn__us-minus-none,940,scenario,LTO,0.042495711835334515,-0.029357137678327004,0.11601250441121315,940,224,29,11,676,264,0.7386363636363636,0.28085106382978725,940,235,28,2,675,265,0.7811320754716982,0.28191489361702127,"('scenario', 'cue', 'zh_cn', 'none', 'us', 'main')",36,3.2236370477120615,-0.07823574250028618,0.16322716617095523
mai26flash,cue,zh_cn,none,us,mai26flash__cue__zh_cn__us-minus-none,940,scenario,IVR,-0.04708337113308536,-0.1481335198053178,0.05614615411381935,940,131,11,4,794,146,0.821917808219178,0.15531914893617021,940,134,17,0,789,151,0.7748344370860927,0.16063829787234044,"('scenario', 'cue', 'zh_cn', 'none', 'us', 'main')",36,3.2236370477120615,-0.21455164243378125,0.12038490016761053
mai26flash,cue,zh_cn,none,us,mai26flash__cue__zh_cn__us-minus-none,940,image,PDI,-0.04858466615892354,-0.10403906480918834,0.004517801297467101,940,13,277,13,637,303,-0.8712871287128713,0.3223404255319149,940,9,296,7,628,312,-0.9198717948717948,0.33191489361702126,"('image', 'cue', 'zh_cn', 'none', 'us', 'main')",36,3.220442828586036,-0.13814693121972432,0.04097759890187726
mai26flash,cue,zh_cn,none,us,mai26flash__cue__zh_cn__us-minus-none,940,image,IDV,-0.042827355504552744,-0.08995859648723005,0.003424888804921803,940,392,252,166,130,810,0.1728395061728395,0.8617021276595744,940,371,264,188,117,823,0.13001215066828675,0.875531914893617,"('image', 'cue', 'zh_cn', 'none', 'us', 'main')",36,3.220442828586036,-0.1193984341101521,0.033743723101046605
mai26flash,cue,zh_cn,none,us,mai26flash__cue__zh_cn__us-minus-none,940,image,MAS,-0.03890346328269578,-0.07753351946365329,-0.0023273747558116677,940,170,378,340,52,888,-0.23423423423423423,0.9446808510638298,940,131,373,382,54,886,-0.27313769751693,0.9425531914893617,"('image', 'cue', 'zh_cn', 'none', 'us', 'main')",36,3.220442828586036,-0.10119957689288789,0.023392650327496323
mai26flash,cue,zh_cn,none,us,mai26flash__cue__zh_cn__us-minus-none,940,image,UAI,-0.10152835670077051,-0.1892843650602271,-0.013351465240370553,940,160,179,51,550,390,-0.04871794871794872,0.4148936170212766,940,144,205,57,534,406,-0.15024630541871922,0.4319148936170213,"('image', 'cue', 'zh_cn', 'none', 'us', 'main')",36,3.220442828586036,-0.2440891008901901,0.04103238748864907
mai26flash,cue,zh_cn,none,us,mai26flash__cue__zh_cn__us-minus-none,940,image,LTO,0.03240007896767716,-0.00925905695044383,0.07464960685003105,940,574,45,136,185,755,0.7006622516556291,0.8031914893617021,940,581,40,117,202,738,0.7330623306233063,0.7851063829787234,"('image', 'cue', 'zh_cn', 'none', 'us', 'main')",36,3.220442828586036,-0.037011687351770434,0.10181184528712475
mai26flash,cue,zh_cn,none,us,mai26flash__cue__zh_cn__us-minus-none,940,image,IVR,-0.029761904761904767,-0.11217960858585853,0.05104639499395417,940,253,51,32,604,336,0.6011904761904762,0.3574468085106383,940,240,52,37,611,329,0.5714285714285714,0.35,"('image', 'cue', 'zh_cn', 'none', 'us', 'main')",36,3.220442828586036,-0.16511562091745857,0.10559181139364904
mai26flash,cue,zh_cn,none,cn,mai26flash__cue__zh_cn__cn-minus-none,942,scenario,PDI,0.14356555394291237,0.05781772842610873,0.23422794642393102,942,4,151,1,786,156,-0.9423076923076923,0.16560509554140126,942,16,143,0,783,159,-0.7987421383647799,0.16878980891719744,"('scenario', 'cue', 'zh_cn', 'none', 'cn', 'main')",36,3.2143322466276536,-0.002348468178118568,0.2894795760639433
mai26flash,cue,zh_cn,none,cn,mai26flash__cue__zh_cn__cn-minus-none,942,scenario,IDV,-0.04395970545442429,-0.10462286428773561,0.01675712489509684,942,304,211,22,405,537,0.17318435754189945,0.5700636942675159,942,280,215,8,439,503,0.12922465208747516,0.5339702760084926,"('scenario', 'cue', 'zh_cn', 'none', 'cn', 'main')",36,3.2143322466276536,-0.14277062684403843,0.05485121593518985
mai26flash,cue,zh_cn,none,cn,mai26flash__cue__zh_cn__cn-minus-none,942,scenario,MAS,0.05142094409446596,-0.02375278038695483,0.1252081416910939,942,107,267,15,553,389,-0.41131105398457585,0.4129511677282378,942,109,240,15,578,364,-0.3598901098901099,0.386411889596603,"('scenario', 'cue', 'zh_cn', 'none', 'cn', 'main')",36,3.2143322466276536,-0.071498861732045,0.17434074992097692
mai26flash,cue,zh_cn,none,cn,mai26flash__cue__zh_cn__cn-minus-none,942,scenario,UAI,0.13238993710691824,-0.04678186078363451,0.31529750942272383,942,43,77,0,822,120,-0.2833333333333333,0.12738853503184713,942,45,61,0,836,106,-0.1509433962264151,0.11252653927813164,"('scenario', 'cue', 'zh_cn', 'none', 'cn', 'main')",36,3.2143322466276536,-0.16373273346592201,0.4285126076797585
mai26flash,cue,zh_cn,none,cn,mai26flash__cue__zh_cn__cn-minus-none,942,scenario,LTO,-0.025361883796944817,-0.09391542913665082,0.04200878541282797,942,223,29,11,679,263,0.7376425855513308,0.2791932059447983,942,239,36,10,657,285,0.712280701754386,0.30254777070063693,"('scenario', 'cue', 'zh_cn', 'none', 'cn', 'main')",36,3.2143322466276536,-0.13683838128767972,0.08611461369379009
mai26flash,cue,zh_cn,none,cn,mai26flash__cue__zh_cn__cn-minus-none,942,scenario,IVR,0.0090975788701394,-0.08760596914822259,0.10416754201680678,942,130,11,4,797,145,0.8206896551724138,0.15392781316348195,942,128,11,2,801,141,0.8297872340425532,0.14968152866242038,"('scenario', 'cue', 'zh_cn', 'none', 'cn', 'main')",36,3.2143322466276536,-0.14932510960012293,0.16752026734040174
mai26flash,cue,zh_cn,none,cn,mai26flash__cue__zh_cn__cn-minus-none,942,image,PDI,0.10443779904306227,0.03988218659125689,0.17297005541474592,942,13,278,13,638,304,-0.8717105263157895,0.3227176220806794,942,29,240,6,667,275,-0.7672727272727272,0.291932059447983,"('image', 'cue', 'zh_cn', 'none', 'cn', 'main')",36,3.209057078060957,-0.004449735668842672,0.2133253337549672
mai26flash,cue,zh_cn,none,cn,mai26flash__cue__zh_cn__cn-minus-none,942,image,IDV,-0.1417235411292166,-0.18702998399158385,-0.09637960902536717,942,396,252,165,129,813,0.17712177121771217,0.8630573248407644,942,329,301,161,151,791,0.035398230088495575,0.8397027600849257,"('image', 'cue', 'zh_cn', 'none', 'cn', 'main')",36,3.209057078060957,-0.2170611745339177,-0.06638590772451547
mai26flash,cue,zh_cn,none,cn,mai26flash__cue__zh_cn__cn-minus-none,942,image,MAS,-0.040696706633643914,-0.0782423846262154,-0.001662682229603171,942,170,377,342,53,889,-0.23284589426321708,0.9437367303609342,942,170,414,308,50,892,-0.273542600896861,0.9469214437367304,"('image', 'cue', 'zh_cn', 'none', 'cn', 'main')",36,3.209057078060957,-0.10329231096518601,0.021898897697898184
mai26flash,cue,zh_cn,none,cn,mai26flash__cue__zh_cn__cn-minus-none,942,image,UAI,0.1537748753474827,0.06192478883963026,0.24890059092364566,942,163,178,52,549,393,-0.03816793893129771,0.4171974522292994,942,168,128,50,596,346,0.11560693641618497,0.3673036093418259,"('image', 'cue', 'zh_cn', 'none', 'cn', 'main')",36,3.209057078060957,-0.0007401172212096185,0.30828986791617496
mai26flash,cue,zh_cn,none,cn,mai26flash__cue__zh_cn__cn-minus-none,942,image,LTO,-0.048720221309053846,-0.09373159696218261,-0.004745103296446815,942,574,45,137,186,756,0.6997354497354498,0.802547770700637,942,572,59,157,154,788,0.6510152284263959,0.8365180467091295,"('image', 'cue', 'zh_cn', 'none', 'cn', 'main')",36,3.209057078060957,-0.12192402639487353,0.024483583776765835
mai26flash,cue,zh_cn,none,cn,mai26flash__cue__zh_cn__cn-minus-none,942,image,IVR,-0.060869565217391286,-0.1410171781791987,0.019300271355455204,942,252,51,32,607,335,0.6,0.35562632696390656,942,251,65,29,597,345,0.5391304347826087,0.3662420382165605,"('image', 'cue', 'zh_cn', 'none', 'cn', 'main')",36,3.209057078060957,-0.189967696121906,0.06822856568712343
mai26flash,cue,zh_cn,us,cn,mai26flash__cue__zh_cn__cn-minus-us,935,scenario,PDI,0.130488322717622,0.05516225870531539,0.21518722663266288,935,5,144,1,785,150,-0.9266666666666666,0.16042780748663102,935,16,141,0,778,157,-0.7961783439490446,0.1679144385026738,"('scenario', 'cue', 'zh_cn', 'us', 'cn', 'main')",36,3.253321337831351,-0.004245636475669418,0.26522228191091346
mai26flash,cue,zh_cn,us,cn,mai26flash__cue__zh_cn__cn-minus-us,935,scenario,IDV,-0.06933214698235576,-0.13437102744139007,-0.0016765635502478241,935,289,191,11,444,491,0.19959266802443992,0.5251336898395722,935,278,213,8,436,499,0.13026052104208416,0.5336898395721925,"('scenario', 'cue', 'zh_cn', 'us', 'cn', 'main')",36,3.253321337831351,-0.1787247002219433,0.0400604062572318
mai26flash,cue,zh_cn,us,cn,mai26flash__cue__zh_cn__cn-minus-us,935,scenario,MAS,0.023476702508960556,-0.05339388084766785,0.10326804286789165,935,106,247,19,563,372,-0.3790322580645161,0.39786096256684494,935,108,236,16,575,360,-0.35555555555555557,0.3850267379679144,"('scenario', 'cue', 'zh_cn', 'us', 'cn', 'main')",36,3.253321337831351,-0.10693700624265765,0.15389041126057876
mai26flash,cue,zh_cn,us,cn,mai26flash__cue__zh_cn__cn-minus-us,935,scenario,UAI,0.143917761279269,-0.014985928427889442,0.31293846962049704,935,35,68,0,832,103,-0.32038834951456313,0.11016042780748662,935,42,60,0,833,102,-0.17647058823529413,0.10909090909090909,"('scenario', 'cue', 'zh_cn', 'us', 'cn', 'main')",36,3.253321337831351,-0.13046323754505199,0.41829876010359
mai26flash,cue,zh_cn,us,cn,mai26flash__cue__zh_cn__cn-minus-us,935,scenario,LTO,-0.0621531929758562,-0.13265795145713422,0.004386656242137338,935,233,28,2,672,263,0.779467680608365,0.2812834224598931,935,238,35,10,652,283,0.7173144876325088,0.30267379679144385,"('scenario', 'cue', 'zh_cn', 'us', 'cn', 'main')",36,3.253321337831351,-0.17530032463434803,0.050993938682635645
mai26flash,cue,zh_cn,us,cn,mai26flash__cue__zh_cn__cn-minus-us,935,scenario,IVR,0.05495279695646049,-0.059212584809959834,0.16879473607992812,935,134,17,0,784,151,0.7748344370860927,0.16149732620320856,935,128,11,2,794,141,0.8297872340425532,0.15080213903743314,"('scenario', 'cue', 'zh_cn', 'us', 'cn', 'main')",36,3.253321337831351,-0.1326558631452739,0.24256145705819487
mai26flash,cue,zh_cn,us,cn,mai26flash__cue__zh_cn__cn-minus-us,935,image,PDI,0.15499353045478503,0.08926536147266716,0.222828094292933,935,9,292,7,627,308,-0.9188311688311688,0.32941176470588235,935,29,236,6,664,271,-0.7638376383763837,0.2898395721925134,"('image', 'cue', 'zh_cn', 'us', 'cn', 'main')",36,3.217654852257405,0.044959414434467423,0.26502764647510263
mai26flash,cue,zh_cn,us,cn,mai26flash__cue__zh_cn__cn-minus-us,935,image,IDV,-0.09487833594976453,-0.14486991021024162,-0.046133257799251245,935,371,263,185,116,819,0.13186813186813187,0.8759358288770054,935,327,298,159,151,784,0.036989795918367346,0.8385026737967914,"('image', 'cue', 'zh_cn', 'us', 'cn', 'main')",36,3.217654852257405,-0.17560322782665483,-0.014153444072874236
mai26flash,cue,zh_cn,us,cn,mai26flash__cue__zh_cn__cn-minus-us,935,image,MAS,0.00010645324714469995,-0.03859632810657031,0.03882411104025804,935,130,371,380,54,881,-0.2735527809307605,0.9422459893048128,935,169,411,305,50,885,-0.2734463276836158,0.946524064171123,"('image', 'cue', 'zh_cn', 'us', 'cn', 'main')",36,3.217654852257405,-0.06435654270553862,0.06456944919982802
mai26flash,cue,zh_cn,us,cn,mai26flash__cue__zh_cn__cn-minus-us,935,image,UAI,0.261508875739645,0.16275945913509549,0.36004200945175346,935,141,203,56,535,400,-0.155,0.42780748663101603,935,163,127,48,597,338,0.10650887573964497,0.36149732620320857,"('image', 'cue', 'zh_cn', 'us', 'cn', 'main')",36,3.217654852257405,0.09955743627928523,0.4234603152000047
mai26flash,cue,zh_cn,us,cn,mai26flash__cue__zh_cn__cn-minus-us,935,image,LTO,-0.07931718477781746,-0.12554005410719182,-0.032685257772697006,935,577,40,115,203,732,0.7336065573770492,0.7828877005347593,935,569,58,154,154,781,0.6542893725992317,0.8352941176470589,"('image', 'cue', 'zh_cn', 'us', 'cn', 'main')",36,3.217654852257405,-0.1546738866129962,-0.003960482942638718
mai26flash,cue,zh_cn,us,cn,mai26flash__cue__zh_cn__cn-minus-us,935,image,IVR,-0.03713284972619302,-0.1210544625320416,0.045715003639253814,935,239,51,37,608,327,0.5749235474006116,0.3497326203208556,935,250,65,29,591,344,0.5377906976744186,0.3679144385026738,"('image', 'cue', 'zh_cn', 'us', 'cn', 'main')",36,3.217654852257405,-0.17371889347803485,0.09945319402564881
mai26flash,cue,th_th,none,us,mai26flash__cue__th_th__us-minus-none,943,scenario,PDI,-0.000931749359422307,-0.04929142509434408,0.04834433515353441,943,4,155,0,784,159,-0.949685534591195,0.16861081654294804,943,4,158,0,781,162,-0.9506172839506173,0.17179215270413573,"('scenario', 'cue', 'th_th', 'none', 'us', 'main')",18,3.015415342674718,-0.074909853744239,0.07304635502539439
mai26flash,cue,th_th,none,us,mai26flash__cue__th_th__us-minus-none,943,scenario,IDV,0.11704376802665846,0.05804435580243396,0.1765059330877732,943,285,238,10,410,533,0.08818011257035648,0.5652173913043478,943,314,204,18,407,536,0.20522388059701493,0.5683987274655355,"('scenario', 'cue', 'th_th', 'none', 'us', 'main')",18,3.015415342674718,0.025538321130341837,0.20854921492297507
mai26flash,cue,th_th,none,us,mai26flash__cue__th_th__us-minus-none,943,scenario,MAS,0.10630375901961747,0.032247630691865634,0.18351962082543924,943,97,272,10,564,379,-0.46174142480211083,0.4019088016967126,943,116,250,11,566,377,-0.35543766578249336,0.3997879109225875,"('scenario', 'cue', 'th_th', 'none', 'us', 'main')",18,3.015415342674718,-0.010452229178125494,0.22305974721736044
mai26flash,cue,th_th,none,us,mai26flash__cue__th_th__us-minus-none,943,scenario,UAI,-0.02503644002400751,-0.19359015433374674,0.1360335385801223,943,36,73,0,834,109,-0.3394495412844037,0.11558854718981973,943,34,73,0,836,107,-0.3644859813084112,0.11346765641569459,"('scenario', 'cue', 'th_th', 'none', 'us', 'main')",18,3.015415342674718,-0.27876012219514396,0.22868724214712893
mai26flash,cue,th_th,none,us,mai26flash__cue__th_th__us-minus-none,943,scenario,LTO,0.022833688051079326,-0.06034918253990819,0.10236803246142288,943,215,32,6,690,253,0.7233201581027668,0.2682926829268293,943,226,32,2,683,260,0.7461538461538462,0.2757158006362672,"('scenario', 'cue', 'th_th', 'none', 'us', 'main')",18,3.015415342674718,-0.10228350581700019,0.14795088191915884
mai26flash,cue,th_th,none,us,mai26flash__cue__th_th__us-minus-none,943,scenario,IVR,0.025451117694586634,-0.059661925724704336,0.11816273859156497,943,137,20,1,785,158,0.740506329113924,0.16755037115588547,943,124,16,1,802,141,0.7659574468085106,0.14952279957582185,"('scenario', 'cue', 'th_th', 'none', 'us', 'main')",18,3.015415342674718,-0.11332916638639284,0.1642314017755661
mai26flash,cue,th_th,none,us,mai26flash__cue__th_th__us-minus-none,943,image,PDI,-0.036835487395131206,-0.0869309941062769,0.01145649542057062,943,12,286,11,634,309,-0.8867313915857605,0.32767762460233296,943,7,297,10,629,314,-0.9235668789808917,0.3329798515376458,"('image', 'cue', 'th_th', 'none', 'us', 'main')",18,3.022863526404504,-0.11212590828859008,0.03845493349832767
mai26flash,cue,th_th,none,us,mai26flash__cue__th_th__us-minus-none,943,image,IDV,-0.043621140924188395,-0.08602169840921299,-0.0010984355242313537,943,361,274,155,153,790,0.11012658227848102,0.8377518557794273,943,336,281,210,116,827,0.06650544135429262,0.8769883351007424,"('image', 'cue', 'th_th', 'none', 'us', 'main')",18,3.022863526404504,-0.10943807184915569,0.022195790000778898
mai26flash,cue,th_th,none,us,mai26flash__cue__th_th__us-minus-none,943,image,MAS,0.028159596459522207,-0.0073471027666196925,0.06307748176013785,943,145,390,363,45,898,-0.2728285077951002,0.9522799575821845,943,142,360,389,52,891,-0.244668911335578,0.9448568398727466,"('image', 'cue', 'th_th', 'none', 'us', 'main')",18,3.022863526404504,-0.02581430003868123,0.08213349295772565
mai26flash,cue,th_th,none,us,mai26flash__cue__th_th__us-minus-none,943,image,UAI,-0.030350877192982448,-0.12490240550550137,0.06197463876691885,943,149,184,42,568,375,-0.09333333333333334,0.39766702014846234,943,148,195,37,563,380,-0.12368421052631579,0.4029692470837752,"('image', 'cue', 'th_th', 'none', 'us', 'main')",18,3.022863526404504,-0.17453681568750568,0.11383506130154077
mai26flash,cue,th_th,none,us,mai26flash__cue__th_th__us-minus-none,943,image,LTO,-0.020744426772488445,-0.06435144049945368,0.022950917911748456,943,600,46,113,184,759,0.7299077733860343,0.8048780487804879,943,579,45,129,190,753,0.7091633466135459,0.7985153764581124,"('image', 'cue', 'th_th', 'none', 'us', 'main')",18,3.022863526404504,-0.08781023819504896,0.04632138465007207
mai26flash,cue,th_th,none,us,mai26flash__cue__th_th__us-minus-none,943,image,IVR,-0.038302277432712195,-0.11697388703083374,0.04356198190084584,943,245,50,20,628,315,0.6190476190476191,0.3340402969247084,943,240,53,29,621,322,0.5807453416149069,0.34146341463414637,"('image', 'cue', 'th_th', 'none', 'us', 'main')",18,3.022863526404504,-0.1615532974945728,0.08494874262914844
mai26flash,cue,th_th,none,th,mai26flash__cue__th_th__th-minus-none,943,scenario,PDI,0.04241582216410589,-0.010626158723189625,0.1032610471724922,943,4,157,0,782,161,-0.9503105590062112,0.17073170731707318,943,7,145,0,791,152,-0.9078947368421053,0.16118769883351008,"('scenario', 'cue', 'th_th', 'none', 'th', 'main')",18,3.022189561101355,-0.044346946830025366,0.12917859115823715
mai26flash,cue,th_th,none,th,mai26flash__cue__th_th__th-minus-none,943,scenario,IDV,-0.05744650086755349,-0.11207118133333543,-0.00372087947000713,943,286,236,10,411,532,0.09398496240601503,0.5641569459172853,943,263,244,13,423,520,0.03653846153846154,0.5514316012725344,"('scenario', 'cue', 'th_th', 'none', 'th', 'main')",18,3.022189561101355,-0.14025575425304662,0.02536275251793963
mai26flash,cue,th_th,none,th,mai26flash__cue__th_th__th-minus-none,943,scenario,MAS,-0.02199251935399693,-0.09481118056771795,0.054983885522402694,943,96,273,10,564,379,-0.46701846965699206,0.4019088016967126,943,91,269,4,579,364,-0.489010989010989,0.3860021208907741,"('scenario', 'cue', 'th_th', 'none', 'th', 'main')",18,3.022189561101355,-0.1382501454852833,0.09426510677728943
mai26flash,cue,th_th,none,th,mai26flash__cue__th_th__th-minus-none,943,scenario,UAI,0.08944954128440369,-0.09326351741104666,0.2692139975864572,943,36,73,0,834,109,-0.3394495412844037,0.11558854718981973,943,33,55,0,855,88,-0.25,0.09331919406150584,"('scenario', 'cue', 'th_th', 'none', 'th', 'main')",18,3.022189561101355,-0.19623103077546383,0.3751301133442712
mai26flash,cue,th_th,none,th,mai26flash__cue__th_th__th-minus-none,943,scenario,LTO,-0.09904138839671073,-0.17757087187011403,-0.0239065628147486,943,216,31,6,690,253,0.7312252964426877,0.2682926829268293,943,210,45,6,682,261,0.632183908045977,0.2767762460233298,"('scenario', 'cue', 'th_th', 'none', 'th', 'main')",18,3.022189561101355,-0.21693524547034204,0.018852468676920586
mai26flash,cue,th_th,none,th,mai26flash__cue__th_th__th-minus-none,943,scenario,IVR,0.06909729848451562,-0.006374887017744135,0.15023185778987735,943,137,19,1,786,157,0.7515923566878981,0.1664899257688229,943,132,13,0,798,145,0.8206896551724138,0.1537645811240721,"('scenario', 'cue', 'th_th', 'none', 'th', 'main')",18,3.022189561101355,-0.04999702273951569,0.18819161970854692
mai26flash,cue,th_th,none,th,mai26flash__cue__th_th__th-minus-none,943,image,PDI,0.07191525604173321,0.019333470455709687,0.12628956594441712,943,12,287,11,633,310,-0.8870967741935484,0.32873806998939553,943,23,270,10,640,303,-0.8151815181518152,0.3213149522799576,"('image', 'cue', 'th_th', 'none', 'th', 'main')",18,2.9925126676766887,-0.010122070698503419,0.15395258278196983
mai26flash,cue,th_th,none,th,mai26flash__cue__th_th__th-minus-none,943,image,IDV,-0.2169747746106912,-0.2625952607414535,-0.17202226787685612,943,362,273,155,153,790,0.11265822784810127,0.8377518557794273,943,298,385,151,109,834,-0.10431654676258993,0.8844114528101803,"('image', 'cue', 'th_th', 'none', 'th', 'main')",18,2.9925126676766887,-0.2860991614044955,-0.14785038781688692
mai26flash,cue,th_th,none,th,mai26flash__cue__th_th__th-minus-none,943,image,MAS,-0.09352093262489514,-0.12976544875304255,-0.056747158446452034,943,145,391,362,45,898,-0.2739420935412027,0.9522799575821845,943,112,435,332,64,879,-0.36746302616609783,0.9321314952279958,"('image', 'cue', 'th_th', 'none', 'th', 'main')",18,2.9925126676766887,-0.1492401678244464,-0.03780169742534386
mai26flash,cue,th_th,none,th,mai26flash__cue__th_th__th-minus-none,943,image,UAI,0.13488063660477453,0.039869551621169286,0.2309605442002589,943,151,183,43,566,377,-0.08488063660477453,0.3997879109225875,943,149,133,38,623,320,0.05,0.33934252386002123,"('image', 'cue', 'th_th', 'none', 'th', 'main')",18,2.9925126676766887,-0.012511719877535382,0.2822729930870844
mai26flash,cue,th_th,none,th,mai26flash__cue__th_th__th-minus-none,943,image,LTO,-0.08435521273913404,-0.12983835498353796,-0.03940069678214191,943,601,47,111,184,759,0.7299077733860343,0.8048780487804879,943,535,56,151,201,742,0.6455525606469003,0.7868504772004242,"('image', 'cue', 'th_th', 'none', 'th', 'main')",18,2.9925126676766887,-0.1536416070492267,-0.015068818429041383
mai26flash,cue,th_th,none,th,mai26flash__cue__th_th__th-minus-none,943,image,IVR,0.04029129235046369,-0.03023217317723512,0.11054780428311174,943,245,49,20,629,314,0.6242038216560509,0.3329798515376458,943,248,44,15,636,307,0.6644951140065146,0.3255567338282078,"('image', 'cue', 'th_th', 'none', 'th', 'main')",18,2.9925126676766887,-0.06713399060434036,0.14771657530526774
mai26flash,cue,th_th,us,th,mai26flash__cue__th_th__th-minus-us,941,scenario,PDI,0.04272254710851198,-0.008174073049419826,0.10240017337095852,941,4,158,0,779,162,-0.9506172839506173,0.17215727948990436,941,7,145,0,789,152,-0.9078947368421053,0.16153028692879914,"('scenario', 'cue', 'th_th', 'us', 'th', 'main')",18,3.0154768474167795,-0.04252008849721474,0.12796518271423868
mai26flash,cue,th_th,us,th,mai26flash__cue__th_th__th-minus-us,941,scenario,IDV,-0.171466964149891,-0.22945081554162253,-0.11298269701033989,941,314,201,18,408,533,0.21200750469043153,0.5664187035069076,941,263,242,13,423,518,0.04054054054054054,0.5504782146652497,"('scenario', 'cue', 'th_th', 'us', 'th', 'main')",18,3.0154768474167795,-0.2609452177611899,-0.08198871053859207
mai26flash,cue,th_th,us,th,mai26flash__cue__th_th__th-minus-us,941,scenario,MAS,-0.13196103791715075,-0.2104907016348774,-0.05443909556884493,941,117,249,11,564,377,-0.35013262599469497,0.40063761955366634,941,92,267,4,578,363,-0.4820936639118457,0.38575982996811903,"('scenario', 'cue', 'th_th', 'us', 'th', 'main')",18,3.0154768474167795,-0.2525371756915946,-0.011384900142706905
mai26flash,cue,th_th,us,th,mai26flash__cue__th_th__th-minus-us,941,scenario,UAI,0.09764309764309764,-0.08310684400677244,0.29166854489722316,941,34,74,0,833,108,-0.37037037037037035,0.11477151965993623,941,32,56,0,853,88,-0.2727272727272727,0.09351753453772582,"('scenario', 'cue', 'th_th', 'us', 'th', 'main')",18,3.0154768474167795,-0.19049286019919948,0.38577905548539476
mai26flash,cue,th_th,us,th,mai26flash__cue__th_th__th-minus-us,941,scenario,LTO,-0.10852713178294571,-0.19820351996993887,-0.02272437409110563,941,225,31,2,683,258,0.751937984496124,0.27417640807651433,941,209,43,6,683,258,0.6434108527131783,0.27417640807651433,"('scenario', 'cue', 'th_th', 'us', 'th', 'main')",18,3.0154768474167795,-0.2410377160276549,0.023983452461763477
mai26flash,cue,th_th,us,th,mai26flash__cue__th_th__th-minus-us,941,scenario,IVR,0.054732208363903134,-0.04072698509601878,0.14653241019466173,941,124,16,1,800,141,0.7659574468085106,0.14984059511158343,941,132,13,0,796,145,0.8206896551724138,0.15409139213602552,"('scenario', 'cue', 'th_th', 'us', 'th', 'main')",18,3.0154768474167795,-0.08716323054133299,0.19662764726913926
mai26flash,cue,th_th,us,th,mai26flash__cue__th_th__th-minus-us,941,image,PDI,0.1109621186724774,0.05603097255553572,0.16833175601403252,941,7,298,9,627,314,-0.9267515923566879,0.3336875664187035,941,23,271,10,637,304,-0.8157894736842105,0.3230605738575983,"('image', 'cue', 'th_th', 'us', 'th', 'main')",18,3.0177722748378697,0.023901559321018312,0.1980226780239365
mai26flash,cue,th_th,us,th,mai26flash__cue__th_th__th-minus-us,941,image,IDV,-0.17244609557109558,-0.2173683741071379,-0.1266774906754427,941,336,280,209,116,825,0.06787878787878789,0.8767268862911796,941,297,384,151,109,832,-0.1045673076923077,0.8841657810839533,"('image', 'cue', 'th_th', 'us', 'th', 'main')",18,3.0177722748378697,-0.24213058003317062,-0.10276161110902055
mai26flash,cue,th_th,us,th,mai26flash__cue__th_th__th-minus-us,941,image,MAS,-0.12231048173772799,-0.15713380228196872,-0.08428799548049669,941,144,359,386,52,889,-0.24184476940382452,0.944739638682253,941,113,432,331,65,876,-0.3641552511415525,0.9309245483528161,"('image', 'cue', 'th_th', 'us', 'th', 'main')",18,3.0177722748378697,-0.17798466704773722,-0.06663629642771876
mai26flash,cue,th_th,us,th,mai26flash__cue__th_th__th-minus-us,941,image,UAI,0.1703819807268083,0.07174895443976079,0.26828279606753214,941,146,195,37,563,378,-0.12962962962962962,0.40170031880977686,941,147,134,38,622,319,0.04075235109717868,0.3390010626992561,"('image', 'cue', 'th_th', 'us', 'th', 'main')",18,3.0177722748378697,0.017549579374392027,0.3232143820792246
mai26flash,cue,th_th,us,th,mai26flash__cue__th_th__th-minus-us,941,image,LTO,-0.06276110134361346,-0.10911525967234902,-0.017813826649258804,941,579,46,128,188,753,0.7078353253652059,0.8002125398512221,941,535,57,149,200,741,0.6450742240215924,0.7874601487778958,"('image', 'cue', 'th_th', 'us', 'th', 'main')",18,3.0177722748378697,-0.13279800008962325,0.007275797402396339
mai26flash,cue,th_th,us,th,mai26flash__cue__th_th__th-minus-us,941,image,IVR,0.08738012338891943,0.0055234302516911265,0.166666855974557,941,240,53,28,620,321,0.5825545171339563,0.34112646121147716,941,248,43,15,635,306,0.6699346405228758,0.32518597236981933,"('image', 'cue', 'th_th', 'us', 'th', 'main')",18,3.0177722748378697,-0.037021524269579095,0.21178177104741797
mai26flash,cue,hi_in,none,us,mai26flash__cue__hi_in__us-minus-none,944,scenario,PDI,-0.058410732714138325,-0.11363636363636365,-0.012335969245478558,944,6,165,0,773,171,-0.9298245614035088,0.18114406779661016,944,1,169,0,774,170,-0.9882352941176471,0.18008474576271186,"('scenario', 'cue', 'hi_in', 'none', 'us', 'main')",18,3.0618967207567014,-0.1359941265123489,0.019172661084072257
mai26flash,cue,hi_in,none,us,mai26flash__cue__hi_in__us-minus-none,944,scenario,IDV,0.03899209873318532,-0.01351702225854384,0.09391178868804255,944,275,210,11,448,496,0.1310483870967742,0.5254237288135594,944,283,199,12,450,494,0.1700404858299595,0.5233050847457628,"('scenario', 'cue', 'hi_in', 'none', 'us', 'main')",18,3.0618967207567014,-0.04672449362191443,0.12470869108828507
mai26flash,cue,hi_in,none,us,mai26flash__cue__hi_in__us-minus-none,944,scenario,MAS,0.05434607321399776,-0.024941963148446062,0.13377872625517756,944,102,249,20,573,371,-0.39622641509433965,0.3930084745762712,944,107,227,17,593,351,-0.3418803418803419,0.3718220338983051,"('scenario', 'cue', 'hi_in', 'none', 'us', 'main')",18,3.0618967207567014,-0.06829752832546356,0.17698967475345906
mai26flash,cue,hi_in,none,us,mai26flash__cue__hi_in__us-minus-none,944,scenario,UAI,-0.06283068783068782,-0.24946197605220033,0.1241787952667676,944,41,67,0,836,108,-0.24074074074074073,0.11440677966101695,944,39,73,0,832,112,-0.30357142857142855,0.11864406779661017,"('scenario', 'cue', 'hi_in', 'none', 'us', 'main')",18,3.0618967207567014,-0.35456865814853744,0.22890728248716183
mai26flash,cue,hi_in,none,us,mai26flash__cue__hi_in__us-minus-none,944,scenario,LTO,0.0033745138412262232,-0.07002388620287803,0.07691712701154976,944,242,36,4,662,282,0.7304964539007093,0.298728813559322,944,214,32,2,696,248,0.7338709677419355,0.2627118644067797,"('scenario', 'cue', 'hi_in', 'none', 'us', 'main')",18,3.0618967207567014,-0.11185066900509599,0.11859969668754844
mai26flash,cue,hi_in,none,us,mai26flash__cue__hi_in__us-minus-none,944,scenario,IVR,-0.06343038805066359,-0.17981864993703905,0.049698936532936284,944,133,16,0,795,149,0.785234899328859,0.15783898305084745,944,114,18,1,811,133,0.7218045112781954,0.1408898305084746,"('scenario', 'cue', 'hi_in', 'none', 'us', 'main')",18,3.0618967207567014,-0.2437820247435879,0.11692124864226072
mai26flash,cue,hi_in,none,us,mai26flash__cue__hi_in__us-minus-none,944,image,PDI,-0.06940785045291076,-0.11675950158411745,-0.026387562275232288,944,17,303,6,618,326,-0.8773006134969326,0.3453389830508475,944,5,307,7,625,319,-0.9467084639498433,0.3379237288135593,"('image', 'cue', 'hi_in', 'none', 'us', 'main')",18,2.9826581377516947,-0.13724109356257863,-0.0015746073432428703
mai26flash,cue,hi_in,none,us,mai26flash__cue__hi_in__us-minus-none,944,image,IDV,-0.03431900726392252,-0.07805992378726634,0.008588833807190084,944,366,263,171,144,800,0.12875,0.847457627118644,944,351,273,202,118,826,0.09443099273607748,0.875,"('image', 'cue', 'hi_in', 'none', 'us', 'main')",18,2.9826581377516947,-0.10044947563000943,0.03181146110216439
mai26flash,cue,hi_in,none,us,mai26flash__cue__hi_in__us-minus-none,944,image,MAS,-0.013977924641748934,-0.04882983627841506,0.02140364410683019,944,160,351,386,47,897,-0.2129319955406912,0.9502118644067796,944,158,357,362,67,877,-0.22690992018244013,0.9290254237288136,"('image', 'cue', 'hi_in', 'none', 'us', 'main')",18,2.9826581377516947,-0.06742576359775454,0.03946991431425668
mai26flash,cue,hi_in,none,us,mai26flash__cue__hi_in__us-minus-none,944,image,UAI,-0.12015888778550149,-0.21409718524055227,-0.026029709404422927,944,155,169,47,573,371,-0.03773584905660377,0.3930084745762712,944,132,189,40,583,361,-0.15789473684210525,0.3824152542372881,"('image', 'cue', 'hi_in', 'none', 'us', 'main')",18,2.9826581377516947,-0.26321731197951537,0.022899536408512416
mai26flash,cue,hi_in,none,us,mai26flash__cue__hi_in__us-minus-none,944,image,LTO,0.006226513287734159,-0.035244802772584544,0.04752581633578977,944,607,52,128,157,787,0.7052096569250318,0.8336864406779662,944,582,47,123,192,752,0.711436170212766,0.7966101694915254,"('image', 'cue', 'hi_in', 'none', 'us', 'main')",18,2.9826581377516947,-0.057125096162906716,0.06957812273837503
mai26flash,cue,hi_in,none,us,mai26flash__cue__hi_in__us-minus-none,944,image,IVR,-0.04173849922874506,-0.1231862845716211,0.039371282569658377,944,238,48,35,623,321,0.5919003115264797,0.3400423728813559,944,226,56,27,635,309,0.5501618122977346,0.3273305084745763,"('image', 'cue', 'hi_in', 'none', 'us', 'main')",18,2.9826581377516947,-0.16596240354300296,0.08248540508551283
mai26flash,cue,hi_in,none,in,mai26flash__cue__hi_in__in-minus-none,944,scenario,PDI,-0.006864161849710948,-0.0663107971403197,0.05367394593950002,944,6,167,0,771,173,-0.930635838150289,0.1832627118644068,944,5,155,0,784,160,-0.9375,0.1694915254237288,"('scenario', 'cue', 'hi_in', 'none', 'in', 'main')",18,3.0033146410279628,-0.09820306037424545,0.08447473667482355
mai26flash,cue,hi_in,none,in,mai26flash__cue__hi_in__in-minus-none,944,scenario,IDV,-0.07237366298862785,-0.13224082217454466,-0.015295854332020808,944,272,215,11,446,498,0.1144578313253012,0.527542372881356,944,253,232,14,445,499,0.04208416833667335,0.5286016949152542,"('scenario', 'cue', 'hi_in', 'none', 'in', 'main')",18,3.0033146410279628,-0.1628657395515259,0.018118413574270173
mai26flash,cue,hi_in,none,in,mai26flash__cue__hi_in__in-minus-none,944,scenario,MAS,0.08240821112583185,-0.0010596092215082184,0.1656403154419324,944,101,250,20,573,371,-0.40161725067385445,0.3930084745762712,944,111,224,19,590,354,-0.3192090395480226,0.375,"('scenario', 'cue', 'hi_in', 'none', 'in', 'main')",18,3.0033146410279628,-0.04500096400085879,0.2098173862525225
mai26flash,cue,hi_in,none,in,mai26flash__cue__hi_in__in-minus-none,944,scenario,UAI,0.1479378861245617,-0.03136440084922983,0.32219160172853817,944,40,66,0,838,106,-0.24528301886792453,0.11228813559322035,944,51,62,0,831,113,-0.09734513274336283,0.11970338983050847,"('scenario', 'cue', 'hi_in', 'none', 'in', 'main')",18,3.0033146410279628,-0.12371075593056963,0.41958652817969305
mai26flash,cue,hi_in,none,in,mai26flash__cue__hi_in__in-minus-none,944,scenario,LTO,-0.017948717948717885,-0.09202765454527931,0.05409743091845079,944,240,36,4,664,280,0.7285714285714285,0.2966101694915254,944,231,37,5,671,273,0.7106227106227107,0.2891949152542373,"('scenario', 'cue', 'hi_in', 'none', 'in', 'main')",18,3.0033146410279628,-0.1282144968069468,0.09231706090951103
mai26flash,cue,hi_in,none,in,mai26flash__cue__hi_in__in-minus-none,944,scenario,IVR,-0.034746136865342225,-0.13523527237547453,0.0638152610106919,944,135,16,0,793,151,0.7880794701986755,0.15995762711864406,944,131,18,1,794,150,0.7533333333333333,0.15889830508474576,"('scenario', 'cue', 'hi_in', 'none', 'in', 'main')",18,3.0033146410279628,-0.18664593685271053,0.11715366312202607
mai26flash,cue,hi_in,none,in,mai26flash__cue__hi_in__in-minus-none,944,image,PDI,0.008818838540200713,-0.042553711085496895,0.06082198340879792,944,17,307,6,614,330,-0.8787878787878788,0.3495762711864407,944,17,298,8,621,323,-0.8699690402476781,0.3421610169491525,"('image', 'cue', 'hi_in', 'none', 'in', 'main')",18,2.9800000501505886,-0.06853545519250584,0.08617313227290727
mai26flash,cue,hi_in,none,in,mai26flash__cue__hi_in__in-minus-none,944,image,IDV,-0.23147833723653394,-0.27494429615109023,-0.18796773257392252,944,363,264,173,144,800,0.12375,0.847457627118644,944,277,369,208,90,854,-0.10772833723653395,0.9046610169491526,"('image', 'cue', 'hi_in', 'none', 'in', 'main')",18,2.9800000501505886,-0.2988227990772756,-0.16413387539579227
mai26flash,cue,hi_in,none,in,mai26flash__cue__hi_in__in-minus-none,944,image,MAS,0.012845199012603892,-0.02253949984740479,0.046811909575778486,944,157,353,388,46,898,-0.2182628062360802,0.951271186440678,944,163,345,378,58,886,-0.2054176072234763,0.9385593220338984,"('image', 'cue', 'hi_in', 'none', 'in', 'main')",18,2.9800000501505886,-0.03981219648787906,0.06550259451308685
mai26flash,cue,hi_in,none,in,mai26flash__cue__hi_in__in-minus-none,944,image,UAI,0.09618746161477773,-0.000518048641032742,0.19369245580185795,944,154,166,46,578,366,-0.03278688524590164,0.3877118644067797,944,169,147,31,597,347,0.06340057636887608,0.3675847457627119,"('image', 'cue', 'hi_in', 'none', 'in', 'main')",18,2.9800000501505886,-0.05118460633197722,0.24355952956153268
mai26flash,cue,hi_in,none,in,mai26flash__cue__hi_in__in-minus-none,944,image,LTO,-0.0328021589168086,-0.07545601461132659,0.009412549742402614,944,603,52,130,159,785,0.7019108280254777,0.8315677966101694,944,617,69,133,125,819,0.6691086691086691,0.8675847457627118,"('image', 'cue', 'hi_in', 'none', 'in', 'main')",18,2.9800000501505886,-0.09671995808972067,0.03111564025610347
mai26flash,cue,hi_in,none,in,mai26flash__cue__hi_in__in-minus-none,944,image,IVR,-0.0847545368266659,-0.16530034300225172,-0.006303379214748792,944,236,48,35,625,319,0.5893416927899686,0.3379237288135593,944,227,62,38,617,327,0.5045871559633027,0.3463983050847458,"('image', 'cue', 'hi_in', 'none', 'in', 'main')",18,2.9800000501505886,-0.20483065822330498,0.03532158456997318
mai26flash,cue,hi_in,us,in,mai26flash__cue__hi_in__in-minus-us,942,scenario,PDI,0.05105876223437911,0.011903933170901548,0.10481861700639916,942,1,168,0,773,169,-0.9881656804733728,0.17940552016985137,942,5,154,0,783,159,-0.9371069182389937,0.16878980891719744,"('scenario', 'cue', 'hi_in', 'us', 'in', 'main')",18,3.032244069854882,-0.02365777508328948,0.1257752995520477
mai26flash,cue,hi_in,us,in,mai26flash__cue__hi_in__in-minus-us,942,scenario,IDV,-0.11636171739076659,-0.17957181050201185,-0.05557528505002204,942,279,200,12,451,491,0.16089613034623218,0.5212314225053079,942,251,229,14,448,494,0.044534412955465584,0.524416135881104,"('scenario', 'cue', 'hi_in', 'us', 'in', 'main')",18,3.032244069854882,-0.21203738125076232,-0.02068605353077084
mai26flash,cue,hi_in,us,in,mai26flash__cue__hi_in__in-minus-us,942,scenario,MAS,0.028433832456495334,-0.05423429851800138,0.11432213802912805,942,106,227,17,592,350,-0.3457142857142857,0.37154989384288745,942,111,223,19,589,353,-0.31728045325779036,0.3747346072186836,"('scenario', 'cue', 'hi_in', 'us', 'in', 'main')",18,3.032244069854882,-0.09989043453345273,0.1567580994464434
mai26flash,cue,hi_in,us,in,mai26flash__cue__hi_in__in-minus-us,942,scenario,UAI,0.21174577634754627,0.04728210665125598,0.38196473285134863,942,38,72,0,832,110,-0.3090909090909091,0.11677282377919321,942,51,62,0,829,113,-0.09734513274336283,0.11995753715498939,"('scenario', 'cue', 'hi_in', 'us', 'in', 'main')",18,3.032244069854882,-0.04710921901784654,0.47060077171293907
mai26flash,cue,hi_in,us,in,mai26flash__cue__hi_in__in-minus-us,942,scenario,LTO,-0.021084606450460064,-0.10563011493459225,0.06208358115174774,942,212,32,2,696,246,0.7317073170731707,0.2611464968152866,942,231,37,5,669,273,0.7106227106227107,0.2898089171974522,"('scenario', 'cue', 'hi_in', 'us', 'in', 'main')",18,3.032244069854882,-0.1525844427458712,0.11041522984495108
mai26flash,cue,hi_in,us,in,mai26flash__cue__hi_in__in-minus-us,942,scenario,IVR,0.029873341070797865,-0.07304863733943125,0.13794803639846723,942,114,18,1,809,133,0.7218045112781954,0.14118895966029724,942,130,18,1,793,149,0.7516778523489933,0.15817409766454352,"('scenario', 'cue', 'hi_in', 'us', 'in', 'main')",18,3.032244069854882,-0.13386432150440827,0.193611003646004
mai26flash,cue,hi_in,us,in,mai26flash__cue__hi_in__in-minus-us,942,image,PDI,0.08437499999999998,0.038529660396793175,0.133513992880265,942,5,308,7,622,320,-0.946875,0.33970276008492567,942,18,294,8,622,320,-0.8625,0.33970276008492567,"('image', 'cue', 'hi_in', 'us', 'in', 'main')",18,3.0072011497491182,0.011497439291417125,0.15725256070858284
mai26flash,cue,hi_in,us,in,mai26flash__cue__hi_in__in-minus-us,942,image,IDV,-0.19693889206167903,-0.2438000884637507,-0.1512224752967246,942,348,272,204,118,824,0.09223300970873786,0.8747346072186837,942,277,366,207,92,850,-0.10470588235294118,0.9023354564755839,"('image', 'cue', 'hi_in', 'us', 'in', 'main')",18,3.0072011497491182,-0.2674485403702391,-0.12642924375311898
mai26flash,cue,hi_in,us,in,mai26flash__cue__hi_in__in-minus-us,942,image,MAS,0.029026202702493037,-0.007703063051456105,0.06530756577269702,942,154,358,364,66,876,-0.2328767123287671,0.9299363057324841,942,163,343,377,59,883,-0.20385050962627407,0.9373673036093418,"('image', 'cue', 'hi_in', 'us', 'in', 'main')",18,3.0072011497491182,-0.026354664316323093,0.08440706972130917
mai26flash,cue,hi_in,us,in,mai26flash__cue__hi_in__in-minus-us,942,image,UAI,0.2242359121298949,0.13024925568628853,0.3175553956756954,942,130,187,43,582,360,-0.15833333333333333,0.3821656050955414,942,171,148,30,593,349,0.0659025787965616,0.37048832271762205,"('image', 'cue', 'hi_in', 'us', 'in', 'main')",18,3.0072011497491182,0.07927145469806787,0.369200369561722
mai26flash,cue,hi_in,us,in,mai26flash__cue__hi_in__in-minus-us,942,image,LTO,-0.04255433455433455,-0.08907947117347642,0.004202717462722082,942,578,47,125,192,750,0.708,0.7961783439490446,942,615,70,134,123,819,0.6654456654456654,0.8694267515923567,"('image', 'cue', 'hi_in', 'us', 'in', 'main')",18,3.0072011497491182,-0.11454996789290903,0.029441298784239928
mai26flash,cue,hi_in,us,in,mai26flash__cue__hi_in__in-minus-us,942,image,IVR,-0.04563381403872202,-0.12900534036256917,0.036101818364476575,942,225,56,27,634,308,0.5487012987012987,0.32696390658174096,942,226,62,38,616,326,0.5030674846625767,0.346072186836518,"('image', 'cue', 'hi_in', 'us', 'in', 'main')",18,3.0072011497491182,-0.17236188713361658,0.08109425905617254
gptimage2,language,none,en_us,zh_cn,gptimage2__language__none__zh_cn-minus-en_us,936,scenario,PDI,0.12068226213730993,0.04637486652920164,0.2058558088468229,936,4,134,1,797,139,-0.935251798561151,0.1485042735042735,936,14,137,0,785,151,-0.8145695364238411,0.16132478632478633,"('scenario', 'language', 'none', 'en_us', 'zh_cn', 'main')",36,3.233445552880987,-0.010209661413052906,0.25157418568767276
gptimage2,language,none,en_us,zh_cn,gptimage2__language__none__zh_cn-minus-en_us,936,scenario,IDV,-0.06172554230091565,-0.137817530998212,0.013354992108508365,936,282,147,16,491,445,0.30337078651685395,0.4754273504273504,936,235,141,13,547,389,0.2416452442159383,0.4155982905982906,"('scenario', 'language', 'none', 'en_us', 'zh_cn', 'main')",36,3.233445552880987,-0.18651822060153644,0.06306713599970516
gptimage2,language,none,en_us,zh_cn,gptimage2__language__none__zh_cn-minus-en_us,936,scenario,MAS,0.1772681043250418,0.08646123777750449,0.2669588994193113,936,107,240,19,570,366,-0.3633879781420765,0.391025641025641,936,118,177,22,619,317,-0.1861198738170347,0.3386752136752137,"('scenario', 'language', 'none', 'en_us', 'zh_cn', 'main')",36,3.233445552880987,0.02950297991171774,0.3250332287383659
gptimage2,language,none,en_us,zh_cn,gptimage2__language__none__zh_cn-minus-en_us,936,scenario,UAI,0.051246105919003124,-0.1399588529661797,0.24908554756079881,936,52,66,2,816,120,-0.11666666666666667,0.1282051282051282,936,50,57,0,829,107,-0.06542056074766354,0.11431623931623931,"('scenario', 'language', 'none', 'en_us', 'zh_cn', 'main')",36,3.233445552880987,-0.2675913004109669,0.3700835122489732
gptimage2,language,none,en_us,zh_cn,gptimage2__language__none__zh_cn-minus-en_us,936,scenario,LTO,-0.06928453026298109,-0.18981325345580802,0.05064340704934001,936,171,43,7,715,221,0.579185520361991,0.2361111111111111,936,148,45,9,734,202,0.5099009900990099,0.21581196581196582,"('scenario', 'language', 'none', 'en_us', 'zh_cn', 'main')",36,3.233445552880987,-0.2667344505571656,0.1281653900312034
gptimage2,language,none,en_us,zh_cn,gptimage2__language__none__zh_cn-minus-en_us,936,scenario,IVR,0.0014887827917243746,-0.11671207992220013,0.12092839328713924,936,134,16,1,785,151,0.7814569536423841,0.16132478632478633,936,114,13,2,807,129,0.7829457364341085,0.13782051282051283,"('scenario', 'language', 'none', 'en_us', 'zh_cn', 'main')",36,3.233445552880987,-0.1952274083854196,0.19820497396886835
gptimage2,language,none,en_us,zh_cn,gptimage2__language__none__zh_cn-minus-en_us,936,image,PDI,0.10648048693161472,0.0357052140887031,0.181212982365808,936,15,265,14,642,294,-0.8503401360544217,0.3141025641025641,936,29,241,15,651,285,-0.743859649122807,0.30448717948717946,"('image', 'language', 'none', 'en_us', 'zh_cn', 'main')",36,3.238123151994879,-0.013801081452826519,0.22676205531605595
gptimage2,language,none,en_us,zh_cn,gptimage2__language__none__zh_cn-minus-en_us,936,image,IDV,-0.11903304069202683,-0.17643027618223825,-0.0635918084506862,936,398,168,116,254,682,0.33724340175953077,0.7286324786324786,936,331,192,114,299,637,0.21821036106750394,0.6805555555555556,"('image', 'language', 'none', 'en_us', 'zh_cn', 'main')",36,3.238123151994879,-0.21196060700760824,-0.02610547437644542
gptimage2,language,none,en_us,zh_cn,gptimage2__language__none__zh_cn-minus-en_us,936,image,MAS,0.0713291717417783,0.027793291038609922,0.11792928844884233,936,177,370,274,115,821,-0.2350791717417783,0.8771367521367521,936,218,349,233,136,800,-0.16375,0.8547008547008547,"('image', 'language', 'none', 'en_us', 'zh_cn', 'main')",36,3.238123151994879,-0.004089131374001048,0.14674747485755765
gptimage2,language,none,en_us,zh_cn,gptimage2__language__none__zh_cn-minus-en_us,936,image,UAI,0.20543264503441494,0.09801244264644543,0.30819955404677335,936,168,157,35,576,360,0.030555555555555555,0.38461538461538464,936,194,114,31,597,339,0.2359882005899705,0.36217948717948717,"('image', 'language', 'none', 'en_us', 'zh_cn', 'main')",36,3.238123151994879,0.03164774717842783,0.37921754289040205
gptimage2,language,none,en_us,zh_cn,gptimage2__language__none__zh_cn-minus-en_us,936,image,LTO,0.032329988851728,-0.03538618960734987,0.09806306171251353,936,408,81,96,351,585,0.558974358974359,0.625,936,411,71,93,361,575,0.591304347826087,0.6143162393162394,"('image', 'language', 'none', 'en_us', 'zh_cn', 'main')",36,3.238123151994879,-0.07566923232526031,0.1403292100287163
gptimage2,language,none,en_us,zh_cn,gptimage2__language__none__zh_cn-minus-en_us,936,image,IVR,-0.10565613849610156,-0.1903593412097744,-0.019138395915469102,936,272,38,19,607,329,0.7112462006079028,0.35149572649572647,936,248,53,21,614,322,0.6055900621118012,0.344017094017094,"('image', 'language', 'none', 'en_us', 'zh_cn', 'main')",36,3.238123151994879,-0.24584923080930005,0.03453695381709693
gptimage2,language,none,en_us,th_th,gptimage2__language__none__th_th-minus-en_us,940,scenario,PDI,0.1898849472674975,0.08972301340135735,0.30276652621564726,940,5,134,1,800,140,-0.9214285714285714,0.14893617021276595,940,20,129,0,791,149,-0.7315436241610739,0.15851063829787235,"('scenario', 'language', 'none', 'en_us', 'th_th', 'main')",18,3.0217831096944794,0.02187367721960423,0.3578962173153908
gptimage2,language,none,en_us,th_th,gptimage2__language__none__th_th-minus-en_us,940,scenario,IDV,-0.08962912087912087,-0.16408066783117453,-0.016638111966812096,940,284,148,16,492,448,0.30357142857142855,0.4765957446808511,940,248,159,9,524,416,0.21394230769230768,0.4425531914893617,"('scenario', 'language', 'none', 'en_us', 'th_th', 'main')",18,3.0217831096944794,-0.20357576879614891,0.024317527037907183
gptimage2,language,none,en_us,th_th,gptimage2__language__none__th_th-minus-en_us,940,scenario,MAS,0.03502976918685263,-0.05145396737236964,0.12246512358012222,940,107,240,19,574,366,-0.3633879781420765,0.3893617021276596,940,104,214,17,605,335,-0.3283582089552239,0.35638297872340424,"('scenario', 'language', 'none', 'en_us', 'th_th', 'main')",18,3.0217831096944794,-0.09790853795633758,0.16796807633004285
gptimage2,language,none,en_us,th_th,gptimage2__language__none__th_th-minus-en_us,940,scenario,UAI,-0.023520249221183787,-0.22006691929155037,0.1682322249153429,940,52,66,2,820,120,-0.11666666666666667,0.1276595744680851,940,46,61,0,833,107,-0.14018691588785046,0.11382978723404255,"('scenario', 'language', 'none', 'en_us', 'th_th', 'main')",18,3.0217831096944794,-0.3197456971754129,0.27270519873304533
gptimage2,language,none,en_us,th_th,gptimage2__language__none__th_th-minus-en_us,940,scenario,LTO,-0.08551176871732347,-0.21356669955752478,0.04101784693963722,940,172,44,7,717,223,0.5739910313901345,0.2372340425531915,940,160,54,3,723,217,0.48847926267281105,0.23085106382978723,"('scenario', 'language', 'none', 'en_us', 'th_th', 'main')",18,3.0217831096944794,-0.28412205366488064,0.11309851623023373
gptimage2,language,none,en_us,th_th,gptimage2__language__none__th_th-minus-en_us,940,scenario,IVR,-0.033001245330012474,-0.13249151509056856,0.06980563356719434,940,136,17,1,786,154,0.7727272727272727,0.16382978723404254,940,127,19,0,794,146,0.7397260273972602,0.15531914893617021,"('scenario', 'language', 'none', 'en_us', 'th_th', 'main')",18,3.0217831096944794,-0.18828600863131367,0.12228351797128872
gptimage2,language,none,en_us,th_th,gptimage2__language__none__th_th-minus-en_us,940,image,PDI,0.18123080423160054,0.10920715189697844,0.2572185893327866,940,16,268,14,642,298,-0.8456375838926175,0.3170212765957447,940,39,235,21,645,295,-0.6644067796610169,0.31382978723404253,"('image', 'language', 'none', 'en_us', 'th_th', 'main')",18,2.9566202302793028,0.06961969859499269,0.2928419098682084
gptimage2,language,none,en_us,th_th,gptimage2__language__none__th_th-minus-en_us,940,image,IDV,-0.1491106051483632,-0.20408479370459456,-0.09269670035315512,940,401,169,117,253,687,0.33770014556040756,0.7308510638297873,940,327,208,96,309,631,0.18858954041204437,0.6712765957446809,"('image', 'language', 'none', 'en_us', 'th_th', 'main')",18,2.9566202302793028,-0.23304249086439557,-0.0651787194323308
gptimage2,language,none,en_us,th_th,gptimage2__language__none__th_th-minus-en_us,940,image,MAS,0.0513468879021578,0.006010725420377623,0.09726822821232049,940,178,372,275,115,825,-0.23515151515151514,0.8776595744680851,940,199,342,237,162,778,-0.18380462724935734,0.8276595744680851,"('image', 'language', 'none', 'en_us', 'th_th', 'main')",18,2.9566202302793028,-0.016816712518820984,0.11951048832313658
gptimage2,language,none,en_us,th_th,gptimage2__language__none__th_th-minus-en_us,940,image,UAI,0.2631037846102475,0.16463687586163323,0.3624412448407188,940,168,156,35,581,359,0.033426183844011144,0.3819148936170213,940,196,102,19,623,317,0.29652996845425866,0.3372340425531915,"('image', 'language', 'none', 'en_us', 'th_th', 'main')",18,2.9566202302793028,0.11281396023271029,0.41339360898778477
gptimage2,language,none,en_us,th_th,gptimage2__language__none__th_th-minus-en_us,940,image,LTO,0.019458062554630784,-0.044581212841205836,0.08377881729298362,940,410,82,96,352,588,0.5578231292517006,0.625531914893617,940,380,70,87,403,537,0.5772811918063314,0.5712765957446808,"('image', 'language', 'none', 'en_us', 'th_th', 'main')",18,2.9566202302793028,-0.07865125324615836,0.11756737835541993
gptimage2,language,none,en_us,th_th,gptimage2__language__none__th_th-minus-en_us,940,image,IVR,-0.0910673494952472,-0.16474409599949902,-0.01892451439641713,940,274,39,18,609,331,0.7099697885196374,0.35212765957446807,940,257,54,17,612,328,0.6189024390243902,0.34893617021276596,"('image', 'language', 'none', 'en_us', 'th_th', 'main')",18,2.9566202302793028,-0.20161160640834125,0.019476907417846842
gptimage2,language,none,en_us,hi_in,gptimage2__language__none__hi_in-minus-en_us,940,scenario,PDI,0.09534161490683224,0.02740175573345568,0.1668969285848878,940,5,134,1,800,140,-0.9214285714285714,0.14893617021276595,940,16,168,0,756,184,-0.8260869565217391,0.19574468085106383,"('scenario', 'language', 'none', 'en_us', 'hi_in', 'main')",18,2.9986178490160773,-0.011312417260074648,0.20199564707373913
gptimage2,language,none,en_us,hi_in,gptimage2__language__none__hi_in-minus-en_us,940,scenario,IDV,-0.1365069894306171,-0.21758105327821356,-0.05857897702638991,940,284,148,16,492,448,0.30357142857142855,0.4765957446808511,940,238,168,13,521,419,0.16706443914081145,0.44574468085106383,"('scenario', 'language', 'none', 'en_us', 'hi_in', 'main')",18,2.9986178490160773,-0.25670537924915526,-0.016308599612078922
gptimage2,language,none,en_us,hi_in,gptimage2__language__none__hi_in-minus-en_us,940,scenario,MAS,0.0979558793766444,0.006906949165023418,0.1926357470760892,940,107,240,19,574,366,-0.3633879781420765,0.3893617021276596,940,109,195,20,616,324,-0.2654320987654321,0.3446808510638298,"('scenario', 'language', 'none', 'en_us', 'hi_in', 'main')",18,2.9986178490160773,-0.046018967336414224,0.24193072608970304
gptimage2,language,none,en_us,hi_in,gptimage2__language__none__hi_in-minus-en_us,940,scenario,UAI,0.035034013605442185,-0.17641896542595437,0.24616835994194464,940,52,66,2,820,120,-0.11666666666666667,0.1276595744680851,940,45,53,0,842,98,-0.08163265306122448,0.10425531914893617,"('scenario', 'language', 'none', 'en_us', 'hi_in', 'main')",18,2.9986178490160773,-0.27903371274874544,0.3491017399596298
gptimage2,language,none,en_us,hi_in,gptimage2__language__none__hi_in-minus-en_us,940,scenario,LTO,0.014992019457323091,-0.0907458042092189,0.12008550360647077,940,172,44,7,717,223,0.5739910313901345,0.2372340425531915,940,186,47,3,704,236,0.5889830508474576,0.251063829787234,"('scenario', 'language', 'none', 'en_us', 'hi_in', 'main')",18,2.9986178490160773,-0.14599165320240556,0.17597569211705175
gptimage2,language,none,en_us,hi_in,gptimage2__language__none__hi_in-minus-en_us,940,scenario,IVR,0.030303030303030276,-0.08683935037583976,0.14895330613917826,940,136,17,1,786,154,0.7727272727272727,0.16382978723404254,940,119,13,0,808,132,0.803030303030303,0.14042553191489363,"('scenario', 'language', 'none', 'en_us', 'hi_in', 'main')",18,2.9986178490160773,-0.1484552835033264,0.20906134410938695
gptimage2,language,none,en_us,hi_in,gptimage2__language__none__hi_in-minus-en_us,940,image,PDI,0.11936777541873089,0.05108124874177276,0.1903469905963356,940,15,268,14,643,297,-0.8518518518518519,0.3159574468085106,940,29,259,26,626,314,-0.732484076433121,0.33404255319148934,"('image', 'language', 'none', 'en_us', 'hi_in', 'main')",18,2.9960337101519956,0.012380910391047092,0.22635464044641468
gptimage2,language,none,en_us,hi_in,gptimage2__language__none__hi_in-minus-en_us,940,image,IDV,-0.21676384839650142,-0.2741874154065121,-0.16091045620796526,940,401,169,116,254,686,0.33819241982507287,0.7297872340425532,940,330,245,125,240,700,0.12142857142857143,0.7446808510638298,"('image', 'language', 'none', 'en_us', 'hi_in', 'main')",18,2.9960337101519956,-0.3026383320107942,-0.13088936478220864
gptimage2,language,none,en_us,hi_in,gptimage2__language__none__hi_in-minus-en_us,940,image,MAS,0.06971033868092691,0.022511451184256893,0.11779504353551284,940,178,372,275,115,825,-0.23515151515151514,0.8776595744680851,940,212,347,257,124,816,-0.16544117647058823,0.8680851063829788,"('image', 'language', 'none', 'en_us', 'hi_in', 'main')",18,2.9960337101519956,-0.002760038918608168,0.14218071628046197
gptimage2,language,none,en_us,hi_in,gptimage2__language__none__hi_in-minus-en_us,940,image,UAI,0.20709876543209876,0.10147423783495903,0.3120900229357797,940,168,157,35,580,360,0.030555555555555555,0.3829787234042553,940,189,112,23,616,324,0.23765432098765432,0.3446808510638298,"('image', 'language', 'none', 'en_us', 'hi_in', 'main')",18,2.9960337101519956,0.048970422603418884,0.36522710826077864
gptimage2,language,none,en_us,hi_in,gptimage2__language__none__hi_in-minus-en_us,940,image,LTO,-0.003177158689448789,-0.06976449727842703,0.06266300683897988,940,410,81,96,353,587,0.5604770017035775,0.624468085106383,940,444,89,104,303,637,0.5572998430141287,0.6776595744680851,"('image', 'language', 'none', 'en_us', 'hi_in', 'main')",18,2.9960337101519956,-0.10385229219055724,0.09749797481165966
gptimage2,language,none,en_us,hi_in,gptimage2__language__none__hi_in-minus-en_us,940,image,IVR,-0.11401019256004152,-0.1994037555418689,-0.029721050883070685,940,274,39,18,609,331,0.7099697885196374,0.35212765957446807,940,224,47,26,643,297,0.5959595959595959,0.3159574468085106,"('image', 'language', 'none', 'en_us', 'hi_in', 'main')",18,2.9960337101519956,-0.24368154356773022,0.015661158447647178
gptimage2,language,none,zh_cn,th_th,gptimage2__language__none__th_th-minus-zh_cn,943,scenario,PDI,0.05740021193924405,-0.04336638894036733,0.1632728207562093,943,14,138,0,791,152,-0.8157894736842105,0.16118769883351008,943,18,131,0,794,149,-0.7583892617449665,0.15800636267232238,"('scenario', 'language', 'none', 'zh_cn', 'th_th', 'main')",18,2.9925555496306173,-0.10127556613956024,0.21607599001804834
gptimage2,language,none,zh_cn,th_th,gptimage2__language__none__th_th-minus-zh_cn,943,scenario,IDV,-0.037518037518037506,-0.1153921599501978,0.04117159825481752,943,239,144,13,547,396,0.2398989898989899,0.41993637327677624,943,248,163,9,523,420,0.20238095238095238,0.44538706256627786,"('scenario', 'language', 'none', 'zh_cn', 'th_th', 'main')",18,2.9925555496306173,-0.15766924560802476,0.08263317057194973
gptimage2,language,none,zh_cn,th_th,gptimage2__language__none__th_th-minus-zh_cn,943,scenario,MAS,-0.14583333333333331,-0.23170823887913872,-0.058615861675247155,943,119,179,22,623,320,-0.1875,0.33934252386002123,943,104,217,18,604,339,-0.3333333333333333,0.35949098621421,"('scenario', 'language', 'none', 'zh_cn', 'th_th', 'main')",18,2.9925555496306173,-0.2755995848559893,-0.01606708181067734
gptimage2,language,none,zh_cn,th_th,gptimage2__language__none__th_th-minus-zh_cn,943,scenario,UAI,-0.07476635514018691,-0.2687270027818585,0.1142868031358885,943,50,57,0,836,107,-0.06542056074766354,0.11346765641569459,943,46,61,0,836,107,-0.14018691588785046,0.11346765641569459,"('scenario', 'language', 'none', 'zh_cn', 'th_th', 'main')",18,2.9925555496306173,-0.36894537921480813,0.21941266893443429
gptimage2,language,none,zh_cn,th_th,gptimage2__language__none__th_th-minus-zh_cn,943,scenario,LTO,-0.007685641306330981,-0.12818548780217126,0.10034904522834638,943,149,45,9,740,203,0.5123152709359606,0.21527041357370094,943,161,52,3,727,216,0.5046296296296297,0.22905620360551432,"('scenario', 'language', 'none', 'zh_cn', 'th_th', 'main')",18,2.9925555496306173,-0.1837722585301224,0.16840097591746045
gptimage2,language,none,zh_cn,th_th,gptimage2__language__none__th_th-minus-zh_cn,943,scenario,IVR,-0.046834625322997314,-0.17523197773972596,0.07593781044577376,943,114,13,2,814,129,0.7829457364341085,0.13679745493107104,943,125,19,0,799,144,0.7361111111111112,0.15270413573700956,"('scenario', 'language', 'none', 'zh_cn', 'th_th', 'main')",18,2.9925555496306173,-0.24077163819781663,0.147102387551822
gptimage2,language,none,zh_cn,th_th,gptimage2__language__none__th_th-minus-zh_cn,943,image,PDI,0.06943874259574223,-0.008721996204368034,0.14949194392177534,943,29,245,15,654,289,-0.7474048442906575,0.3064687168610817,943,37,237,21,648,295,-0.6779661016949152,0.31283138918345704,"('image', 'language', 'none', 'zh_cn', 'th_th', 'main')",18,3.0269386370835756,-0.05129528394029309,0.19017276913177755
gptimage2,language,none,zh_cn,th_th,gptimage2__language__none__th_th-minus-zh_cn,943,image,IDV,-0.03572268265444073,-0.09303681835706851,0.022673082530917897,943,331,194,117,301,642,0.21339563862928349,0.6808059384941676,943,325,212,99,307,636,0.17767295597484276,0.6744432661717922,"('image', 'language', 'none', 'zh_cn', 'th_th', 'main')",18,3.0269386370835756,-0.1270285441775127,0.05558317886863125
gptimage2,language,none,zh_cn,th_th,gptimage2__language__none__th_th-minus-zh_cn,943,image,MAS,-0.024452157859464085,-0.06918845935498119,0.01919870057772854,943,218,352,238,135,808,-0.16584158415841585,0.8568398727465536,943,198,347,238,160,783,-0.19029374201787994,0.8303287380699894,"('image', 'language', 'none', 'zh_cn', 'th_th', 'main')",18,3.0269386370835756,-0.09294278954606883,0.044038473827140656
gptimage2,language,none,zh_cn,th_th,gptimage2__language__none__th_th-minus-zh_cn,943,image,UAI,0.05676714057685883,-0.04471558534058537,0.16119993159182566,943,195,114,32,602,341,0.2375366568914956,0.3616118769883351,943,195,102,19,627,316,0.29430379746835444,0.33510074231177095,"('image', 'language', 'none', 'zh_cn', 'th_th', 'main')",18,3.0269386370835756,-0.1020495429428259,0.21558382409654356
gptimage2,language,none,zh_cn,th_th,gptimage2__language__none__th_th-minus-zh_cn,943,image,LTO,-0.006581538657010388,-0.07213010970504695,0.058965109384961946,943,417,72,94,360,583,0.5917667238421955,0.6182396606574762,943,384,68,88,403,540,0.5851851851851851,0.5726405090137858,"('image', 'language', 'none', 'zh_cn', 'th_th', 'main')",18,3.0269386370835756,-0.1065015806107472,0.09333850329672642
gptimage2,language,none,zh_cn,th_th,gptimage2__language__none__th_th-minus-zh_cn,943,image,IVR,0.02197304337977124,-0.06316950059993252,0.10927065089691262,943,249,53,22,619,324,0.6049382716049383,0.34358430540827145,943,257,52,18,616,327,0.6269113149847095,0.34676564156945916,"('image', 'language', 'none', 'zh_cn', 'th_th', 'main')",18,3.0269386370835756,-0.11171193201555304,0.15565801877509552
gptimage2,language,none,zh_cn,hi_in,gptimage2__language__none__hi_in-minus-zh_cn,944,scenario,PDI,-0.02001151742009788,-0.11603778850677621,0.06868810276413671,944,13,138,0,793,151,-0.8278145695364238,0.15995762711864406,944,14,170,0,760,184,-0.8478260869565217,0.19491525423728814,"('scenario', 'language', 'none', 'zh_cn', 'hi_in', 'main')",18,2.9961088993294425,-0.16109681634753997,0.12107378150734421
gptimage2,language,none,zh_cn,hi_in,gptimage2__language__none__hi_in-minus-zh_cn,944,scenario,IDV,-0.08148170099273966,-0.16709639100468726,0.0001526418071403717,944,239,145,13,547,397,0.2367758186397985,0.4205508474576271,944,239,173,13,519,425,0.15529411764705883,0.4502118644067797,"('scenario', 'language', 'none', 'zh_cn', 'hi_in', 'main')",18,2.9961088993294425,-0.20858383589801707,0.045620433912537756
gptimage2,language,none,zh_cn,hi_in,gptimage2__language__none__hi_in-minus-zh_cn,944,scenario,MAS,-0.08498567225032214,-0.18000800735984157,0.009259468465901245,944,119,178,22,625,319,-0.18495297805642633,0.3379237288135593,944,109,197,20,618,326,-0.26993865030674846,0.3453389830508475,"('scenario', 'language', 'none', 'zh_cn', 'hi_in', 'main')",18,2.9961088993294425,-0.23036594681810169,0.06039460231745741
gptimage2,language,none,zh_cn,hi_in,gptimage2__language__none__hi_in-minus-zh_cn,944,scenario,UAI,-0.01621209231356094,-0.22638819164029247,0.19328819888193155,944,50,57,0,837,107,-0.06542056074766354,0.11334745762711865,944,45,53,0,846,98,-0.08163265306122448,0.1038135593220339,"('scenario', 'language', 'none', 'zh_cn', 'hi_in', 'main')",18,2.9961088993294425,-0.3393925813375247,0.30696839671040277
gptimage2,language,none,zh_cn,hi_in,gptimage2__language__none__hi_in-minus-zh_cn,944,scenario,LTO,0.09712678914987627,-0.011920158486732984,0.2018294741393305,944,149,45,9,741,203,0.5123152709359606,0.21504237288135594,944,186,44,3,711,233,0.6094420600858369,0.2468220338983051,"('scenario', 'language', 'none', 'zh_cn', 'hi_in', 'main')",18,2.9961088993294425,-0.064213039920858,0.25846661822061057
gptimage2,language,none,zh_cn,hi_in,gptimage2__language__none__hi_in-minus-zh_cn,944,scenario,IVR,0.015503875968992276,-0.10110371267150925,0.13308997260509906,944,114,13,2,815,129,0.7829457364341085,0.13665254237288135,944,116,13,0,815,129,0.7984496124031008,0.13665254237288135,"('scenario', 'language', 'none', 'zh_cn', 'hi_in', 'main')",18,2.9961088993294425,-0.16459785454427464,0.1956056064822592
gptimage2,language,none,zh_cn,hi_in,gptimage2__language__none__hi_in-minus-zh_cn,944,image,PDI,0.006581494386372455,-0.07430545083402913,0.08590933482650952,944,28,244,15,657,287,-0.7526132404181185,0.3040254237288136,944,27,262,26,629,315,-0.746031746031746,0.3336864406779661,"('image', 'language', 'none', 'zh_cn', 'hi_in', 'main')",18,2.9882272245237704,-0.11405706780510888,0.1272200565778538
gptimage2,language,none,zh_cn,hi_in,gptimage2__language__none__hi_in-minus-zh_cn,944,image,IDV,-0.10261814807450122,-0.15903196505234093,-0.046126146546598565,944,331,195,116,302,642,0.2118380062305296,0.6800847457627118,944,327,250,128,239,705,0.10921985815602837,0.746822033898305,"('image', 'language', 'none', 'zh_cn', 'hi_in', 'main')",18,2.9882272245237704,-0.189008424663287,-0.01622787148571546
gptimage2,language,none,zh_cn,hi_in,gptimage2__language__none__hi_in-minus-zh_cn,944,image,MAS,0.0010190237872712282,-0.045454803563453015,0.04741562451130355,944,218,353,238,135,809,-0.1668726823238566,0.8569915254237288,944,210,346,264,124,820,-0.16585365853658537,0.8686440677966102,"('image', 'language', 'none', 'zh_cn', 'hi_in', 'main')",18,2.9882272245237704,-0.06962848015644836,0.07166652773099082
gptimage2,language,none,zh_cn,hi_in,gptimage2__language__none__hi_in-minus-zh_cn,944,image,UAI,-0.005338514476634942,-0.11325458699670535,0.10260095128852437,944,195,114,32,603,341,0.2375366568914956,0.361228813559322,944,187,112,24,621,323,0.23219814241486067,0.3421610169491525,"('image', 'language', 'none', 'zh_cn', 'hi_in', 'main')",18,2.9882272245237704,-0.17135949126313887,0.160682462309869
gptimage2,language,none,zh_cn,hi_in,gptimage2__language__none__hi_in-minus-zh_cn,944,image,LTO,-0.02729361443089595,-0.09007498863387257,0.03807016961134019,944,416,71,94,363,581,0.5938037865748709,0.6154661016949152,944,448,86,105,305,639,0.5665101721439749,0.676906779661017,"('image', 'language', 'none', 'zh_cn', 'hi_in', 'main')",18,2.9882272245237704,-0.12418474869147259,0.06959751982968068
gptimage2,language,none,zh_cn,hi_in,gptimage2__language__none__hi_in-minus-zh_cn,944,image,IVR,-0.015712682379349086,-0.10880552449290223,0.07802364533400598,944,249,53,22,620,324,0.6049382716049383,0.3432203389830508,944,224,49,24,647,297,0.5892255892255892,0.3146186440677966,"('image', 'language', 'none', 'zh_cn', 'hi_in', 'main')",18,2.9882272245237704,-0.1586155358835505,0.12719017112485234
gptimage2,language,none,th_th,hi_in,gptimage2__language__none__hi_in-minus-th_th,948,scenario,PDI,-0.08221033868092686,-0.17925747119122046,0.005554522796752872,948,19,131,0,798,150,-0.7466666666666667,0.15822784810126583,948,16,171,0,761,187,-0.8288770053475936,0.19725738396624473,"('scenario', 'language', 'none', 'th_th', 'hi_in', 'main')",18,3.0165291472213385,-0.22579828474928668,0.06137760738743295
gptimage2,language,none,th_th,hi_in,gptimage2__language__none__hi_in-minus-th_th,948,scenario,IDV,-0.0478895384887944,-0.12687888530196997,0.02821365664974754,948,250,165,9,524,424,0.20047169811320756,0.4472573839662447,948,239,174,13,522,426,0.15258215962441316,0.44936708860759494,"('scenario', 'language', 'none', 'th_th', 'hi_in', 'main')",18,3.0165291472213385,-0.16785624446619596,0.07207716748860715
gptimage2,language,none,th_th,hi_in,gptimage2__language__none__hi_in-minus-th_th,948,scenario,MAS,0.06727828746177367,-0.016768794362284786,0.15434237705287587,948,104,217,18,609,339,-0.3333333333333333,0.3575949367088608,948,110,197,20,621,327,-0.26605504587155965,0.3449367088607595,"('scenario', 'language', 'none', 'th_th', 'hi_in', 'main')",18,3.0165291472213385,-0.0662318709800897,0.20078844590363704
gptimage2,language,none,th_th,hi_in,gptimage2__language__none__hi_in-minus-th_th,948,scenario,UAI,0.05855426282662597,-0.13640432336495276,0.2525315656565656,948,46,61,0,841,107,-0.14018691588785046,0.11286919831223628,948,45,53,0,850,98,-0.08163265306122448,0.10337552742616034,"('scenario', 'language', 'none', 'th_th', 'hi_in', 'main')",18,3.0165291472213385,-0.24266675770243978,0.3597752833556917
gptimage2,language,none,th_th,hi_in,gptimage2__language__none__hi_in-minus-th_th,948,scenario,LTO,0.09815736277406312,-0.006616511836023584,0.20624741156415394,948,161,54,3,730,218,0.4908256880733945,0.229957805907173,948,186,47,3,712,236,0.5889830508474576,0.2489451476793249,"('scenario', 'language', 'none', 'th_th', 'hi_in', 'main')",18,3.0165291472213385,-0.06723856642626047,0.2635532919743867
gptimage2,language,none,th_th,hi_in,gptimage2__language__none__hi_in-minus-th_th,948,scenario,IVR,0.07513914656771792,-0.03921851521977699,0.1912104383945099,948,127,20,0,801,147,0.7278911564625851,0.1550632911392405,948,119,13,0,816,132,0.803030303030303,0.13924050632911392,"('scenario', 'language', 'none', 'th_th', 'hi_in', 'main')",18,3.0165291472213385,-0.09831264342573576,0.2485909365611716
gptimage2,language,none,th_th,hi_in,gptimage2__language__none__hi_in-minus-th_th,948,image,PDI,-0.06244838320310009,-0.1295873955215871,0.0039442757388170055,948,38,238,21,651,297,-0.6734006734006734,0.31329113924050633,948,29,263,26,630,318,-0.7358490566037735,0.33544303797468356,"('image', 'language', 'none', 'th_th', 'hi_in', 'main')",18,2.9891464569399044,-0.1656452876893063,0.04074852128310613
gptimage2,language,none,th_th,hi_in,gptimage2__language__none__hi_in-minus-th_th,948,image,IDV,-0.06866886279510476,-0.1242801533756155,-0.012016148117533447,948,327,212,99,310,638,0.18025078369905956,0.6729957805907173,948,329,250,129,240,708,0.1115819209039548,0.7468354430379747,"('image', 'language', 'none', 'th_th', 'hi_in', 'main')",18,2.9891464569399044,-0.15408814013537006,0.016750414545160547
gptimage2,language,none,th_th,hi_in,gptimage2__language__none__hi_in-minus-th_th,948,image,MAS,0.02554866088501251,-0.020586425713913607,0.07267211341115008,948,199,349,239,161,787,-0.1905972045743329,0.830168776371308,948,212,348,264,124,824,-0.1650485436893204,0.869198312236287,"('image', 'language', 'none', 'th_th', 'hi_in', 'main')",18,2.9891464569399044,-0.045847602388395955,0.09694492415842097
gptimage2,language,none,th_th,hi_in,gptimage2__language__none__hi_in-minus-th_th,948,image,UAI,-0.058001397624039136,-0.1564645651050595,0.03833962967005903,948,197,102,19,630,318,0.29874213836477986,0.33544303797468356,948,189,111,24,624,324,0.24074074074074073,0.34177215189873417,"('image', 'language', 'none', 'th_th', 'hi_in', 'main')",18,2.9891464569399044,-0.20749045808103186,0.09148766283295359
gptimage2,language,none,th_th,hi_in,gptimage2__language__none__hi_in-minus-th_th,948,image,LTO,-0.025473365239482182,-0.08802485008320358,0.03842282284609891,948,386,69,88,405,543,0.583793738489871,0.5727848101265823,948,448,89,106,305,643,0.5583203732503889,0.6782700421940928,"('image', 'language', 'none', 'th_th', 'hi_in', 'main')",18,2.9891464569399044,-0.12047101141942747,0.0695242809404631
gptimage2,language,none,th_th,hi_in,gptimage2__language__none__hi_in-minus-th_th,948,image,IVR,-0.0312954803223896,-0.11462488239217579,0.056105433946245044,948,259,54,18,617,331,0.6193353474320241,0.3491561181434599,948,226,49,26,647,301,0.5880398671096345,0.31751054852320676,"('image', 'language', 'none', 'th_th', 'hi_in', 'main')",18,2.9891464569399044,-0.16291278454451272,0.10032182389973351
gptimage2,cue,en_us,none,us,gptimage2__cue__en_us__us-minus-none,930,scenario,PDI,-0.03631790744466801,-0.09542876019514523,0.01698860164983475,930,5,134,1,790,140,-0.9214285714285714,0.15053763440860216,930,3,139,0,788,142,-0.9577464788732394,0.15268817204301074,"('scenario', 'cue', 'en_us', 'none', 'us', 'main')",36,3.2325803990029582,-0.1288731144653803,0.05623729957604427
gptimage2,cue,en_us,none,us,gptimage2__cue__en_us__us-minus-none,930,scenario,IDV,0.04977375565610864,-0.013074267021227798,0.11281407789665324,930,280,146,16,488,442,0.3031674208144796,0.4752688172043011,930,285,135,5,505,425,0.35294117647058826,0.45698924731182794,"('scenario', 'cue', 'en_us', 'none', 'us', 'main')",36,3.2325803990029582,-0.055364574418965584,0.15491208573118287
gptimage2,cue,en_us,none,us,gptimage2__cue__en_us__us-minus-none,930,scenario,MAS,0.027621739283081148,-0.053775770303427686,0.10608180373163476,930,107,238,19,566,364,-0.3598901098901099,0.3913978494623656,930,99,203,11,617,313,-0.33226837060702874,0.3365591397849462,"('scenario', 'cue', 'en_us', 'none', 'us', 'main')",36,3.2325803990029582,-0.10358369937857728,0.15882717794473958
gptimage2,cue,en_us,none,us,gptimage2__cue__en_us__us-minus-none,930,scenario,UAI,-0.08333333333333334,-0.26415900151015026,0.09188135998200932,930,52,66,2,810,120,-0.11666666666666667,0.12903225806451613,930,40,60,0,830,100,-0.2,0.10752688172043011,"('scenario', 'cue', 'en_us', 'none', 'us', 'main')",36,3.2325803990029582,-0.3714883302572898,0.20482166359062312
gptimage2,cue,en_us,none,us,gptimage2__cue__en_us__us-minus-none,930,scenario,LTO,-0.07013574660633481,-0.19082374964195298,0.049022493077899104,930,170,44,7,709,221,0.5701357466063348,0.23763440860215054,930,142,46,4,738,192,0.5,0.2064516129032258,"('scenario', 'cue', 'en_us', 'none', 'us', 'main')",36,3.2325803990029582,-0.26752957661997645,0.12725808340730682
gptimage2,cue,en_us,none,us,gptimage2__cue__en_us__us-minus-none,930,scenario,IVR,0.018523702874206793,-0.07267678906039203,0.11179605263157893,930,135,16,1,778,152,0.7828947368421053,0.16344086021505377,930,126,13,2,789,141,0.8014184397163121,0.15161290322580645,"('scenario', 'cue', 'en_us', 'none', 'us', 'main')",36,3.2325803990029582,-0.13425126656363232,0.1712986723120459
gptimage2,cue,en_us,none,us,gptimage2__cue__en_us__us-minus-none,930,image,PDI,0.00792097660982205,-0.0503759904880387,0.06745467676302756,930,16,264,14,636,294,-0.8435374149659864,0.3161290322580645,930,17,261,14,638,292,-0.8356164383561644,0.3139784946236559,"('image', 'cue', 'en_us', 'none', 'us', 'main')",36,3.2219506620537737,-0.08936744889402767,0.10520940211367177
gptimage2,cue,en_us,none,us,gptimage2__cue__en_us__us-minus-none,930,image,IDV,-0.06057291621544353,-0.11041097319251225,-0.012754517270285011,930,397,168,111,254,676,0.33875739644970415,0.7268817204301076,930,379,189,115,247,683,0.2781844802342606,0.7344086021505376,"('image', 'cue', 'en_us', 'none', 'us', 'main')",36,3.2219506620537737,-0.1409916187312022,0.019845786300315124
gptimage2,cue,en_us,none,us,gptimage2__cue__en_us__us-minus-none,930,image,MAS,0.02696476676699172,-0.016927654595133318,0.07159884776578733,930,177,370,267,116,814,-0.2371007371007371,0.875268817204301,930,186,356,267,121,809,-0.21013597033374537,0.8698924731182796,"('image', 'cue', 'en_us', 'none', 'us', 'main')",36,3.2219506620537737,-0.045888542008477626,0.09981807554246107
gptimage2,cue,en_us,none,us,gptimage2__cue__en_us__us-minus-none,930,image,UAI,0.05392811330139532,-0.04318390205584263,0.15305130813567167,930,168,155,34,573,357,0.036414565826330535,0.38387096774193546,930,158,129,34,609,321,0.09034267912772585,0.34516129032258064,"('image', 'cue', 'en_us', 'none', 'us', 'main')",36,3.2219506620537737,-0.10350235604507302,0.21135858264786367
gptimage2,cue,en_us,none,us,gptimage2__cue__en_us__us-minus-none,930,image,LTO,-0.006174162843544995,-0.06830480478663917,0.05431871147771337,930,404,82,95,349,581,0.5542168674698795,0.624731182795699,930,390,82,90,368,562,0.5480427046263345,0.6043010752688172,"('image', 'cue', 'en_us', 'none', 'us', 'main')",36,3.2219506620537737,-0.10693560512050848,0.09458727943341849
gptimage2,cue,en_us,none,us,gptimage2__cue__en_us__us-minus-none,930,image,IVR,-0.009382846570635706,-0.07901510298188397,0.06043730554063197,930,272,38,19,601,329,0.7112462006079028,0.35376344086021505,930,263,37,22,608,322,0.7018633540372671,0.34623655913978496,"('image', 'cue', 'en_us', 'none', 'us', 'main')",36,3.2219506620537737,-0.12464010468969423,0.10587441154842282
gptimage2,cue,en_us,none,cn,gptimage2__cue__en_us__cn-minus-none,936,scenario,PDI,0.372132796780684,0.24584606826080818,0.5044416571319239,936,5,134,1,796,140,-0.9214285714285714,0.14957264957264957,936,32,110,0,794,142,-0.5492957746478874,0.1517094017094017,"('scenario', 'cue', 'en_us', 'none', 'cn', 'main')",36,3.2138908381568254,0.15768595271189792,0.5865796408494701
gptimage2,cue,en_us,none,cn,gptimage2__cue__en_us__cn-minus-none,936,scenario,IDV,-0.09797297297297294,-0.16390706329741558,-0.03102246418520508,936,282,146,16,492,444,0.3063063063063063,0.47435897435897434,936,241,156,11,528,408,0.20833333333333334,0.4358974358974359,"('scenario', 'cue', 'en_us', 'none', 'cn', 'main')",36,3.2138908381568254,-0.20794114118926477,0.011995195243318865
gptimage2,cue,en_us,none,cn,gptimage2__cue__en_us__cn-minus-none,936,scenario,MAS,0.20628284758719542,0.11997678336678544,0.29304164223625134,936,105,240,19,572,364,-0.3708791208791209,0.3888888888888889,936,129,182,11,614,322,-0.16459627329192547,0.344017094017094,"('scenario', 'cue', 'en_us', 'none', 'cn', 'main')",36,3.2138908381568254,0.06579691865462478,0.34676877651976606
gptimage2,cue,en_us,none,cn,gptimage2__cue__en_us__cn-minus-none,936,scenario,UAI,-0.015986394557823136,-0.20200303760848604,0.1702299592124872,936,52,66,2,816,120,-0.11666666666666667,0.1282051282051282,936,42,55,1,838,98,-0.1326530612244898,0.1047008547008547,"('scenario', 'cue', 'en_us', 'none', 'cn', 'main')",36,3.2138908381568254,-0.32047822761640005,0.2885054385007538
gptimage2,cue,en_us,none,cn,gptimage2__cue__en_us__cn-minus-none,936,scenario,LTO,-0.06586224233283056,-0.16887598417386604,0.03930992149946393,936,170,44,7,715,221,0.5701357466063348,0.2361111111111111,936,172,54,8,702,234,0.5042735042735043,0.25,"('scenario', 'cue', 'en_us', 'none', 'cn', 'main')",36,3.2138908381568254,-0.23526170361082954,0.10353721894516843
gptimage2,cue,en_us,none,cn,gptimage2__cue__en_us__cn-minus-none,936,scenario,IVR,-0.041456582633053185,-0.14439934666642446,0.05902132838467117,936,136,16,1,783,153,0.7843137254901961,0.16346153846153846,936,121,17,2,796,140,0.7428571428571429,0.14957264957264957,"('scenario', 'cue', 'en_us', 'none', 'cn', 'main')",36,3.2138908381568254,-0.21052637418951695,0.12761320892341058
gptimage2,cue,en_us,none,cn,gptimage2__cue__en_us__cn-minus-none,936,image,PDI,0.3337783207183608,0.24442715261000364,0.42653759382671647,936,16,263,14,643,293,-0.8430034129692833,0.31303418803418803,936,56,194,21,665,271,-0.5092250922509225,0.28952991452991456,"('image', 'cue', 'en_us', 'none', 'cn', 'main')",36,3.19842316265399,0.18563595168564043,0.48192068975108115
gptimage2,cue,en_us,none,cn,gptimage2__cue__en_us__cn-minus-none,936,image,IDV,-0.3203116996209405,-0.37668109195381594,-0.2646754603676884,936,398,167,116,255,681,0.3392070484581498,0.7275641025641025,936,298,285,105,248,688,0.0188953488372093,0.7350427350427351,"('image', 'cue', 'en_us', 'none', 'cn', 'main')",36,3.19842316265399,-0.4134748330100832,-0.22714856623179785
gptimage2,cue,en_us,none,cn,gptimage2__cue__en_us__cn-minus-none,936,image,MAS,0.1539741576030584,0.10986398899984916,0.20171055034297064,936,176,373,271,116,820,-0.24024390243902438,0.8760683760683761,936,261,332,230,113,823,-0.08626974483596597,0.8792735042735043,"('image', 'cue', 'en_us', 'none', 'cn', 'main')",36,3.19842316265399,0.07916632699719071,0.2287819882089261
gptimage2,cue,en_us,none,cn,gptimage2__cue__en_us__cn-minus-none,936,image,UAI,0.24113218856880927,0.14587829782572279,0.3383939204589637,936,167,157,35,577,359,0.027855153203342618,0.38354700854700857,936,187,102,27,620,316,0.2689873417721519,0.33760683760683763,"('image', 'cue', 'en_us', 'none', 'cn', 'main')",36,3.19842316265399,0.08439010222363358,0.39787427491398497
gptimage2,cue,en_us,none,cn,gptimage2__cue__en_us__cn-minus-none,936,image,LTO,-0.029857549857549848,-0.09157265669770787,0.03145418622168331,936,408,82,95,351,585,0.5572649572649573,0.625,936,446,90,139,261,675,0.5274074074074074,0.7211538461538461,"('image', 'cue', 'en_us', 'none', 'cn', 'main')",36,3.19842316265399,-0.12989903637609265,0.07018393666099296
gptimage2,cue,en_us,none,cn,gptimage2__cue__en_us__cn-minus-none,936,image,IVR,-0.3005681818181818,-0.3921112702600775,-0.2087828022108514,936,274,37,19,606,330,0.7181818181818181,0.3525641025641026,936,234,87,31,584,352,0.41761363636363635,0.37606837606837606,"('image', 'cue', 'en_us', 'none', 'cn', 'main')",36,3.19842316265399,-0.4483259864399357,-0.1528103771964279
gptimage2,cue,en_us,none,th,gptimage2__cue__en_us__th-minus-none,937,scenario,PDI,0.17142857142857137,0.06992163721107793,0.28858124177715694,937,5,134,1,797,140,-0.9214285714285714,0.14941302027748132,937,18,126,0,793,144,-0.75,0.1536819637139808,"('scenario', 'cue', 'en_us', 'none', 'th', 'main')",18,2.993548230945527,0.005731178915005769,0.337125963942137
gptimage2,cue,en_us,none,th,gptimage2__cue__en_us__th-minus-none,937,scenario,IDV,-0.020923188886629474,-0.0905493780241488,0.04852718243520721,937,283,147,16,491,446,0.30493273542600896,0.4759871931696905,937,265,146,8,518,419,0.2840095465393795,0.4471718249733191,"('scenario', 'cue', 'en_us', 'none', 'th', 'main')",18,2.993548230945527,-0.12627715787894345,0.08443078010568451
gptimage2,cue,en_us,none,th,gptimage2__cue__en_us__th-minus-none,937,scenario,MAS,0.07676147382029735,-0.005633152429208822,0.15968357568860977,937,105,240,19,573,364,-0.3708791208791209,0.38847385272145146,937,104,194,8,631,306,-0.29411764705882354,0.3265741728922092,"('scenario', 'cue', 'en_us', 'none', 'th', 'main')",18,2.993548230945527,-0.04936852973815886,0.20289147737875357
gptimage2,cue,en_us,none,th,gptimage2__cue__en_us__th-minus-none,937,scenario,UAI,-0.13608058608058607,-0.33093361425499157,0.05691980945601834,937,52,66,2,817,120,-0.11666666666666667,0.128068303094984,937,34,57,0,846,91,-0.25274725274725274,0.09711846318036287,"('scenario', 'cue', 'en_us', 'none', 'th', 'main')",18,2.993548230945527,-0.4299132576136049,0.15775208545243272
gptimage2,cue,en_us,none,th,gptimage2__cue__en_us__th-minus-none,937,scenario,LTO,-0.10823098470157289,-0.2297729305967158,0.007084187381013629,937,170,44,7,716,221,0.5701357466063348,0.23585912486659552,937,151,54,5,727,210,0.46190476190476193,0.22411953041622198,"('scenario', 'cue', 'en_us', 'none', 'th', 'main')",18,2.993548230945527,-0.28892946144231485,0.07246749203916908
gptimage2,cue,en_us,none,th,gptimage2__cue__en_us__th-minus-none,937,scenario,IVR,0.057065584854631535,-0.041706547214405164,0.1614923243952936,937,136,16,1,784,153,0.7843137254901961,0.1632870864461046,937,133,11,1,792,145,0.8413793103448276,0.15474919957310565,"('scenario', 'cue', 'en_us', 'none', 'th', 'main')",18,2.993548230945527,-0.09962788903684522,0.2137590587461083
gptimage2,cue,en_us,none,th,gptimage2__cue__en_us__th-minus-none,937,image,PDI,0.2139077853363568,0.13374750388278517,0.2943102773816362,937,16,264,14,643,294,-0.8435374149659864,0.3137673425827108,937,44,214,12,667,270,-0.6296296296296297,0.288153681963714,"('image', 'cue', 'en_us', 'none', 'th', 'main')",18,2.9898350556174136,0.08993928078794247,0.33787628988477114
gptimage2,cue,en_us,none,th,gptimage2__cue__en_us__th-minus-none,937,image,IDV,-0.24404335922368342,-0.30140303339155483,-0.1877792952764039,937,399,168,116,254,683,0.33821376281112736,0.7289220917822838,937,316,253,100,268,669,0.09417040358744394,0.7139807897545357,"('image', 'cue', 'en_us', 'none', 'th', 'main')",18,2.9898350556174136,-0.3314953523766445,-0.15659136607072233
gptimage2,cue,en_us,none,th,gptimage2__cue__en_us__th-minus-none,937,image,MAS,-0.018444624100425328,-0.06111337319060237,0.025539430278622842,937,177,372,272,116,821,-0.23751522533495736,0.8762006403415155,937,183,387,227,140,797,-0.2559598494353827,0.8505869797225186,"('image', 'cue', 'en_us', 'none', 'th', 'main')",18,2.9898350556174136,-0.0843583779630311,0.04746912976218044
gptimage2,cue,en_us,none,th,gptimage2__cue__en_us__th-minus-none,937,image,UAI,0.1526647464769674,0.051790989756340916,0.2501691609054541,937,167,156,35,579,358,0.030726256983240222,0.3820704375667022,937,158,105,26,648,289,0.18339100346020762,0.3084311632870864,"('image', 'cue', 'en_us', 'none', 'th', 'main')",18,2.9898350556174136,0.0005720641036540131,0.3047574288502808
gptimage2,cue,en_us,none,th,gptimage2__cue__en_us__th-minus-none,937,image,LTO,-0.12136752136752138,-0.1911093180065583,-0.0563472767473064,937,408,82,95,352,585,0.5572649572649573,0.624332977588047,937,366,111,108,352,585,0.4358974358974359,0.624332977588047,"('image', 'cue', 'en_us', 'none', 'th', 'main')",18,2.9898350556174136,-0.2241830223836045,-0.018552020351438256
gptimage2,cue,en_us,none,th,gptimage2__cue__en_us__th-minus-none,937,image,IVR,-0.04072202899286592,-0.11411787266631383,0.03569375714109689,937,274,38,19,606,331,0.7129909365558912,0.35325506937033085,937,286,46,25,580,357,0.6722689075630253,0.3810032017075774,"('image', 'cue', 'en_us', 'none', 'th', 'main')",18,2.9898350556174136,-0.15512765165281706,0.07368359366708521
gptimage2,cue,en_us,none,in,gptimage2__cue__en_us__in-minus-none,938,scenario,PDI,0.1145320197044335,0.03409750598844586,0.20832764771972487,938,5,134,1,798,140,-0.9214285714285714,0.14925373134328357,938,14,131,0,793,145,-0.8068965517241379,0.15458422174840086,"('scenario', 'cue', 'en_us', 'none', 'in', 'main')",18,3.0362276836274438,-0.021321701868392995,0.25038574127726
gptimage2,cue,en_us,none,in,gptimage2__cue__en_us__in-minus-none,938,scenario,IDV,-0.0255209707201266,-0.09899736200964251,0.04502952022767051,938,283,147,16,492,446,0.30493273542600896,0.47547974413646055,938,257,143,8,530,408,0.27941176470588236,0.4349680170575693,"('scenario', 'cue', 'en_us', 'none', 'in', 'main')",18,3.0362276836274438,-0.1385206493733382,0.087478707933085
gptimage2,cue,en_us,none,in,gptimage2__cue__en_us__in-minus-none,938,scenario,MAS,0.10842109072485795,0.02542661773629507,0.19396321714921066,938,107,240,19,572,366,-0.3633879781420765,0.39019189765458423,938,106,183,13,636,302,-0.25496688741721857,0.32196162046908317,"('scenario', 'cue', 'en_us', 'none', 'in', 'main')",18,3.0362276836274438,-0.023462296202510752,0.24030447765222665
gptimage2,cue,en_us,none,in,gptimage2__cue__en_us__in-minus-none,938,scenario,UAI,0.07365591397849462,-0.12285556736007275,0.2681638418079096,938,52,66,2,818,120,-0.11666666666666667,0.1279317697228145,938,44,48,1,845,93,-0.043010752688172046,0.09914712153518124,"('scenario', 'cue', 'en_us', 'none', 'in', 'main')",18,3.0362276836274438,-0.22963915926765127,0.37695098722464054
gptimage2,cue,en_us,none,in,gptimage2__cue__en_us__in-minus-none,938,scenario,LTO,-0.027471133104935985,-0.13705817232314887,0.08258634140492407,938,171,44,7,716,222,0.5720720720720721,0.23667377398720682,938,162,46,5,725,213,0.5446009389671361,0.22707889125799574,"('scenario', 'cue', 'en_us', 'none', 'in', 'main')",18,3.0362276836274438,-0.19507726291560756,0.1401349967057356
gptimage2,cue,en_us,none,in,gptimage2__cue__en_us__in-minus-none,938,scenario,IVR,-0.07486553976181332,-0.1823041588429523,0.027442363169323303,938,135,16,1,786,152,0.7828947368421053,0.16204690831556504,938,117,20,0,801,137,0.708029197080292,0.1460554371002132,"('scenario', 'cue', 'en_us', 'none', 'in', 'main')",18,3.0362276836274438,-0.2388295275908807,0.08909844806725406
gptimage2,cue,en_us,none,in,gptimage2__cue__en_us__in-minus-none,938,image,PDI,0.20196253345227477,0.1256729590284048,0.28080013801221626,938,16,265,14,643,295,-0.8440677966101695,0.31449893390191896,938,40,223,22,653,285,-0.6421052631578947,0.30383795309168443,"('image', 'cue', 'en_us', 'none', 'in', 'main')",18,2.960709143208547,0.08587398121782187,0.3180510856867277
gptimage2,cue,en_us,none,in,gptimage2__cue__en_us__in-minus-none,938,image,IDV,-0.21809734454200358,-0.274643037385224,-0.15970135796796553,938,399,167,117,255,683,0.3396778916544656,0.7281449893390192,938,318,238,102,280,658,0.12158054711246201,0.7014925373134329,"('image', 'cue', 'en_us', 'none', 'in', 'main')",18,2.960709143208547,-0.30501807704275674,-0.13117661204125042
gptimage2,cue,en_us,none,in,gptimage2__cue__en_us__in-minus-none,938,image,MAS,0.05966770770518509,0.015126145953932283,0.10557254075564992,938,177,372,273,116,822,-0.23722627737226276,0.8763326226012793,938,208,352,251,127,811,-0.17755856966707767,0.8646055437100213,"('image', 'cue', 'en_us', 'none', 'in', 'main')",18,2.960709143208547,-0.008553085413765746,0.12788850082413594
gptimage2,cue,en_us,none,in,gptimage2__cue__en_us__in-minus-none,938,image,UAI,0.2227777777777778,0.11984637579553915,0.3236191876820262,938,168,157,35,578,360,0.030555555555555555,0.3837953091684435,938,176,100,24,638,300,0.25333333333333335,0.31982942430703626,"('image', 'cue', 'en_us', 'none', 'in', 'main')",18,2.960709143208547,0.06852109602445847,0.37703445953109715
gptimage2,cue,en_us,none,in,gptimage2__cue__en_us__in-minus-none,938,image,LTO,-0.04929371236282898,-0.11115096752460885,0.01356438326423538,938,408,82,96,352,586,0.5563139931740614,0.6247334754797441,938,429,104,108,297,641,0.5070202808112324,0.6833688699360341,"('image', 'cue', 'en_us', 'none', 'in', 'main')",18,2.960709143208547,-0.14355405739064866,0.04496663266499071
gptimage2,cue,en_us,none,in,gptimage2__cue__en_us__in-minus-none,938,image,IVR,-0.13930567814062966,-0.22049781772095695,-0.05781379579710683,938,273,38,19,608,330,0.7121212121212122,0.35181236673773986,938,234,57,18,629,309,0.5728155339805825,0.3294243070362473,"('image', 'cue', 'en_us', 'none', 'in', 'main')",18,2.960709143208547,-0.26256489464238847,-0.016046461638870857
gptimage2,cue,en_us,us,cn,gptimage2__cue__en_us__cn-minus-us,927,scenario,PDI,0.40874618339407065,0.2855448433505758,0.5404784235973029,927,3,140,0,784,143,-0.958041958041958,0.15426105717367852,927,32,110,0,785,142,-0.5492957746478874,0.15318230852211434,"('scenario', 'cue', 'en_us', 'us', 'cn', 'main')",36,3.218597707435744,0.19524835012223477,0.6222440166659066
gptimage2,cue,en_us,us,cn,gptimage2__cue__en_us__cn-minus-us,927,scenario,IDV,-0.14916438452355876,-0.2232738723186443,-0.07576614308427965,927,284,134,5,504,423,0.3546099290780142,0.4563106796116505,927,238,155,11,523,404,0.20544554455445543,0.43581445523193096,"('scenario', 'cue', 'en_us', 'us', 'cn', 'main')",36,3.218597707435744,-0.271704313951698,-0.026624455095419552
gptimage2,cue,en_us,us,cn,gptimage2__cue__en_us__cn-minus-us,927,scenario,MAS,0.168314162473041,0.0778006434462956,0.26257420584197366,927,98,203,11,615,312,-0.33653846153846156,0.3365695792880259,927,128,182,11,606,321,-0.16822429906542055,0.34627831715210355,"('scenario', 'cue', 'en_us', 'us', 'cn', 'main')",36,3.218597707435744,0.015712232277773047,0.320916092668309
gptimage2,cue,en_us,us,cn,gptimage2__cue__en_us__cn-minus-us,927,scenario,UAI,0.0787878787878788,-0.09890592026850956,0.25725763100506216,927,40,60,0,827,100,-0.2,0.10787486515641856,927,43,55,1,828,99,-0.12121212121212122,0.10679611650485436,"('scenario', 'cue', 'en_us', 'us', 'cn', 'main')",36,3.218597707435744,-0.21504685122684952,0.3726226088026071
gptimage2,cue,en_us,us,cn,gptimage2__cue__en_us__cn-minus-us,927,scenario,LTO,-0.0021645021645021467,-0.11422692499619491,0.11607248645903855,927,142,46,4,735,192,0.5,0.20711974110032363,927,169,54,8,696,231,0.49783549783549785,0.24919093851132687,"('scenario', 'cue', 'en_us', 'us', 'cn', 'main')",36,3.218597707435744,-0.19219596462171623,0.18786696029271194
gptimage2,cue,en_us,us,cn,gptimage2__cue__en_us__cn-minus-us,927,scenario,IVR,-0.06041124547170784,-0.1679459445577103,0.04426535226330563,927,126,13,2,786,141,0.8014184397163121,0.15210355987055016,927,120,17,2,788,139,0.7410071942446043,0.1499460625674218,"('scenario', 'cue', 'en_us', 'us', 'cn', 'main')",36,3.218597707435744,-0.23644620117507542,0.11562371023165974
gptimage2,cue,en_us,us,cn,gptimage2__cue__en_us__cn-minus-us,927,image,PDI,0.3231162196679438,0.23908821405138925,0.4095013491017208,927,17,260,13,637,290,-0.8379310344827586,0.31283710895361383,927,55,194,21,657,270,-0.5148148148148148,0.2912621359223301,"('image', 'cue', 'en_us', 'us', 'cn', 'main')",36,3.1913567596991164,0.18511091847020733,0.46112152086568026
gptimage2,cue,en_us,us,cn,gptimage2__cue__en_us__cn-minus-us,927,image,IDV,-0.25744337266385325,-0.3140534039602808,-0.20134959968260424,927,377,188,115,247,680,0.27794117647058825,0.7335490830636462,927,297,283,103,244,683,0.020497803806734993,0.7367853290183387,"('image', 'cue', 'en_us', 'us', 'cn', 'main')",36,3.1913567596991164,-0.3493633213631473,-0.1655234239645592
gptimage2,cue,en_us,us,cn,gptimage2__cue__en_us__cn-minus-us,927,image,MAS,0.1261515293773358,0.08278339698657187,0.1711889449644646,927,185,355,266,121,806,-0.2109181141439206,0.8694714131607335,927,261,330,223,113,814,-0.08476658476658476,0.8781014023732471,"('image', 'cue', 'en_us', 'us', 'cn', 'main')",36,3.1913567596991164,0.054055088649217806,0.1982479701054538
gptimage2,cue,en_us,us,cn,gptimage2__cue__en_us__cn-minus-us,927,image,UAI,0.17326806111852838,0.07186321896917634,0.2719199437634017,927,159,128,34,606,321,0.09657320872274143,0.34627831715210355,927,186,101,28,612,315,0.2698412698412698,0.33980582524271846,"('image', 'cue', 'en_us', 'us', 'cn', 'main')",36,3.1913567596991164,0.01017376496175923,0.3363623572752975
gptimage2,cue,en_us,us,cn,gptimage2__cue__en_us__cn-minus-us,927,image,LTO,-0.019905225958449346,-0.08066041141700517,0.04118210824152668,927,387,82,91,367,560,0.5446428571428571,0.6040992448759439,927,440,90,137,260,667,0.5247376311844077,0.7195253505933118,"('image', 'cue', 'en_us', 'us', 'cn', 'main')",36,3.1913567596991164,-0.11880336573346145,0.07899291381656276
gptimage2,cue,en_us,us,cn,gptimage2__cue__en_us__cn-minus-us,927,image,IVR,-0.27492925661606366,-0.3586734814988913,-0.19267258736209736,927,263,37,22,605,322,0.7018633540372671,0.34735706580366776,927,233,84,32,578,349,0.4269340974212034,0.37648327939590076,"('image', 'cue', 'en_us', 'us', 'cn', 'main')",36,3.1913567596991164,-0.40923462006950495,-0.14062389316262236
gptimage2,cue,en_us,us,th,gptimage2__cue__en_us__th-minus-us,930,scenario,PDI,0.2063178201109236,0.11428353326063254,0.3133847211008673,930,3,140,0,787,143,-0.958041958041958,0.15376344086021507,930,18,127,0,785,145,-0.7517241379310344,0.15591397849462366,"('scenario', 'cue', 'en_us', 'us', 'th', 'main')",18,3.019701387714784,0.053358525952722585,0.35927711426912456
gptimage2,cue,en_us,us,th,gptimage2__cue__en_us__th-minus-us,930,scenario,IDV,-0.07561394005055977,-0.14337323438559826,-0.005647730684348036,930,286,135,5,504,426,0.3544600938967136,0.45806451612903226,930,262,146,8,514,416,0.27884615384615385,0.44731182795698926,"('scenario', 'cue', 'en_us', 'us', 'th', 'main')",18,3.019701387714784,-0.18270289210590043,0.031475012004780895
gptimage2,cue,en_us,us,th,gptimage2__cue__en_us__th-minus-us,930,scenario,MAS,0.04224120885410704,-0.043296872414672206,0.12764325048871952,930,98,204,11,617,313,-0.33865814696485624,0.3365591397849462,930,104,195,8,623,307,-0.2964169381107492,0.3301075268817204,"('scenario', 'cue', 'en_us', 'us', 'th', 'main')",18,3.019701387714784,-0.09254142348411284,0.17702384119232692
gptimage2,cue,en_us,us,th,gptimage2__cue__en_us__th-minus-us,930,scenario,UAI,-0.052747252747252726,-0.23614940536991094,0.12631723539618275,930,40,60,0,830,100,-0.2,0.10752688172043011,930,34,57,0,839,91,-0.25274725274725274,0.0978494623655914,"('scenario', 'cue', 'en_us', 'us', 'th', 'main')",18,3.019701387714784,-0.3327334604981041,0.22723895500359864
gptimage2,cue,en_us,us,th,gptimage2__cue__en_us__th-minus-us,930,scenario,LTO,-0.04326053003445968,-0.1634894466500684,0.07619089022679448,930,143,46,4,737,193,0.5025906735751295,0.2075268817204301,930,150,54,5,721,209,0.45933014354066987,0.22473118279569892,"('scenario', 'cue', 'en_us', 'us', 'th', 'main')",18,3.019701387714784,-0.22582999077955035,0.139308930710631
gptimage2,cue,en_us,us,th,gptimage2__cue__en_us__th-minus-us,930,scenario,IVR,0.03885933806146569,-0.03730577980577978,0.115962298191357,930,126,13,2,789,141,0.8014184397163121,0.15161290322580645,930,132,11,1,786,144,0.8402777777777778,0.15483870967741936,"('scenario', 'cue', 'en_us', 'us', 'th', 'main')",18,3.019701387714784,-0.07934198545223901,0.1570606615751704
gptimage2,cue,en_us,us,th,gptimage2__cue__en_us__th-minus-us,930,image,PDI,0.2116223008668,0.13479535733786463,0.2926986540097208,930,17,261,13,639,291,-0.8384879725085911,0.31290322580645163,930,44,212,12,662,268,-0.6268656716417911,0.28817204301075267,"('image', 'cue', 'en_us', 'us', 'th', 'main')",18,3.0066391178318512,0.0904499600952026,0.3327946416383974
gptimage2,cue,en_us,us,th,gptimage2__cue__en_us__th-minus-us,930,image,IDV,-0.184810986258357,-0.2394885702129532,-0.12900787245541814,930,379,189,115,247,683,0.2781844802342606,0.7344086021505376,930,314,252,98,266,664,0.09337349397590361,0.7139784946236559,"('image', 'cue', 'en_us', 'us', 'th', 'main')",18,3.0066391178318512,-0.26977742177247477,-0.09984455074423924
gptimage2,cue,en_us,us,th,gptimage2__cue__en_us__th-minus-us,930,image,MAS,-0.04526510386470789,-0.08751190008783724,-0.0013684754615181638,930,186,357,266,121,809,-0.21137206427688504,0.8698924731182796,930,183,386,222,139,791,-0.25663716814159293,0.8505376344086022,"('image', 'cue', 'en_us', 'us', 'th', 'main')",18,3.0066391178318512,-0.11204890355888783,0.02151869582947205
gptimage2,cue,en_us,us,th,gptimage2__cue__en_us__th-minus-us,930,image,UAI,0.09338188048832725,-0.009310351615132283,0.1920852538697912,930,159,128,35,608,322,0.09627329192546584,0.34623655913978496,930,159,104,27,640,290,0.1896551724137931,0.3118279569892473,"('image', 'cue', 'en_us', 'us', 'th', 'main')",18,3.0066391178318512,-0.061193160506866365,0.2479569214835209
gptimage2,cue,en_us,us,th,gptimage2__cue__en_us__th-minus-us,930,image,LTO,-0.11688311688311687,-0.18682884322054993,-0.051397450816404275,930,388,82,91,369,561,0.5454545454545454,0.603225806451613,930,361,112,108,349,581,0.42857142857142855,0.624731182795699,"('image', 'cue', 'en_us', 'us', 'th', 'main')",18,3.0066391178318512,-0.22005635644303773,-0.01370987732319602
gptimage2,cue,en_us,us,th,gptimage2__cue__en_us__th-minus-us,930,image,IVR,-0.026730039680809337,-0.09791591139756946,0.047523309147675316,930,264,37,22,607,323,0.7027863777089783,0.3473118279569892,930,285,45,25,575,355,0.676056338028169,0.3817204301075269,"('image', 'cue', 'en_us', 'us', 'th', 'main')",18,3.0066391178318512,-0.1399890288248481,0.08652894946322942
gptimage2,cue,en_us,us,in,gptimage2__cue__en_us__in-minus-us,931,scenario,PDI,0.14982277995976623,0.07374001036147021,0.24457224133522143,931,3,140,0,788,143,-0.958041958041958,0.1535982814178303,931,14,132,0,785,146,-0.8082191780821918,0.15682062298603652,"('scenario', 'cue', 'en_us', 'us', 'in', 'main')",18,3.007235054535424,0.019280717663618524,0.28036484225591396
gptimage2,cue,en_us,us,in,gptimage2__cue__en_us__in-minus-us,931,scenario,IDV,-0.07544774821770128,-0.1519670827956273,-5.396347526301493e-05,931,286,135,5,505,426,0.3544600938967136,0.45757250268528465,931,255,142,8,526,405,0.27901234567901234,0.43501611170784105,"('scenario', 'cue', 'en_us', 'us', 'in', 'main')",18,3.007235054535424,-0.19189197800197816,0.04099648156657561
gptimage2,cue,en_us,us,in,gptimage2__cue__en_us__in-minus-us,931,scenario,MAS,0.07525869183401401,-0.01744389947535894,0.1711994163026978,931,99,204,11,617,314,-0.3343949044585987,0.3372717508055854,931,105,183,13,630,301,-0.2591362126245847,0.3233082706766917,"('scenario', 'cue', 'en_us', 'us', 'in', 'main')",18,3.007235054535424,-0.06880188276986426,0.2193192664378923
gptimage2,cue,en_us,us,in,gptimage2__cue__en_us__in-minus-us,931,scenario,UAI,0.15698924731182795,-0.02636341258991635,0.3403428317959189,931,40,60,0,831,100,-0.2,0.10741138560687433,931,44,48,1,838,93,-0.043010752688172046,0.09989258861439312,"('scenario', 'cue', 'en_us', 'us', 'in', 'main')",18,3.007235054535424,-0.12494266468510062,0.4389211593087565
gptimage2,cue,en_us,us,in,gptimage2__cue__en_us__in-minus-us,931,scenario,LTO,0.03986215661354975,-0.08253512869062875,0.16310627365186264,931,143,46,4,738,193,0.5025906735751295,0.20730397422126745,931,161,46,5,719,212,0.5424528301886793,0.22771213748657357,"('scenario', 'cue', 'en_us', 'us', 'in', 'main')",18,3.007235054535424,-0.14890845321073937,0.22863276643783886
gptimage2,cue,en_us,us,in,gptimage2__cue__en_us__in-minus-us,931,scenario,IVR,-0.09338924263602011,-0.21003221512147513,0.01939207534582758,931,126,13,2,790,141,0.8014184397163121,0.1514500537056928,931,117,20,0,794,137,0.708029197080292,0.14715359828141783,"('scenario', 'cue', 'en_us', 'us', 'in', 'main')",18,3.007235054535424,-0.26686320620308235,0.0800847209310421
gptimage2,cue,en_us,us,in,gptimage2__cue__en_us__in-minus-us,931,image,PDI,0.19407221124483565,0.12418200202773057,0.26682420378569477,931,17,262,14,638,293,-0.8361774744027304,0.3147153598281418,931,40,223,22,646,285,-0.6421052631578947,0.30612244897959184,"('image', 'cue', 'en_us', 'us', 'in', 'main')",18,2.9632728489948517,0.084710125560844,0.3034342969288273
gptimage2,cue,en_us,us,in,gptimage2__cue__en_us__in-minus-us,931,image,IDV,-0.15661213360599865,-0.2138278759668134,-0.09942291844412462,931,379,189,116,247,684,0.2777777777777778,0.7346938775510204,931,316,237,99,279,652,0.12116564417177914,0.7003222341568206,"('image', 'cue', 'en_us', 'us', 'in', 'main')",18,2.9632728489948517,-0.24342871614791844,-0.06979555106407886
gptimage2,cue,en_us,us,in,gptimage2__cue__en_us__in-minus-us,931,image,MAS,0.02951907131011608,-0.015476491101491102,0.07364522355641293,931,186,357,267,121,810,-0.2111111111111111,0.8700322234156821,931,206,352,246,127,804,-0.18159203980099503,0.8635875402792696,"('image', 'cue', 'en_us', 'us', 'in', 'main')",18,2.9632728489948517,-0.03830400453569856,0.09734214715593072
gptimage2,cue,en_us,us,in,gptimage2__cue__en_us__in-minus-us,931,image,UAI,0.15961243738621517,0.06150016176669623,0.25867571438932896,931,159,129,35,608,323,0.09287925696594428,0.3469387755102041,931,176,100,25,630,301,0.25249169435215946,0.3233082706766917,"('image', 'cue', 'en_us', 'us', 'in', 'main')",18,2.9632728489948517,0.010582835682565156,0.3086420390898652
gptimage2,cue,en_us,us,in,gptimage2__cue__en_us__in-minus-us,931,image,LTO,-0.045491984692190846,-0.10458754764640968,0.0162536973268842,931,390,82,91,368,563,0.5470692717584369,0.6047261009667024,931,422,104,108,297,634,0.501577287066246,0.6809881847475833,"('image', 'cue', 'en_us', 'us', 'in', 'main')",18,2.9632728489948517,-0.13738872034412014,0.04640475095973845
gptimage2,cue,en_us,us,in,gptimage2__cue__en_us__in-minus-us,931,image,IVR,-0.1271880293619424,-0.21029357213246425,-0.044929983794753596,931,263,37,22,609,322,0.7018633540372671,0.3458646616541353,931,234,57,17,623,308,0.5746753246753247,0.3308270676691729,"('image', 'cue', 'en_us', 'us', 'in', 'main')",18,2.9632728489948517,-0.2523368464256765,-0.002039212298208304
gptimage2,cue,en_us,cn,th,gptimage2__cue__en_us__th-minus-cn,937,scenario,PDI,-0.20242836328314706,-0.3341794353307512,-0.0773233095684546,937,32,110,0,795,142,-0.5492957746478874,0.15154749199573106,937,18,127,0,792,145,-0.7517241379310344,0.15474919957310565,"('scenario', 'cue', 'en_us', 'cn', 'th', 'main')",18,2.9975142916337587,-0.40016167859202895,-0.004695047974265176
gptimage2,cue,en_us,cn,th,gptimage2__cue__en_us__th-minus-cn,937,scenario,IDV,0.07679725245939811,0.0018988547738862343,0.1521315816869159,937,241,158,11,527,410,0.20243902439024392,0.4375667022411953,937,264,147,8,518,419,0.27923627684964203,0.4471718249733191,"('scenario', 'cue', 'en_us', 'cn', 'th', 'main')",18,2.9975142916337587,-0.03731574791847765,0.19091025283727386
gptimage2,cue,en_us,cn,th,gptimage2__cue__en_us__th-minus-cn,937,scenario,MAS,-0.12952137376689807,-0.21642707646936232,-0.04383091942855829,937,129,182,11,615,322,-0.16459627329192547,0.343649946638207,937,104,194,8,631,306,-0.29411764705882354,0.3265741728922092,"('scenario', 'cue', 'en_us', 'cn', 'th', 'main')",18,2.9975142916337587,-0.2622805670995879,0.003237819565791805
gptimage2,cue,en_us,cn,th,gptimage2__cue__en_us__th-minus-cn,937,scenario,UAI,-0.13153513153513152,-0.3411898597038723,0.06939169178523925,937,43,55,1,838,99,-0.12121212121212122,0.1056563500533618,937,34,57,0,846,91,-0.25274725274725274,0.09711846318036287,"('scenario', 'cue', 'en_us', 'cn', 'th', 'main')",18,2.9975142916337587,-0.4476351814587405,0.18456491838847744
gptimage2,cue,en_us,cn,th,gptimage2__cue__en_us__th-minus-cn,937,scenario,LTO,-0.04236874236874233,-0.1467814333794734,0.05523439445116445,937,172,54,8,703,234,0.5042735042735043,0.2497331910352188,937,151,54,5,727,210,0.46190476190476193,0.22411953041622198,"('scenario', 'cue', 'en_us', 'cn', 'th', 'main')",18,2.9975142916337587,-0.19634904852333557,0.11161156378585091
gptimage2,cue,en_us,cn,th,gptimage2__cue__en_us__th-minus-cn,937,scenario,IVR,0.09852216748768472,-0.011656164270311416,0.21378915656680766,937,121,17,2,797,140,0.7428571428571429,0.14941302027748132,937,133,11,1,792,145,0.8413793103448276,0.15474919957310565,"('scenario', 'cue', 'en_us', 'cn', 'th', 'main')",18,2.9975142916337587,-0.0729930617743805,0.2700373967497499
gptimage2,cue,en_us,cn,th,gptimage2__cue__en_us__th-minus-cn,937,image,PDI,-0.11860021786492381,-0.19831287760158114,-0.04079310356623515,937,56,195,21,665,272,-0.5110294117647058,0.2902881536819637,937,44,214,12,667,270,-0.6296296296296297,0.288153681963714,"('image', 'cue', 'en_us', 'cn', 'th', 'main')",18,2.9954483914379084,-0.23887562761049436,0.0016751918806467425
gptimage2,cue,en_us,cn,th,gptimage2__cue__en_us__th-minus-cn,937,image,IDV,0.07692007289768289,0.019330753310984425,0.13375483535493782,937,298,286,106,247,690,0.017391304347826087,0.736392742796158,937,315,252,101,269,668,0.09431137724550898,0.7129135538954109,"('image', 'cue', 'en_us', 'cn', 'th', 'main')",18,2.9954483914379084,-0.010623210790985355,0.16446335658635114
gptimage2,cue,en_us,cn,th,gptimage2__cue__en_us__th-minus-cn,937,image,MAS,-0.17351780341328527,-0.2168655253958966,-0.13122847673620125,937,262,332,230,113,824,-0.08495145631067962,0.87940234791889,937,182,388,227,140,797,-0.2584692597239649,0.8505869797225186,"('image', 'cue', 'en_us', 'cn', 'th', 'main')",18,2.9954483914379084,-0.23987514440799942,-0.1071604624185711
gptimage2,cue,en_us,cn,th,gptimage2__cue__en_us__th-minus-cn,937,image,UAI,-0.08538018057217447,-0.18485140156419338,0.013539508437456717,937,187,102,28,620,317,0.26813880126182965,0.3383137673425827,937,158,105,27,647,290,0.18275862068965518,0.3094983991462113,"('image', 'cue', 'en_us', 'cn', 'th', 'main')",18,2.9954483914379084,-0.23587055040466717,0.06511018926031822
gptimage2,cue,en_us,cn,th,gptimage2__cue__en_us__th-minus-cn,937,image,LTO,-0.09391847468770542,-0.15265354504020345,-0.03411107579193363,937,447,90,139,261,676,0.5281065088757396,0.7214514407684098,937,365,111,109,352,585,0.4341880341880342,0.624332977588047,"('image', 'cue', 'en_us', 'cn', 'th', 'main')",18,2.9954483914379084,-0.18541045031042472,-0.0024264990649861262
gptimage2,cue,en_us,cn,th,gptimage2__cue__en_us__th-minus-cn,937,image,IVR,0.25675376264104954,0.17998406155104923,0.33973918573530404,937,234,87,32,584,353,0.4164305949008499,0.3767342582710779,937,287,46,25,579,358,0.6731843575418994,0.3820704375667022,"('image', 'cue', 'en_us', 'cn', 'th', 'main')",18,2.9954483914379084,0.1350381859159487,0.37846933936615035
gptimage2,cue,en_us,cn,in,gptimage2__cue__en_us__in-minus-cn,937,scenario,PDI,-0.2589234034343044,-0.37482242614722583,-0.1513965762268233,937,32,110,0,795,142,-0.5492957746478874,0.15154749199573106,937,14,132,0,791,146,-0.8082191780821918,0.15581643543223053,"('scenario', 'cue', 'en_us', 'cn', 'in', 'main')",18,3.016161930206425,-0.4298814498085348,-0.087965357060074
gptimage2,cue,en_us,cn,in,gptimage2__cue__en_us__in-minus-cn,937,scenario,IDV,0.07834915294965755,0.004105042780689632,0.15023269762702685,937,241,158,11,527,410,0.20243902439024392,0.4375667022411953,937,256,142,8,531,406,0.28078817733990147,0.43329775880469584,"('scenario', 'cue', 'en_us', 'cn', 'in', 'main')",18,3.016161930206425,-0.03407839225595702,0.19077669815527212
gptimage2,cue,en_us,cn,in,gptimage2__cue__en_us__in-minus-cn,937,scenario,MAS,-0.08789542106023399,-0.1745716437210835,-0.002449112885431005,937,129,182,11,615,322,-0.16459627329192547,0.343649946638207,937,106,182,13,636,301,-0.25249169435215946,0.32123799359658484,"('scenario', 'cue', 'en_us', 'cn', 'in', 'main')",18,3.016161930206425,-0.22022788660696604,0.04443704448649807
gptimage2,cue,en_us,cn,in,gptimage2__cue__en_us__in-minus-cn,937,scenario,UAI,0.07820136852394917,-0.12113888888888887,0.27923320413436686,937,43,55,1,838,99,-0.12121212121212122,0.1056563500533618,937,44,48,1,844,93,-0.043010752688172046,0.09925293489861259,"('scenario', 'cue', 'en_us', 'cn', 'in', 'main')",18,3.016161930206425,-0.22998282305333378,0.3863855601012321
gptimage2,cue,en_us,cn,in,gptimage2__cue__en_us__in-minus-cn,937,scenario,LTO,0.04032743469363187,-0.06820401860661662,0.14711809897946168,937,172,54,8,703,234,0.5042735042735043,0.2497331910352188,937,162,46,5,724,213,0.5446009389671361,0.22732123799359658,"('scenario', 'cue', 'en_us', 'cn', 'in', 'main')",18,3.016161930206425,-0.1287619839488606,0.20941685333612434
gptimage2,cue,en_us,cn,in,gptimage2__cue__en_us__in-minus-cn,937,scenario,IVR,-0.03297799716431227,-0.14762070681842768,0.07512598899751219,937,120,17,2,798,139,0.7410071942446043,0.14834578441835647,937,117,20,0,800,137,0.708029197080292,0.14621131270010673,"('scenario', 'cue', 'en_us', 'cn', 'in', 'main')",18,3.016161930206425,-0.20067419473495357,0.13471820040632904
gptimage2,cue,en_us,cn,in,gptimage2__cue__en_us__in-minus-cn,937,image,PDI,-0.1323272315919375,-0.21546369158655476,-0.049851484368654275,937,56,195,21,665,272,-0.5110294117647058,0.2902881536819637,937,40,224,22,651,286,-0.6433566433566433,0.3052294557097118,"('image', 'cue', 'en_us', 'cn', 'in', 'main')",18,2.9946620652274545,-0.25838125687519725,-0.006273206308677726
gptimage2,cue,en_us,cn,in,gptimage2__cue__en_us__in-minus-cn,937,image,IDV,0.10437429686982992,0.04746999658845223,0.16353707782672533,937,298,286,106,247,690,0.017391304347826087,0.736392742796158,937,317,237,103,280,657,0.121765601217656,0.7011739594450374,"('image', 'cue', 'en_us', 'cn', 'in', 'main')",18,2.9946620652274545,0.015106920395876897,0.19364167334378296
gptimage2,cue,en_us,cn,in,gptimage2__cue__en_us__in-minus-cn,937,image,MAS,-0.09650904950257701,-0.1409463492544665,-0.05433551678092859,937,262,331,231,113,824,-0.08373786407766991,0.87940234791889,937,207,353,250,127,810,-0.18024691358024691,0.8644610458911419,"('image', 'cue', 'en_us', 'cn', 'in', 'main')",18,2.9946620652274545,-0.16256216713846322,-0.030455931866690808
gptimage2,cue,en_us,cn,in,gptimage2__cue__en_us__in-minus-cn,937,image,UAI,-0.014805467928496296,-0.11140499542456883,0.08356985289492862,937,187,102,28,620,317,0.26813880126182965,0.3383137673425827,937,176,100,24,637,300,0.25333333333333335,0.32017075773745995,"('image', 'cue', 'en_us', 'cn', 'in', 'main')",18,2.9946620652274545,-0.16337879807414316,0.13376786221715056
gptimage2,cue,en_us,cn,in,gptimage2__cue__en_us__in-minus-cn,937,image,LTO,-0.021783264240466282,-0.08029701810158325,0.03836418692825425,937,448,90,139,260,677,0.5288035450516987,0.7225186766275347,937,429,104,108,296,641,0.5070202808112324,0.6840981856990395,"('image', 'cue', 'en_us', 'cn', 'in', 'main')",18,2.9946620652274545,-0.11315946123147656,0.069592932750544
gptimage2,cue,en_us,cn,in,gptimage2__cue__en_us__in-minus-cn,937,image,IVR,0.15296920821114368,0.06310752443829792,0.24133620457051425,937,233,87,32,585,352,0.4147727272727273,0.37566702241195304,937,234,58,18,627,310,0.567741935483871,0.33084311632870866,"('image', 'cue', 'en_us', 'cn', 'in', 'main')",18,2.9946620652274545,0.017864627268652872,0.28807378915363446
gptimage2,cue,en_us,th,in,gptimage2__cue__en_us__in-minus-th,938,scenario,PDI,-0.05649504015115736,-0.15819794036959603,0.04012125400342612,938,18,127,0,793,145,-0.7517241379310344,0.15458422174840086,938,14,132,0,792,146,-0.8082191780821918,0.15565031982942432,"('scenario', 'cue', 'en_us', 'th', 'in', 'main')",18,3.011190180422831,-0.2055550762626742,0.09256499596035947
gptimage2,cue,en_us,th,in,gptimage2__cue__en_us__in-minus-th,938,scenario,IDV,0.0016533929486283738,-0.07062869933627265,0.07393751157958331,938,266,147,8,517,421,0.2826603325415677,0.4488272921108742,938,258,142,8,530,408,0.28431372549019607,0.4349680170575693,"('scenario', 'cue', 'en_us', 'th', 'in', 'main')",18,3.011190180422831,-0.10914957480788581,0.11245636070514256
gptimage2,cue,en_us,th,in,gptimage2__cue__en_us__in-minus-th,938,scenario,MAS,0.04145005069353064,-0.05022924972720056,0.13417955618251812,938,104,195,8,631,307,-0.2964169381107492,0.3272921108742004,938,106,183,13,636,302,-0.25496688741721857,0.32196162046908317,"('scenario', 'cue', 'en_us', 'th', 'in', 'main')",18,3.011190180422831,-0.09914660056227295,0.18204670194933423
gptimage2,cue,en_us,th,in,gptimage2__cue__en_us__in-minus-th,938,scenario,UAI,0.20973650005908068,0.0022640415514404637,0.4146341463414634,938,34,57,0,847,91,-0.25274725274725274,0.09701492537313433,938,44,48,1,845,93,-0.043010752688172046,0.09914712153518124,"('scenario', 'cue', 'en_us', 'th', 'in', 'main')",18,3.011190180422831,-0.10670011824138498,0.5261731183595464
gptimage2,cue,en_us,th,in,gptimage2__cue__en_us__in-minus-th,938,scenario,LTO,0.08014596266381857,-0.025466328315541777,0.18459151349428796,938,152,54,5,727,211,0.46445497630331756,0.22494669509594883,938,162,46,5,725,213,0.5446009389671361,0.22707889125799574,"('scenario', 'cue', 'en_us', 'th', 'in', 'main')",18,3.011190180422831,-0.08137828365533878,0.24167020898297592
gptimage2,cue,en_us,th,in,gptimage2__cue__en_us__in-minus-th,938,scenario,IVR,-0.1322485806974858,-0.24878099987946983,-0.020953863793498437,938,132,11,1,794,144,0.8402777777777778,0.1535181236673774,938,117,20,0,801,137,0.708029197080292,0.1460554371002132,"('scenario', 'cue', 'en_us', 'th', 'in', 'main')",18,3.011190180422831,-0.3084829440040617,0.043985782609090085
gptimage2,cue,en_us,th,in,gptimage2__cue__en_us__in-minus-th,938,image,PDI,-0.013602993172788902,-0.09492972330184787,0.0703096915612506,938,44,215,12,667,271,-0.6309963099630996,0.2889125799573561,938,40,225,22,651,287,-0.6445993031358885,0.30597014925373134,"('image', 'cue', 'en_us', 'th', 'in', 'main')",18,2.9807430790975853,-0.13926209027907716,0.11205610393349935
gptimage2,cue,en_us,th,in,gptimage2__cue__en_us__in-minus-th,938,image,IDV,0.026085378578233454,-0.030673556303274896,0.08380322509876566,938,317,252,101,268,670,0.09701492537313433,0.7142857142857143,938,318,237,103,280,658,0.12310030395136778,0.7014925373134329,"('image', 'cue', 'en_us', 'th', 'in', 'main')",18,2.9807430790975853,-0.06134259800852303,0.11351335516498993
gptimage2,cue,en_us,th,in,gptimage2__cue__en_us__in-minus-th,938,image,MAS,0.0756345240412993,0.03359231878409575,0.11697871951119448,938,183,388,227,140,798,-0.2568922305764411,0.8507462686567164,938,207,354,250,127,811,-0.1812577065351418,0.8646055437100213,"('image', 'cue', 'en_us', 'th', 'in', 'main')",18,2.9807430790975853,0.011592456646886476,0.13967659143571215
gptimage2,cue,en_us,th,in,gptimage2__cue__en_us__in-minus-th,938,image,UAI,0.0669246840428811,-0.029467781875477626,0.16430748454883673,938,159,105,27,647,291,0.18556701030927836,0.31023454157782515,938,176,100,25,637,301,0.25249169435215946,0.3208955223880597,"('image', 'cue', 'en_us', 'th', 'in', 'main')",18,2.9807430790975853,-0.08015748679579673,0.21400685488155893
gptimage2,cue,en_us,th,in,gptimage2__cue__en_us__in-minus-th,938,image,LTO,0.07186669719348499,0.008450299076022346,0.1369056481699027,938,366,111,109,352,586,0.4351535836177474,0.6247334754797441,938,429,104,108,297,641,0.5070202808112324,0.6833688699360341,"('image', 'cue', 'en_us', 'th', 'in', 'main')",18,2.9807430790975853,-0.025319661329401055,0.16905305571637103
gptimage2,cue,en_us,th,in,gptimage2__cue__en_us__in-minus-th,938,image,IVR,-0.09985582987925756,-0.17896949396464107,-0.02026486945603739,938,286,47,25,580,358,0.6675977653631285,0.3816631130063966,938,234,58,18,628,310,0.567741935483871,0.3304904051172708,"('image', 'cue', 'en_us', 'th', 'in', 'main')",18,2.9807430790975853,-0.22104390675456997,0.021332246996054863
gptimage2,cue,zh_cn,none,us,gptimage2__cue__zh_cn__us-minus-none,934,scenario,PDI,-0.08164642375168696,-0.16288294183145835,-0.009996938290946302,934,14,138,0,782,152,-0.8157894736842105,0.16274089935760172,934,8,148,0,778,156,-0.8974358974358975,0.1670235546038544,"('scenario', 'cue', 'zh_cn', 'none', 'us', 'main')",36,3.2236370477120615,-0.20781945492179918,0.04452660741842526
gptimage2,cue,zh_cn,none,us,gptimage2__cue__zh_cn__us-minus-none,934,scenario,IDV,0.08608306656816875,0.013405475820362476,0.15962304177545683,934,237,143,13,541,393,0.23918575063613232,0.4207708779443255,934,241,120,11,562,372,0.32526881720430106,0.39828693790149894,"('scenario', 'cue', 'zh_cn', 'none', 'us', 'main')",36,3.2236370477120615,-0.03393402714996781,0.2061001602863053
gptimage2,cue,zh_cn,none,us,gptimage2__cue__zh_cn__us-minus-none,934,scenario,MAS,-0.06955451257982612,-0.16213725893001543,0.023242888546612477,934,116,179,22,617,317,-0.19873817034700317,0.33940042826552463,934,100,177,10,647,287,-0.2682926829268293,0.30728051391862954,"('scenario', 'cue', 'zh_cn', 'none', 'us', 'main')",36,3.2236370477120615,-0.22134495095282364,0.0822359257931714
gptimage2,cue,zh_cn,none,us,gptimage2__cue__zh_cn__us-minus-none,934,scenario,UAI,-0.1429127725856698,-0.32686692836149356,0.034345314212641524,934,50,57,0,827,107,-0.06542056074766354,0.1145610278372591,934,38,58,0,838,96,-0.20833333333333334,0.10278372591006424,"('scenario', 'cue', 'zh_cn', 'none', 'us', 'main')",36,3.2236370477120615,-0.4401660629901468,0.1543405178188072
gptimage2,cue,zh_cn,none,us,gptimage2__cue__zh_cn__us-minus-none,934,scenario,LTO,0.021890917415440914,-0.09145092829829286,0.13405750896849963,934,148,45,9,732,202,0.5099009900990099,0.21627408993576017,934,129,37,7,761,173,0.5317919075144508,0.18522483940042828,"('scenario', 'cue', 'zh_cn', 'none', 'us', 'main')",36,3.2236370477120615,-0.16692075010435062,0.21070258493523245
gptimage2,cue,zh_cn,none,us,gptimage2__cue__zh_cn__us-minus-none,934,scenario,IVR,0.05240521405412568,-0.043330693403659984,0.1494755020652329,934,112,13,2,807,127,0.7795275590551181,0.13597430406852248,934,108,9,2,815,119,0.8319327731092437,0.12740899357601712,"('scenario', 'cue', 'zh_cn', 'none', 'us', 'main')",36,3.2236370477120615,-0.10775935246807042,0.21256978057632178
gptimage2,cue,zh_cn,none,us,gptimage2__cue__zh_cn__us-minus-none,934,image,PDI,-0.11482051697593387,-0.182815923704156,-0.05138715559054594,934,29,243,15,647,287,-0.7456445993031359,0.30728051391862954,934,16,275,10,633,301,-0.8604651162790697,0.3222698072805139,"('image', 'cue', 'zh_cn', 'none', 'us', 'main')",36,3.220442828586036,-0.2230186377951553,-0.006622396156712465
gptimage2,cue,zh_cn,none,us,gptimage2__cue__zh_cn__us-minus-none,934,image,IDV,0.06984654064182541,0.016915899751662945,0.12320700004522109,934,327,193,114,300,634,0.2113564668769716,0.6788008565310493,934,363,176,126,269,665,0.281203007518797,0.7119914346895075,"('image', 'cue', 'zh_cn', 'none', 'us', 'main')",36,3.220442828586036,-0.01809019345535591,0.15778327473900672
gptimage2,cue,zh_cn,none,us,gptimage2__cue__zh_cn__us-minus-none,934,image,MAS,0.009307736155342694,-0.03258613854037489,0.05125798049297728,934,214,349,236,135,799,-0.16896120150187735,0.8554603854389722,934,210,339,259,126,808,-0.15965346534653466,0.8650963597430407,"('image', 'cue', 'zh_cn', 'none', 'us', 'main')",36,3.220442828586036,-0.059425393748574876,0.07804086605926026
gptimage2,cue,zh_cn,none,us,gptimage2__cue__zh_cn__us-minus-none,934,image,UAI,-0.1838655893292292,-0.28339378011440536,-0.08143397790824872,934,194,113,32,595,339,0.23893805309734514,0.36295503211991437,934,159,140,46,589,345,0.05507246376811594,0.3693790149892934,"('image', 'cue', 'zh_cn', 'none', 'us', 'main')",36,3.220442828586036,-0.3494024632532624,-0.01832871540519601
gptimage2,cue,zh_cn,none,us,gptimage2__cue__zh_cn__us-minus-none,934,image,LTO,-0.05831625683060104,-0.1254911306758935,0.006911475263243637,934,412,71,93,358,576,0.5920138888888888,0.6167023554603854,934,368,75,106,385,549,0.5336976320582878,0.5877944325481799,"('image', 'cue', 'zh_cn', 'none', 'us', 'main')",36,3.220442828586036,-0.16487280534907078,0.04824029168786871
gptimage2,cue,zh_cn,none,us,gptimage2__cue__zh_cn__us-minus-none,934,image,IVR,0.1559126018862289,0.07398740395942788,0.23359947713254692,934,247,53,21,613,321,0.6043613707165109,0.3436830835117773,934,248,26,18,642,292,0.7602739726027398,0.31263383297644537,"('image', 'cue', 'zh_cn', 'none', 'us', 'main')",36,3.220442828586036,0.024809051796362586,0.2870161519760952
gptimage2,cue,zh_cn,none,cn,gptimage2__cue__zh_cn__cn-minus-none,946,scenario,PDI,0.11208576998050679,0.022566380626767746,0.20581758924838228,946,14,138,0,794,152,-0.8157894736842105,0.160676532769556,946,24,138,0,784,162,-0.7037037037037037,0.17124735729386892,"('scenario', 'cue', 'zh_cn', 'none', 'cn', 'main')",36,3.2143322466276536,-0.03738951179183972,0.26156105175285327
gptimage2,cue,zh_cn,none,cn,gptimage2__cue__zh_cn__cn-minus-none,946,scenario,IDV,-0.02211613277592414,-0.09463495267672287,0.04618737618139193,946,239,145,13,549,397,0.2367758186397985,0.41966173361522197,946,229,147,6,564,382,0.21465968586387435,0.40380549682875266,"('scenario', 'cue', 'zh_cn', 'none', 'cn', 'main')",36,3.2143322466276536,-0.139345645692995,0.09511338014114673
gptimage2,cue,zh_cn,none,cn,gptimage2__cue__zh_cn__cn-minus-none,946,scenario,MAS,0.02803156146179403,-0.048339881012654164,0.10494978060964678,946,119,179,22,626,320,-0.1875,0.3382663847780127,946,117,165,19,645,301,-0.15946843853820597,0.3181818181818182,"('scenario', 'cue', 'zh_cn', 'none', 'cn', 'main')",36,3.2143322466276536,-0.0989616359516439,0.15502475887523195
gptimage2,cue,zh_cn,none,cn,gptimage2__cue__zh_cn__cn-minus-none,946,scenario,UAI,0.01954900111463602,-0.14896984374925828,0.1865887691269301,946,50,57,0,839,107,-0.06542056074766354,0.113107822410148,946,52,57,0,837,109,-0.045871559633027525,0.11522198731501057,"('scenario', 'cue', 'zh_cn', 'none', 'cn', 'main')",36,3.2143322466276536,-0.2587374001653663,0.29783540239463835
gptimage2,cue,zh_cn,none,cn,gptimage2__cue__zh_cn__cn-minus-none,946,scenario,LTO,0.09983426177431975,0.003600274918226941,0.19523590705320792,946,149,45,9,743,203,0.5123152709359606,0.21458773784355178,946,169,38,7,732,214,0.6121495327102804,0.226215644820296,"('scenario', 'cue', 'zh_cn', 'none', 'cn', 'main')",36,3.2143322466276536,-0.05822471081534816,0.2578932343639877
gptimage2,cue,zh_cn,none,cn,gptimage2__cue__zh_cn__cn-minus-none,946,scenario,IVR,0.01705426356589157,-0.10965441247053562,0.1435205824939735,946,114,13,2,817,129,0.7829457364341085,0.13636363636363635,946,103,11,1,831,115,0.8,0.12156448202959831,"('scenario', 'cue', 'zh_cn', 'none', 'cn', 'main')",36,3.2143322466276536,-0.19024021595684737,0.2243487430886305
gptimage2,cue,zh_cn,none,cn,gptimage2__cue__zh_cn__cn-minus-none,946,image,PDI,0.12635221271171004,0.04879096999223757,0.20917991544033868,946,29,245,15,657,289,-0.7474048442906575,0.3054968287526427,946,43,220,22,661,285,-0.6210526315789474,0.3012684989429176,"('image', 'cue', 'zh_cn', 'none', 'cn', 'main')",36,3.209057078060957,-0.003918561631894191,0.2566229870553143
gptimage2,cue,zh_cn,none,cn,gptimage2__cue__zh_cn__cn-minus-none,946,image,IDV,-0.16246852551284902,-0.2170970494622247,-0.10511838159669819,946,332,195,116,303,643,0.2130637636080871,0.6797040169133193,946,298,264,110,274,672,0.050595238095238096,0.7103594080338267,"('image', 'cue', 'zh_cn', 'none', 'cn', 'main')",36,3.209057078060957,-0.2549094889526188,-0.07002756207307928
gptimage2,cue,zh_cn,none,cn,gptimage2__cue__zh_cn__cn-minus-none,946,image,MAS,0.04184062850729517,-0.0009715439810830614,0.08503144909437785,946,218,354,238,136,810,-0.16790123456790124,0.8562367864693446,946,238,342,245,121,825,-0.12606060606060607,0.872093023255814,"('image', 'cue', 'zh_cn', 'none', 'cn', 'main')",36,3.209057078060957,-0.028816738950975404,0.11249799596556574
gptimage2,cue,zh_cn,none,cn,gptimage2__cue__zh_cn__cn-minus-none,946,image,UAI,0.07700340245568538,-0.016736903856675905,0.1695829373452534,946,195,114,32,605,341,0.2375366568914956,0.36046511627906974,946,208,102,27,609,337,0.314540059347181,0.3562367864693446,"('image', 'cue', 'zh_cn', 'none', 'cn', 'main')",36,3.209057078060957,-0.07599051645026156,0.2299973213616323
gptimage2,cue,zh_cn,none,cn,gptimage2__cue__zh_cn__cn-minus-none,946,image,LTO,-0.07002055382025929,-0.13095052486713582,-0.006506418646584113,946,417,72,93,364,582,0.5927835051546392,0.6152219873150105,946,416,83,138,309,637,0.5227629513343799,0.6733615221987315,"('image', 'cue', 'zh_cn', 'none', 'cn', 'main')",36,3.209057078060957,-0.1710830119041356,0.031041904263617012
gptimage2,cue,zh_cn,none,cn,gptimage2__cue__zh_cn__cn-minus-none,946,image,IVR,-0.18017197304206367,-0.2695333047159013,-0.09629224565286354,946,250,53,22,621,325,0.6061538461538462,0.34355179704016914,946,221,80,30,615,331,0.4259818731117825,0.3498942917547569,"('image', 'cue', 'zh_cn', 'none', 'cn', 'main')",36,3.209057078060957,-0.3210558693887424,-0.03928807669538495
gptimage2,cue,zh_cn,us,cn,gptimage2__cue__zh_cn__cn-minus-us,934,scenario,PDI,0.18493589743589745,0.09937803057063035,0.28387756557713223,934,8,148,0,778,156,-0.8974358974358975,0.1670235546038544,934,23,137,0,774,160,-0.7125,0.17130620985010706,"('scenario', 'cue', 'zh_cn', 'us', 'cn', 'main')",36,3.253321337831351,0.029010090511957298,0.3408617043598376
gptimage2,cue,zh_cn,us,cn,gptimage2__cue__zh_cn__cn-minus-us,934,scenario,IDV,-0.12190152073040819,-0.2008258782178464,-0.04515101653564661,934,241,120,10,563,371,0.3261455525606469,0.39721627408993576,934,224,147,6,557,377,0.20424403183023873,0.40364025695931477,"('scenario', 'cue', 'zh_cn', 'us', 'cn', 'main')",36,3.253321337831351,-0.2507231542628451,0.0069201128020286995
gptimage2,cue,zh_cn,us,cn,gptimage2__cue__zh_cn__cn-minus-us,934,scenario,MAS,0.09715174332951385,0.003926037727392958,0.1957002488723836,934,100,177,10,647,287,-0.2682926829268293,0.30728051391862954,934,114,165,19,636,298,-0.17114093959731544,0.31905781584582443,"('scenario', 'cue', 'zh_cn', 'us', 'cn', 'main')",36,3.253321337831351,-0.06213800594925198,0.25644149260827964
gptimage2,cue,zh_cn,us,cn,gptimage2__cue__zh_cn__cn-minus-us,934,scenario,UAI,0.1527777777777778,-0.021916304973067482,0.3323768441389184,934,38,58,0,838,96,-0.20833333333333334,0.10278372591006424,934,51,57,0,826,108,-0.05555555555555555,0.11563169164882227,"('scenario', 'cue', 'zh_cn', 'us', 'cn', 'main')",36,3.253321337831351,-0.13848062461605165,0.44403618017160723
gptimage2,cue,zh_cn,us,cn,gptimage2__cue__zh_cn__cn-minus-us,934,scenario,LTO,0.0785367309832018,-0.025041528999811314,0.186857590359114,934,129,37,7,761,173,0.5317919075144508,0.18522483940042828,934,168,38,7,721,213,0.6103286384976526,0.22805139186295503,"('scenario', 'cue', 'zh_cn', 'us', 'cn', 'main')",36,3.253321337831351,-0.10067966517571339,0.25775312714211696
gptimage2,cue,zh_cn,us,cn,gptimage2__cue__zh_cn__cn-minus-us,934,scenario,IVR,-0.037289915966386644,-0.1591931578661452,0.07846786985587159,934,108,9,2,815,119,0.8319327731092437,0.12740899357601712,934,100,11,1,822,112,0.7946428571428571,0.11991434689507495,"('scenario', 'cue', 'zh_cn', 'us', 'cn', 'main')",36,3.253321337831351,-0.2344696893404125,0.15988985740763922
gptimage2,cue,zh_cn,us,cn,gptimage2__cue__zh_cn__cn-minus-us,934,image,PDI,0.22441139732742577,0.1513217256388481,0.30233041153683676,934,17,275,10,632,302,-0.8543046357615894,0.3233404710920771,934,41,218,22,653,281,-0.6298932384341637,0.30085653104925053,"('image', 'cue', 'zh_cn', 'us', 'cn', 'main')",36,3.217654852257405,0.09867598986886333,0.3501468047859882
gptimage2,cue,zh_cn,us,cn,gptimage2__cue__zh_cn__cn-minus-us,934,image,IDV,-0.23458646616541354,-0.2912354329354279,-0.17639658257031235,934,364,176,125,269,665,0.28270676691729324,0.7119914346895075,934,294,262,109,269,665,0.0481203007518797,0.7119914346895075,"('image', 'cue', 'zh_cn', 'us', 'cn', 'main')",36,3.217654852257405,-0.32990339229524995,-0.13926954003557712
gptimage2,cue,zh_cn,us,cn,gptimage2__cue__zh_cn__cn-minus-us,934,image,MAS,0.028194711363028202,-0.01710850274178515,0.07432764131496146,934,211,339,258,126,808,-0.15841584158415842,0.8650963597430407,934,233,339,242,120,814,-0.13022113022113022,0.8715203426124197,"('image', 'cue', 'zh_cn', 'us', 'cn', 'main')",36,3.217654852257405,-0.04651328761006093,0.10290271033611734
gptimage2,cue,zh_cn,us,cn,gptimage2__cue__zh_cn__cn-minus-us,934,image,UAI,0.25673659113908853,0.15203828787577553,0.35639211155252365,934,160,140,46,588,346,0.057803468208092484,0.37044967880085655,934,208,102,27,597,337,0.314540059347181,0.360813704496788,"('image', 'cue', 'zh_cn', 'us', 'cn', 'main')",36,3.217654852257405,0.08932167094481491,0.42415151133336215
gptimage2,cue,zh_cn,us,cn,gptimage2__cue__zh_cn__cn-minus-us,934,image,LTO,-0.009354007866067993,-0.07553069675423155,0.05746397286817763,934,367,76,106,385,549,0.5300546448087432,0.5877944325481799,934,409,82,137,306,628,0.5207006369426752,0.6723768736616702,"('image', 'cue', 'zh_cn', 'us', 'cn', 'main')",36,3.217654852257405,-0.11997485583637238,0.1012668401042364
gptimage2,cue,zh_cn,us,cn,gptimage2__cue__zh_cn__cn-minus-us,934,image,IVR,-0.3351975200033514,-0.42139729320460145,-0.2451464726579539,934,248,26,18,642,292,0.7602739726027398,0.31263383297644537,934,219,80,28,607,327,0.42507645259938837,0.3501070663811563,"('image', 'cue', 'zh_cn', 'us', 'cn', 'main')",36,3.217654852257405,-0.4760136616796824,-0.19438137832702038
gptimage2,cue,th_th,none,us,gptimage2__cue__th_th__us-minus-none,939,scenario,PDI,-0.1583821583821584,-0.2588356225779939,-0.07136563060978533,939,20,128,0,791,148,-0.7297297297297297,0.15761448349307774,939,8,135,0,796,143,-0.8881118881118881,0.15228966986155484,"('scenario', 'cue', 'th_th', 'none', 'us', 'main')",18,3.015415342674718,-0.3018405239323272,-0.014923792831989663
gptimage2,cue,th_th,none,us,gptimage2__cue__th_th__us-minus-none,939,scenario,IDV,0.055474247115114006,-0.011776328769392073,0.12482137478316875,939,247,162,9,521,418,0.20334928229665072,0.44515441959531415,939,264,154,7,514,425,0.25882352941176473,0.45260915867944623,"('scenario', 'cue', 'th_th', 'none', 'us', 'main')",18,3.015415342674718,-0.049817007030222876,0.1607655012604509
gptimage2,cue,th_th,none,us,gptimage2__cue__th_th__us-minus-none,939,scenario,MAS,0.1559816549570648,0.07235064618340224,0.24119672641445924,939,103,216,17,603,336,-0.33630952380952384,0.35782747603833864,939,119,174,12,634,305,-0.18032786885245902,0.3248136315228967,"('scenario', 'cue', 'th_th', 'none', 'us', 'main')",18,3.015415342674718,0.025461728661663324,0.2865015812524663
gptimage2,cue,th_th,none,us,gptimage2__cue__th_th__us-minus-none,939,scenario,UAI,0.016922777669714062,-0.1730508896354361,0.21473275400822864,939,45,61,0,833,106,-0.1509433962264151,0.11288604898828541,939,42,55,0,842,97,-0.13402061855670103,0.1033013844515442,"('scenario', 'cue', 'th_th', 'none', 'us', 'main')",18,3.015415342674718,-0.2815111110708275,0.3153566664102556
gptimage2,cue,th_th,none,us,gptimage2__cue__th_th__us-minus-none,939,scenario,LTO,0.04203716925207157,-0.05712590594555704,0.1488067927202522,939,160,54,3,722,217,0.48847926267281105,0.23109691160809373,939,161,48,4,726,213,0.5305164319248826,0.2268370607028754,"('scenario', 'cue', 'th_th', 'none', 'us', 'main')",18,3.015415342674718,-0.11726435362605311,0.20133869213019626
gptimage2,cue,th_th,none,us,gptimage2__cue__th_th__us-minus-none,939,scenario,IVR,0.03185313817911184,-0.0415039071373404,0.11090655771756824,939,126,19,0,794,145,0.7379310344827587,0.154419595314164,939,123,16,0,800,139,0.7697841726618705,0.14802981895633652,"('scenario', 'cue', 'th_th', 'none', 'us', 'main')",18,3.015415342674718,-0.08487995614078056,0.14858623249900424
gptimage2,cue,th_th,none,us,gptimage2__cue__th_th__us-minus-none,939,image,PDI,-0.15608953258722846,-0.2229813567732086,-0.09301745620428645,939,39,234,21,645,294,-0.6632653061224489,0.31309904153354634,939,21,275,14,629,310,-0.8193548387096774,0.3301384451544196,"('image', 'cue', 'th_th', 'none', 'us', 'main')",18,3.022863526404504,-0.2564350058365111,-0.05574405933794585
gptimage2,cue,th_th,none,us,gptimage2__cue__th_th__us-minus-none,939,image,IDV,0.10267158153414077,0.05128471021591108,0.156846018946005,939,326,210,97,306,633,0.18325434439178515,0.6741214057507987,939,379,186,110,264,675,0.2859259259259259,0.7188498402555911,"('image', 'cue', 'th_th', 'none', 'us', 'main')",18,3.022863526404504,0.021022941313938004,0.18432022175434354
gptimage2,cue,th_th,none,us,gptimage2__cue__th_th__us-minus-none,939,image,MAS,0.04453178488845255,0.0032868911301553705,0.08820476494513067,939,197,346,235,161,778,-0.19151670951156813,0.8285410010649628,939,208,325,263,143,796,-0.14698492462311558,0.8477103301384451,"('image', 'cue', 'th_th', 'none', 'us', 'main')",18,3.022863526404504,-0.021270015015943833,0.11033358479284894
gptimage2,cue,th_th,none,us,gptimage2__cue__th_th__us-minus-none,939,image,UAI,-0.1695458414701317,-0.267986310840876,-0.07583595659570978,939,196,102,19,622,317,0.29652996845425866,0.33759318423855167,939,160,120,35,624,315,0.12698412698412698,0.3354632587859425,"('image', 'cue', 'th_th', 'none', 'us', 'main')",18,3.022863526404504,-0.31884309930596333,-0.020248583634300016
gptimage2,cue,th_th,none,us,gptimage2__cue__th_th__us-minus-none,939,image,LTO,-0.011208576998050668,-0.07406725134036996,0.05536294773327051,939,382,69,89,399,540,0.5796296296296296,0.5750798722044729,939,407,83,80,369,570,0.5684210526315789,0.6070287539936102,"('image', 'cue', 'th_th', 'none', 'us', 'main')",18,3.022863526404504,-0.10873646744064996,0.08631931344454863
gptimage2,cue,th_th,none,us,gptimage2__cue__th_th__us-minus-none,939,image,IVR,0.031045625913672437,-0.04645043047259896,0.10954591282929485,939,257,53,18,611,328,0.6219512195121951,0.34930777422790205,939,254,47,16,622,317,0.6529968454258676,0.33759318423855167,"('image', 'cue', 'th_th', 'none', 'us', 'main')",18,3.022863526404504,-0.09042347027639946,0.15251472210374434
gptimage2,cue,th_th,none,th,gptimage2__cue__th_th__th-minus-none,946,scenario,PDI,-0.0017897091722594016,-0.0843396644621138,0.07714478764478755,946,20,129,0,797,149,-0.7315436241610739,0.15750528541226216,946,20,130,0,796,150,-0.7333333333333333,0.15856236786469344,"('scenario', 'cue', 'th_th', 'none', 'th', 'main')",18,3.022189561101355,-0.12685827731513535,0.12327885897061655
gptimage2,cue,th_th,none,th,gptimage2__cue__th_th__th-minus-none,946,scenario,IDV,-0.035855396558716196,-0.10640682095368913,0.033602225153211804,946,250,162,9,525,421,0.20902612826603326,0.4450317124735729,946,238,167,5,536,410,0.17317073170731706,0.4334038054968288,"('scenario', 'cue', 'th_th', 'none', 'th', 'main')",18,3.022189561101355,-0.143806724377184,0.0720959312597516
gptimage2,cue,th_th,none,th,gptimage2__cue__th_th__th-minus-none,946,scenario,MAS,0.058150665262754864,-0.02264862295640634,0.13762425752674937,946,104,216,17,609,337,-0.3323442136498516,0.3562367864693446,946,106,191,13,636,310,-0.27419354838709675,0.3276955602536998,"('scenario', 'cue', 'th_th', 'none', 'th', 'main')",18,3.022189561101355,-0.06604491928375941,0.18234624980926914
gptimage2,cue,th_th,none,th,gptimage2__cue__th_th__th-minus-none,946,scenario,UAI,0.01375013427865504,-0.16523971009999225,0.18794571208208594,946,46,61,0,839,107,-0.14018691588785046,0.113107822410148,946,38,49,0,859,87,-0.12643678160919541,0.0919661733615222,"('scenario', 'cue', 'th_th', 'none', 'th', 'main')",18,3.022189561101355,-0.2578444384832388,0.2853447070405488
gptimage2,cue,th_th,none,th,gptimage2__cue__th_th__th-minus-none,946,scenario,LTO,0.011478459392043339,-0.08339592746116621,0.11172821756421161,946,161,54,3,728,218,0.4908256880733945,0.23044397463002114,946,161,52,4,729,217,0.5023041474654378,0.22938689217758984,"('scenario', 'cue', 'th_th', 'none', 'th', 'main')",18,3.022189561101355,-0.1397796376138888,0.1627365563979755
gptimage2,cue,th_th,none,th,gptimage2__cue__th_th__th-minus-none,946,scenario,IVR,-0.04956947814090673,-0.12959449328698971,0.022107241110758406,946,127,20,0,799,147,0.7278911564625851,0.1553911205073996,946,120,23,0,803,143,0.6783216783216783,0.1511627906976744,"('scenario', 'cue', 'th_th', 'none', 'th', 'main')",18,3.022189561101355,-0.16478696691219655,0.06564801063038309
gptimage2,cue,th_th,none,th,gptimage2__cue__th_th__th-minus-none,946,image,PDI,0.05263731473408895,-0.026185680121938386,0.1308460604267467,946,39,236,21,650,296,-0.6655405405405406,0.3128964059196617,946,42,213,24,667,279,-0.6129032258064516,0.2949260042283298,"('image', 'cue', 'th_th', 'none', 'th', 'main')",18,2.9925126676766887,-0.06548000125543611,0.17075463072361402
gptimage2,cue,th_th,none,th,gptimage2__cue__th_th__th-minus-none,946,image,IDV,-0.11720821259017203,-0.17228575740578073,-0.06155772638312817,946,328,211,98,309,637,0.1836734693877551,0.6733615221987315,946,304,260,98,284,662,0.06646525679758308,0.6997885835095138,"('image', 'cue', 'th_th', 'none', 'th', 'main')",18,2.9925126676766887,-0.20266205480828747,-0.031754370372056584
gptimage2,cue,th_th,none,th,gptimage2__cue__th_th__th-minus-none,946,image,MAS,-0.08098609581850308,-0.12324124588308986,-0.03800328848372963,946,199,347,238,162,784,-0.18877551020408162,0.828752642706131,946,172,387,238,149,797,-0.2697616060225847,0.8424947145877378,"('image', 'cue', 'th_th', 'none', 'th', 'main')",18,2.9925126676766887,-0.14644667750062546,-0.015525514136380689
gptimage2,cue,th_th,none,th,gptimage2__cue__th_th__th-minus-none,946,image,UAI,0.011972147349505857,-0.08697451355213202,0.10513672842152856,946,197,102,19,628,318,0.29874213836477986,0.3361522198731501,946,179,92,9,666,280,0.3107142857142857,0.2959830866807611,"('image', 'cue', 'th_th', 'none', 'th', 'main')",18,2.9925126676766887,-0.13478326097479323,0.15872755567380495
gptimage2,cue,th_th,none,th,gptimage2__cue__th_th__th-minus-none,946,image,LTO,-0.07666432862675732,-0.13899623498372293,-0.015305427453956832,946,383,70,89,404,542,0.577490774907749,0.572938689217759,946,403,100,102,341,605,0.5008264462809917,0.6395348837209303,"('image', 'cue', 'th_th', 'none', 'th', 'main')",18,2.9925126676766887,-0.1708847728882963,0.01755611563478167
gptimage2,cue,th_th,none,th,gptimage2__cue__th_th__th-minus-none,946,image,IVR,-0.013566116662793393,-0.08117649403025974,0.05360811662275167,946,259,54,18,615,331,0.6193353474320241,0.3498942917547569,946,241,52,19,634,312,0.6057692307692307,0.3298097251585624,"('image', 'cue', 'th_th', 'none', 'th', 'main')",18,2.9925126676766887,-0.11656828578787745,0.08943605246229067
gptimage2,cue,th_th,us,th,gptimage2__cue__th_th__th-minus-us,938,scenario,PDI,0.155780319500898,0.07850063938618927,0.24451706400026602,938,8,134,0,796,142,-0.8873239436619719,0.1513859275053305,938,20,129,0,789,149,-0.7315436241610739,0.15884861407249468,"('scenario', 'cue', 'th_th', 'us', 'th', 'main')",18,3.0154768474167795,0.02644278022808208,0.2851178587737139
gptimage2,cue,th_th,us,th,gptimage2__cue__th_th__th-minus-us,938,scenario,IDV,-0.09366992778942468,-0.1636306476281862,-0.023253373545875405,938,265,152,7,514,424,0.2665094339622642,0.4520255863539446,938,235,165,5,533,405,0.1728395061728395,0.43176972281449894,"('scenario', 'cue', 'th_th', 'us', 'th', 'main')",18,3.0154768474167795,-0.20035780398446998,0.013017948405620622
gptimage2,cue,th_th,us,th,gptimage2__cue__th_th__th-minus-us,938,scenario,MAS,-0.10249871421224072,-0.18961876755083318,-0.020809000513498273,938,119,173,12,634,304,-0.17763157894736842,0.32409381663113007,938,104,190,13,631,307,-0.28013029315960913,0.3272921108742004,"('scenario', 'cue', 'th_th', 'us', 'th', 'main')",18,3.0154768474167795,-0.2323701036833351,0.027372675258853674
gptimage2,cue,th_th,us,th,gptimage2__cue__th_th__th-minus-us,938,scenario,UAI,-0.005514265164229204,-0.21340412522712793,0.2096491810957863,938,42,55,0,841,97,-0.13402061855670103,0.10341151385927505,938,37,49,0,852,86,-0.13953488372093023,0.09168443496801706,"('scenario', 'cue', 'th_th', 'us', 'th', 'main')",18,3.0154768474167795,-0.3310777504371747,0.3200492201087163
gptimage2,cue,th_th,us,th,gptimage2__cue__th_th__th-minus-us,938,scenario,LTO,-0.030516431924882625,-0.1364677374551897,0.07280802938952867,938,161,48,4,725,213,0.5305164319248826,0.22707889125799574,938,160,52,4,722,216,0.5,0.2302771855010661,"('scenario', 'cue', 'th_th', 'us', 'th', 'main')",18,3.0154768474167795,-0.19156665926069938,0.13053379541093413
gptimage2,cue,th_th,us,th,gptimage2__cue__th_th__th-minus-us,938,scenario,IVR,-0.08406988694758477,-0.1754225890721054,-0.0003608763065645418,938,123,16,0,799,139,0.7697841726618705,0.14818763326226012,938,118,22,0,798,140,0.6857142857142857,0.14925373134328357,"('scenario', 'cue', 'th_th', 'us', 'th', 'main')",18,3.0154768474167795,-0.21869215208128678,0.05055237818611724
gptimage2,cue,th_th,us,th,gptimage2__cue__th_th__th-minus-us,938,image,PDI,0.1970526804362961,0.13173043047588387,0.26666748674211366,938,21,275,14,628,310,-0.8193548387096774,0.3304904051172708,938,41,214,23,660,278,-0.6223021582733813,0.29637526652452023,"('image', 'cue', 'th_th', 'us', 'th', 'main')",18,3.0177722748378697,0.09165027751762066,0.3024550833549715
gptimage2,cue,th_th,us,th,gptimage2__cue__th_th__th-minus-us,938,image,IDV,-0.21781860719302287,-0.2733170438863358,-0.16250248203248893,938,380,186,108,264,674,0.2878338278931751,0.7185501066098081,938,304,258,95,281,657,0.0700152207001522,0.7004264392324094,"('image', 'cue', 'th_th', 'us', 'th', 'main')",18,3.0177722748378697,-0.3029215776970838,-0.13271563668896197
gptimage2,cue,th_th,us,th,gptimage2__cue__th_th__th-minus-us,938,image,MAS,-0.12590224936192543,-0.1678004025007761,-0.0838493351054739,938,208,325,262,143,795,-0.1471698113207547,0.847547974413646,938,169,385,237,147,791,-0.27307206068268014,0.8432835820895522,"('image', 'cue', 'th_th', 'us', 'th', 'main')",18,3.0177722748378697,-0.19030703688692568,-0.061497461836925185
gptimage2,cue,th_th,us,th,gptimage2__cue__th_th__th-minus-us,938,image,UAI,0.17877126869932625,0.0669216919452852,0.2809878480000949,938,160,120,35,623,315,0.12698412698412698,0.3358208955223881,938,177,92,9,660,278,0.3057553956834532,0.29637526652452023,"('image', 'cue', 'th_th', 'us', 'th', 'main')",18,3.0177722748378697,0.014149024697339252,0.34339351270131324
gptimage2,cue,th_th,us,th,gptimage2__cue__th_th__th-minus-us,938,image,LTO,-0.06190140845070424,-0.1281712710863501,0.0033216771236545257,938,405,83,80,370,568,0.5669014084507042,0.605543710021322,938,401,98,101,338,600,0.505,0.6396588486140725,"('image', 'cue', 'th_th', 'us', 'th', 'main')",18,3.0177722748378697,-0.1634022068181596,0.03959938991675112
gptimage2,cue,th_th,us,th,gptimage2__cue__th_th__th-minus-us,938,image,IVR,-0.04441063095962672,-0.12244678985997912,0.03432803458461576,938,255,47,16,620,318,0.6540880503144654,0.3390191897654584,938,240,51,19,628,310,0.6096774193548387,0.3304904051172708,"('image', 'cue', 'th_th', 'us', 'th', 'main')",18,3.0177722748378697,-0.1656384360877558,0.07681717416850238
gptimage2,cue,hi_in,none,us,gptimage2__cue__hi_in__us-minus-none,955,scenario,PDI,-0.08145536950774268,-0.1475323086814574,-0.020095604854196793,955,16,172,0,767,188,-0.8297872340425532,0.1968586387434555,955,7,161,1,786,169,-0.9112426035502958,0.1769633507853403,"('scenario', 'cue', 'hi_in', 'none', 'us', 'main')",18,3.0618967207567014,-0.18201069198374595,0.019099952968260586
gptimage2,cue,hi_in,none,us,gptimage2__cue__hi_in__us-minus-none,955,scenario,IDV,0.13622049854150092,0.06589094095900573,0.21081906258325084,955,244,175,13,523,432,0.1597222222222222,0.4523560209424084,955,265,141,13,536,419,0.29594272076372313,0.4387434554973822,"('scenario', 'cue', 'hi_in', 'none', 'us', 'main')",18,3.0618967207567014,0.02378599812620777,0.24865499895679408
gptimage2,cue,hi_in,none,us,gptimage2__cue__hi_in__us-minus-none,955,scenario,MAS,0.13017249780723125,0.046281733639888814,0.216444135616825,955,111,200,20,624,331,-0.2688821752265861,0.34659685863874345,955,125,168,17,645,310,-0.13870967741935483,0.32460732984293195,"('scenario', 'cue', 'hi_in', 'none', 'us', 'main')",18,3.0618967207567014,-0.0034504377712142875,0.2637954333856768
gptimage2,cue,hi_in,none,us,gptimage2__cue__hi_in__us-minus-none,955,scenario,UAI,-0.15069057926200785,-0.3655352850797128,0.06055498657419447,955,45,53,0,857,98,-0.08163265306122448,0.10261780104712041,955,38,61,0,856,99,-0.23232323232323232,0.10366492146596859,"('scenario', 'cue', 'hi_in', 'none', 'us', 'main')",18,3.0618967207567014,-0.4819215335964202,0.1805403750724045
gptimage2,cue,hi_in,none,us,gptimage2__cue__hi_in__us-minus-none,955,scenario,LTO,0.028548755467812437,-0.061571023142897974,0.12416233400646517,955,187,47,3,718,237,0.5907172995780591,0.2481675392670157,955,175,40,3,737,218,0.6192660550458715,0.22827225130890053,"('scenario', 'cue', 'hi_in', 'none', 'us', 'main')",18,3.0618967207567014,-0.11670581746642375,0.17380332840204862
gptimage2,cue,hi_in,none,us,gptimage2__cue__hi_in__us-minus-none,955,scenario,IVR,-0.07520091848450061,-0.18220900188509676,0.026284242191500242,955,121,13,0,821,134,0.8059701492537313,0.14031413612565444,955,112,17,1,825,130,0.7307692307692307,0.13612565445026178,"('scenario', 'cue', 'hi_in', 'none', 'us', 'main')",18,3.0618967207567014,-0.23762033984982808,0.08721850288082686
gptimage2,cue,hi_in,none,us,gptimage2__cue__hi_in__us-minus-none,955,image,PDI,-0.1227478041403347,-0.19091673556589614,-0.05648707315925776,955,29,264,26,636,319,-0.7366771159874608,0.33403141361256544,955,15,284,14,642,313,-0.8594249201277955,0.32774869109947646,"('image', 'cue', 'hi_in', 'none', 'us', 'main')",18,2.9826581377516947,-0.22338251646709867,-0.022113091813570754
gptimage2,cue,hi_in,none,us,gptimage2__cue__hi_in__us-minus-none,955,image,IDV,0.1967652459272571,0.14366075117196353,0.2503325210931091,955,334,251,130,240,715,0.11608391608391608,0.7486910994764397,955,411,187,118,239,716,0.3128491620111732,0.749738219895288,"('image', 'cue', 'hi_in', 'none', 'us', 'main')",18,2.9826581377516947,0.11580944229710376,0.27772104955741045
gptimage2,cue,hi_in,none,us,gptimage2__cue__hi_in__us-minus-none,955,image,MAS,0.02817096503302771,-0.016536803936078787,0.07127691436778653,955,213,350,268,124,831,-0.1648616125150421,0.8701570680628272,955,215,329,290,121,834,-0.1366906474820144,0.8732984293193717,"('image', 'cue', 'hi_in', 'none', 'us', 'main')",18,2.9826581377516947,-0.03792860637247722,0.09427053643853264
gptimage2,cue,hi_in,none,us,gptimage2__cue__hi_in__us-minus-none,955,image,UAI,-0.19410251335840095,-0.297136670274682,-0.09113578384786292,955,190,112,24,629,326,0.2392638036809816,0.3413612565445026,955,147,133,30,645,310,0.04516129032258064,0.32460732984293195,"('image', 'cue', 'hi_in', 'none', 'us', 'main')",18,2.9826581377516947,-0.34853645166260555,-0.03966857505419635
gptimage2,cue,hi_in,none,us,gptimage2__cue__hi_in__us-minus-none,955,image,LTO,0.03549382716049376,-0.022706845472937002,0.09271324444555024,955,451,90,107,307,648,0.5570987654320988,0.6785340314136126,955,430,78,86,361,594,0.5925925925925926,0.6219895287958115,"('image', 'cue', 'hi_in', 'none', 'us', 'main')",18,2.9826581377516947,-0.05210715223576619,0.12309480655675371
gptimage2,cue,hi_in,none,us,gptimage2__cue__hi_in__us-minus-none,955,image,IVR,0.1524841673356524,0.0758776169621876,0.22871036411683562,955,228,49,26,652,303,0.5907590759075908,0.3172774869109948,955,248,28,20,659,296,0.7432432432432432,0.3099476439790576,"('image', 'cue', 'hi_in', 'none', 'us', 'main')",18,2.9826581377516947,0.03370599334195139,0.2712623413293534
gptimage2,cue,hi_in,none,in,gptimage2__cue__hi_in__in-minus-none,956,scenario,PDI,-0.0005157962604771527,-0.061041504533356473,0.06270630920573231,956,16,172,0,768,188,-0.8297872340425532,0.19665271966527198,956,14,151,0,791,165,-0.8303030303030303,0.17259414225941422,"('scenario', 'cue', 'hi_in', 'none', 'in', 'main')",18,3.0033146410279628,-0.09496784693249555,0.09393625441154124
gptimage2,cue,hi_in,none,in,gptimage2__cue__hi_in__in-minus-none,956,scenario,IDV,-0.07684337865448843,-0.14574571849378642,-0.007481052113185512,956,244,176,13,523,433,0.15704387990762125,0.45292887029288703,956,211,179,9,557,399,0.08020050125313283,0.41736401673640167,"('scenario', 'cue', 'hi_in', 'none', 'in', 'main')",18,3.0033146410279628,-0.1835307423034425,0.02984398499446564
gptimage2,cue,hi_in,none,in,gptimage2__cue__hi_in__in-minus-none,956,scenario,MAS,0.03861901733184925,-0.04174152268395001,0.11874528601107322,956,111,200,20,625,331,-0.2688821752265861,0.34623430962343094,956,111,181,12,652,304,-0.23026315789473684,0.3179916317991632,"('scenario', 'cue', 'hi_in', 'none', 'in', 'main')",18,3.0033146410279628,-0.08349256062373821,0.16073059528743672
gptimage2,cue,hi_in,none,in,gptimage2__cue__hi_in__in-minus-none,956,scenario,UAI,0.02786921220100943,-0.18091808245259286,0.23325856446809265,956,45,53,0,858,98,-0.08163265306122448,0.10251046025104603,956,44,49,0,863,93,-0.053763440860215055,0.09728033472803348,"('scenario', 'cue', 'hi_in', 'none', 'in', 'main')",18,3.0033146410279628,-0.28959952154867763,0.34533794595069645
gptimage2,cue,hi_in,none,in,gptimage2__cue__hi_in__in-minus-none,956,scenario,LTO,-0.059316333394484166,-0.14619653878142722,0.026512250351115266,956,187,47,3,719,237,0.5907172995780591,0.24790794979079497,956,156,46,5,749,207,0.5314009661835749,0.21652719665271966,"('scenario', 'cue', 'hi_in', 'none', 'in', 'main')",18,3.0033146410279628,-0.19016100685934564,0.07152834007037731
gptimage2,cue,hi_in,none,in,gptimage2__cue__hi_in__in-minus-none,956,scenario,IVR,-0.007520536850630588,-0.10846637354650024,0.0946271910778991,956,121,13,0,822,134,0.8059701492537313,0.1401673640167364,956,116,13,0,827,129,0.7984496124031008,0.13493723849372385,"('scenario', 'cue', 'hi_in', 'none', 'in', 'main')",18,3.0033146410279628,-0.16319102236088798,0.1481499486596268
gptimage2,cue,hi_in,none,in,gptimage2__cue__hi_in__in-minus-none,956,image,PDI,0.017827275731869707,-0.05171914777191249,0.09027240500642526,956,29,264,26,637,319,-0.7366771159874608,0.33368200836820083,956,34,259,20,643,313,-0.7188498402555911,0.3274058577405858,"('image', 'cue', 'hi_in', 'none', 'in', 'main')",18,2.9800000501505886,-0.09076284724352411,0.12641739870726354
gptimage2,cue,hi_in,none,in,gptimage2__cue__hi_in__in-minus-none,956,image,IDV,-0.10224683134283995,-0.15330064270535976,-0.05220951586735613,956,334,252,130,240,716,0.11452513966480447,0.7489539748953975,956,310,301,122,223,733,0.01227830832196453,0.7667364016736402,"('image', 'cue', 'hi_in', 'none', 'in', 'main')",18,2.9800000501505886,-0.17853592202485555,-0.025957740660824347
gptimage2,cue,hi_in,none,in,gptimage2__cue__hi_in__in-minus-none,956,image,MAS,-0.015732678338610556,-0.05730248775843221,0.025703847537144,956,213,351,268,124,832,-0.1658653846153846,0.8702928870292888,956,209,359,258,130,826,-0.18159806295399517,0.8640167364016736,"('image', 'cue', 'hi_in', 'none', 'in', 'main')",18,2.9800000501505886,-0.07842899677143005,0.04696364009420893
gptimage2,cue,hi_in,none,in,gptimage2__cue__hi_in__in-minus-none,956,image,UAI,0.05309500030572939,-0.03904113860859974,0.14765738464398312,956,190,112,24,630,326,0.2392638036809816,0.3410041841004184,956,186,98,17,655,301,0.292358803986711,0.3148535564853556,"('image', 'cue', 'hi_in', 'none', 'in', 'main')",18,2.9800000501505886,-0.08758728603609475,0.19377728664755353
gptimage2,cue,hi_in,none,in,gptimage2__cue__hi_in__in-minus-none,956,image,LTO,-0.024374260104853773,-0.08115379349594304,0.033809893153575785,956,451,90,107,308,648,0.5570987654320988,0.6778242677824268,956,441,91,125,299,657,0.532724505327245,0.6872384937238494,"('image', 'cue', 'hi_in', 'none', 'in', 'main')",18,2.9800000501505886,-0.11105502055420348,0.06230650034449593
gptimage2,cue,hi_in,none,in,gptimage2__cue__hi_in__in-minus-none,956,image,IVR,-0.01803118908382062,-0.10182426710644332,0.06590444775511364,956,229,49,26,652,304,0.5921052631578947,0.3179916317991632,956,242,56,26,632,324,0.5740740740740741,0.3389121338912134,"('image', 'cue', 'hi_in', 'none', 'in', 'main')",18,2.9800000501505886,-0.1455683431256648,0.10950596495802356
gptimage2,cue,hi_in,us,in,gptimage2__cue__hi_in__in-minus-us,956,scenario,PDI,0.09196549511656094,0.026327456323273532,0.1652997296957207,956,7,161,1,787,169,-0.9112426035502958,0.17677824267782427,956,15,151,0,790,166,-0.8192771084337349,0.17364016736401675,"('scenario', 'cue', 'hi_in', 'us', 'in', 'main')",18,3.032244069854882,-0.014702374983126404,0.19863336521624828
gptimage2,cue,hi_in,us,in,gptimage2__cue__hi_in__in-minus-us,956,scenario,IDV,-0.21302814789940153,-0.2869977383834368,-0.13888809825102683,956,265,141,13,537,419,0.29594272076372313,0.4382845188284519,956,211,178,9,558,398,0.0829145728643216,0.41631799163179917,"('scenario', 'cue', 'hi_in', 'us', 'in', 'main')",18,3.032244069854882,-0.32654670756371773,-0.0995095882350853
gptimage2,cue,hi_in,us,in,gptimage2__cue__hi_in__in-minus-us,956,scenario,MAS,-0.091553480475382,-0.17970290284065055,-0.0019517967068003194,956,125,168,17,646,310,-0.13870967741935483,0.32426778242677823,956,111,181,12,652,304,-0.23026315789473684,0.3179916317991632,"('scenario', 'cue', 'hi_in', 'us', 'in', 'main')",18,3.032244069854882,-0.2272275767857856,0.04412061583502158
gptimage2,cue,hi_in,us,in,gptimage2__cue__hi_in__in-minus-us,956,scenario,UAI,0.17855979146301726,-0.026667970022808737,0.3902497096399535,956,38,61,0,857,99,-0.23232323232323232,0.10355648535564854,956,44,49,0,863,93,-0.053763440860215055,0.09728033472803348,"('scenario', 'cue', 'hi_in', 'us', 'in', 'main')",18,3.032244069854882,-0.1393376353741933,0.4964572183002278
gptimage2,cue,hi_in,us,in,gptimage2__cue__hi_in__in-minus-us,956,scenario,LTO,-0.0878650888622966,-0.18918194850917402,0.012720971757751916,956,175,40,3,738,218,0.6192660550458715,0.2280334728033473,956,156,46,5,749,207,0.5314009661835749,0.21652719665271966,"('scenario', 'cue', 'hi_in', 'us', 'in', 'main')",18,3.032244069854882,-0.24584259129979066,0.07011241357519746
gptimage2,cue,hi_in,us,in,gptimage2__cue__hi_in__in-minus-us,956,scenario,IVR,0.06768038163387002,-0.040393299994032086,0.18257177871148414,956,112,17,1,826,130,0.7307692307692307,0.13598326359832635,956,116,13,0,827,129,0.7984496124031008,0.13493723849372385,"('scenario', 'cue', 'hi_in', 'us', 'in', 'main')",18,3.032244069854882,-0.10501191983633887,0.24037268310407892
gptimage2,cue,hi_in,us,in,gptimage2__cue__hi_in__in-minus-us,956,image,PDI,0.1433121019108281,0.07843117428117008,0.2122070395452397,956,15,284,15,642,314,-0.856687898089172,0.3284518828451883,956,35,259,20,642,314,-0.7133757961783439,0.3284518828451883,"('image', 'cue', 'hi_in', 'us', 'in', 'main')",18,3.0072011497491182,0.040167497944445796,0.2464567058772104
gptimage2,cue,hi_in,us,in,gptimage2__cue__hi_in__in-minus-us,956,image,IDV,-0.3001345229193186,-0.3541155456704732,-0.24597165933098003,956,411,187,119,239,717,0.3124128312412831,0.75,956,310,301,122,223,733,0.01227830832196453,0.7667364016736402,"('image', 'cue', 'hi_in', 'us', 'in', 'main')",18,3.0072011497491182,-0.383270510866232,-0.2169985349724052
gptimage2,cue,hi_in,us,in,gptimage2__cue__hi_in__in-minus-us,956,image,MAS,-0.04369676171895412,-0.08746003610108087,-0.000336732648904765,956,215,329,290,122,834,-0.1366906474820144,0.8723849372384938,956,209,358,259,130,826,-0.18038740920096852,0.8640167364016736,"('image', 'cue', 'hi_in', 'us', 'in', 'main')",18,3.0072011497491182,-0.1105129200514963,0.023119396613588056
gptimage2,cue,hi_in,us,in,gptimage2__cue__hi_in__in-minus-us,956,image,UAI,0.2464704755009476,0.1418325474954634,0.3537693699087837,956,148,133,30,645,311,0.04823151125401929,0.3253138075313807,956,187,98,17,654,302,0.2947019867549669,0.3158995815899582,"('image', 'cue', 'hi_in', 'us', 'in', 'main')",18,3.0072011497491182,0.0855911553081769,0.4073497956937183
gptimage2,cue,hi_in,us,in,gptimage2__cue__hi_in__in-minus-us,956,image,LTO,-0.06120150187734674,-0.12094860799772372,-0.000984813311518248,956,430,78,87,361,595,0.5915966386554622,0.6223849372384938,956,441,92,125,298,658,0.5303951367781155,0.6882845188284519,"('image', 'cue', 'hi_in', 'us', 'in', 'main')",18,3.0072011497491182,-0.15352140859907887,0.031118404844385383
gptimage2,cue,hi_in,us,in,gptimage2__cue__hi_in__in-minus-us,956,image,IVR,-0.16461831941708105,-0.2425360259130857,-0.08890056713717429,956,248,29,20,659,297,0.7373737373737373,0.3106694560669456,956,241,56,26,633,323,0.5727554179566563,0.3378661087866109,"('image', 'cue', 'hi_in', 'us', 'in', 'main')",18,3.0072011497491182,-0.281523447293287,-0.047713191540875124
nanobanana2,language,none,en_us,zh_cn,nanobanana2__language__none__zh_cn-minus-en_us,957,scenario,PDI,0.0733016725170349,-0.0027437117260072775,0.15436149849603498,957,3,171,0,783,174,-0.9655172413793104,0.18181818181818182,957,9,158,0,790,167,-0.8922155688622755,0.17450365726227796,"('scenario', 'language', 'none', 'en_us', 'zh_cn', 'main')",36,3.233445552880987,-0.055619630190715835,0.20222297522478563
nanobanana2,language,none,en_us,zh_cn,nanobanana2__language__none__zh_cn-minus-en_us,957,scenario,IDV,-0.11466869342914393,-0.20649828810272483,-0.025579318692412818,957,285,123,2,547,410,0.3951219512195122,0.4284221525600836,957,225,126,2,604,353,0.2804532577903683,0.36886102403343785,"('scenario', 'language', 'none', 'en_us', 'zh_cn', 'main')",36,3.233445552880987,-0.26504461044467165,0.03570722358638381
nanobanana2,language,none,en_us,zh_cn,nanobanana2__language__none__zh_cn-minus-en_us,957,scenario,MAS,0.09128459314332915,-0.012128265223246816,0.19781452480044606,957,72,192,6,687,270,-0.4444444444444444,0.28213166144200624,957,86,181,2,688,269,-0.35315985130111527,0.28108672936259144,"('scenario', 'language', 'none', 'en_us', 'zh_cn', 'main')",36,3.233445552880987,-0.08094089452654468,0.263510080813203
nanobanana2,language,none,en_us,zh_cn,nanobanana2__language__none__zh_cn-minus-en_us,957,scenario,UAI,0.02865612648221344,-0.18561017786561265,0.24088379164463214,957,29,63,0,865,92,-0.3695652173913043,0.0961337513061651,957,29,59,0,869,88,-0.3409090909090909,0.09195402298850575,"('scenario', 'language', 'none', 'en_us', 'zh_cn', 'main')",36,3.233445552880987,-0.3257636806449755,0.3830759336094024
nanobanana2,language,none,en_us,zh_cn,nanobanana2__language__none__zh_cn-minus-en_us,957,scenario,LTO,-0.005015942141690655,-0.1460235793518002,0.13745415968751812,957,117,36,1,803,154,0.525974025974026,0.16091954022988506,957,125,38,4,790,167,0.5209580838323353,0.17450365726227796,"('scenario', 'language', 'none', 'en_us', 'zh_cn', 'main')",36,3.233445552880987,-0.23657141979240423,0.22653953550902292
nanobanana2,language,none,en_us,zh_cn,nanobanana2__language__none__zh_cn-minus-en_us,957,scenario,IVR,0.023643410852713154,-0.05003480212364403,0.0965686444010726,957,169,10,1,777,180,0.8833333333333333,0.18808777429467086,957,164,8,0,785,172,0.9069767441860465,0.17972831765935215,"('scenario', 'language', 'none', 'en_us', 'zh_cn', 'main')",36,3.233445552880987,-0.09833370254921608,0.1456205242546424
nanobanana2,language,none,en_us,zh_cn,nanobanana2__language__none__zh_cn-minus-en_us,957,image,PDI,0.035174461567399784,-0.03235804217066076,0.10431845522162687,957,21,258,4,674,283,-0.8374558303886925,0.29571577847439917,957,25,236,2,694,263,-0.8022813688212928,0.27481713688610243,"('image', 'language', 'none', 'en_us', 'zh_cn', 'main')",36,3.238123151994879,-0.0796451999937845,0.14999412312858407
nanobanana2,language,none,en_us,zh_cn,nanobanana2__language__none__zh_cn-minus-en_us,957,image,IDV,-0.09588128664931023,-0.15871240799229588,-0.031543636680962314,957,383,160,41,373,584,0.3818493150684932,0.6102403343782654,957,340,179,44,394,563,0.28596802841918295,0.5882967607105538,"('image', 'language', 'none', 'en_us', 'zh_cn', 'main')",36,3.238123151994879,-0.20079439062912827,0.009031817330507813
nanobanana2,language,none,en_us,zh_cn,nanobanana2__language__none__zh_cn-minus-en_us,957,image,MAS,0.03560927095044539,-0.014468380934985038,0.0859439884970602,957,219,408,119,211,746,-0.25335120643431636,0.7795193312434692,957,236,398,110,213,744,-0.21774193548387097,0.7774294670846394,"('image', 'language', 'none', 'en_us', 'zh_cn', 'main')",36,3.238123151994879,-0.047925108604906855,0.11914365050579763
nanobanana2,language,none,en_us,zh_cn,nanobanana2__language__none__zh_cn-minus-en_us,957,image,UAI,0.07039665211062592,-0.053884136729719694,0.2005689162733743,957,120,97,12,728,229,0.10043668122270742,0.2392894461859979,957,136,95,9,717,240,0.17083333333333334,0.2507836990595611,"('image', 'language', 'none', 'en_us', 'zh_cn', 'main')",36,3.238123151994879,-0.13832908030709795,0.27912238452834975
nanobanana2,language,none,en_us,zh_cn,nanobanana2__language__none__zh_cn-minus-en_us,957,image,LTO,0.06327543424317617,-0.014047053193833961,0.14152619641367312,957,304,66,33,554,403,0.5905707196029777,0.4211076280041797,957,329,57,30,541,416,0.6538461538461539,0.4346917450365726,"('image', 'language', 'none', 'en_us', 'zh_cn', 'main')",36,3.238123151994879,-0.06659308946861006,0.1931439579549624
nanobanana2,language,none,en_us,zh_cn,nanobanana2__language__none__zh_cn-minus-en_us,957,image,IVR,-0.005630077460797356,-0.05969269499509071,0.04730050702772897,957,308,22,5,622,335,0.8537313432835821,0.3500522466039707,957,288,20,8,641,316,0.8481012658227848,0.33019853709508884,"('image', 'language', 'none', 'en_us', 'zh_cn', 'main')",36,3.238123151994879,-0.09461180909164775,0.08335165417005304
nanobanana2,language,none,en_us,th_th,nanobanana2__language__none__th_th-minus-en_us,958,scenario,PDI,0.08179631114675223,0.01470700715729361,0.1601162761678058,958,3,171,0,784,174,-0.9655172413793104,0.18162839248434237,958,10,162,0,786,172,-0.8837209302325582,0.17954070981210857,"('scenario', 'language', 'none', 'en_us', 'th_th', 'main')",18,3.0217831096944794,-0.03142329122000628,0.19501591351351075
nanobanana2,language,none,en_us,th_th,nanobanana2__language__none__th_th-minus-en_us,958,scenario,IDV,-0.15301668806161747,-0.24082769703373882,-0.06704666458061895,958,285,123,2,548,410,0.3951219512195122,0.4279749478079332,958,233,141,6,578,380,0.24210526315789474,0.3966597077244259,"('scenario', 'language', 'none', 'en_us', 'th_th', 'main')",18,3.0217831096944794,-0.2861821204312771,-0.019851255691957864
nanobanana2,language,none,en_us,th_th,nanobanana2__language__none__th_th-minus-en_us,958,scenario,MAS,0.06437064370643703,-0.03695874791335524,0.1665442532326118,958,72,192,6,688,270,-0.4444444444444444,0.2818371607515658,958,82,185,4,687,271,-0.3800738007380074,0.2828810020876827,"('scenario', 'language', 'none', 'en_us', 'th_th', 'main')",18,3.0217831096944794,-0.09403636438517579,0.22277765179804984
nanobanana2,language,none,en_us,th_th,nanobanana2__language__none__th_th-minus-en_us,958,scenario,UAI,0.0,-0.21268551538705757,0.21063878830801352,958,29,64,0,865,93,-0.3763440860215054,0.09707724425887265,958,29,64,0,865,93,-0.3763440860215054,0.09707724425887265,"('scenario', 'language', 'none', 'en_us', 'th_th', 'main')",18,3.0217831096944794,-0.32701509851208843,0.32701509851208843
nanobanana2,language,none,en_us,th_th,nanobanana2__language__none__th_th-minus-en_us,958,scenario,LTO,-0.035407988238176924,-0.18307980546572297,0.10885604575188058,958,117,36,1,804,154,0.525974025974026,0.16075156576200417,958,118,40,1,799,159,0.49056603773584906,0.16597077244258873,"('scenario', 'language', 'none', 'en_us', 'th_th', 'main')",18,3.0217831096944794,-0.2619220923325901,0.1911061158562363
nanobanana2,language,none,en_us,th_th,nanobanana2__language__none__th_th-minus-en_us,958,scenario,IVR,-0.003752181500872531,-0.07610883948474893,0.06868622448979582,958,169,10,1,778,180,0.8833333333333333,0.18789144050104384,958,179,11,1,767,191,0.8795811518324608,0.19937369519832984,"('scenario', 'language', 'none', 'en_us', 'th_th', 'main')",18,3.0217831096944794,-0.11558471242795439,0.10808034942620932
nanobanana2,language,none,en_us,th_th,nanobanana2__language__none__th_th-minus-en_us,958,image,PDI,0.014257677210805841,-0.05426182873785445,0.08326911254422092,958,21,259,4,674,284,-0.8380281690140845,0.2964509394572025,958,19,220,5,714,244,-0.8237704918032787,0.2546972860125261,"('image', 'language', 'none', 'en_us', 'th_th', 'main')",18,2.9566202302793028,-0.08887849457032773,0.11739384899193941
nanobanana2,language,none,en_us,th_th,nanobanana2__language__none__th_th-minus-en_us,958,image,IDV,-0.16665944165077165,-0.23090237248351964,-0.09972717000835678,958,383,160,41,374,584,0.3818493150684932,0.6096033402922756,958,314,195,44,405,553,0.21518987341772153,0.5772442588726514,"('image', 'language', 'none', 'en_us', 'th_th', 'main')",18,2.9566202302793028,-0.265165268035677,-0.06815361526586629
nanobanana2,language,none,en_us,th_th,nanobanana2__language__none__th_th-minus-en_us,958,image,MAS,-0.017368386589837637,-0.06617971699475242,0.03164787608715858,958,219,408,120,211,747,-0.25301204819277107,0.7797494780793319,958,214,413,109,222,736,-0.2703804347826087,0.7682672233820459,"('image', 'language', 'none', 'en_us', 'th_th', 'main')",18,2.9566202302793028,-0.09100587761124164,0.056269104431566366
nanobanana2,language,none,en_us,th_th,nanobanana2__language__none__th_th-minus-en_us,958,image,UAI,-0.0051544363564823975,-0.1404127710121141,0.13162108685833643,958,120,98,12,728,230,0.09565217391304348,0.24008350730688935,958,118,98,5,737,221,0.09049773755656108,0.23068893528183715,"('image', 'language', 'none', 'en_us', 'th_th', 'main')",18,2.9566202302793028,-0.2108005949749881,0.20049172226202333
nanobanana2,language,none,en_us,th_th,nanobanana2__language__none__th_th-minus-en_us,958,image,LTO,0.015173405723393096,-0.06722847536531751,0.09785174855892761,958,304,66,33,555,403,0.5905707196029777,0.42066805845511485,958,295,63,25,575,383,0.6057441253263708,0.39979123173277664,"('image', 'language', 'none', 'en_us', 'th_th', 'main')",18,2.9566202302793028,-0.10866080103070344,0.13900761247748963
nanobanana2,language,none,en_us,th_th,nanobanana2__language__none__th_th-minus-en_us,958,image,IVR,-0.01743197278911557,-0.07361154102176534,0.03667310352582839,958,309,22,5,622,336,0.8541666666666666,0.35073068893528186,958,313,26,4,615,343,0.8367346938775511,0.35803757828810023,"('image', 'language', 'none', 'en_us', 'th_th', 'main')",18,2.9566202302793028,-0.10140649850536253,0.06654255292713139
nanobanana2,language,none,en_us,hi_in,nanobanana2__language__none__hi_in-minus-en_us,958,scenario,PDI,0.05153874675565451,-0.009281998840206371,0.11996134046995241,958,3,171,0,784,174,-0.9655172413793104,0.18162839248434237,958,8,178,0,772,186,-0.9139784946236559,0.1941544885177453,"('scenario', 'language', 'none', 'en_us', 'hi_in', 'main')",18,2.9986178490160773,-0.04629035454167674,0.14936784805298575
nanobanana2,language,none,en_us,hi_in,nanobanana2__language__none__hi_in-minus-en_us,958,scenario,IDV,-0.22567750677506776,-0.31786111543529205,-0.13204368714020398,958,285,123,2,548,410,0.3951219512195122,0.4279749478079332,958,208,147,5,598,360,0.16944444444444445,0.3757828810020877,"('scenario', 'language', 'none', 'en_us', 'hi_in', 'main')",18,2.9986178490160773,-0.36838939911316854,-0.08296561443696698
nanobanana2,language,none,en_us,hi_in,nanobanana2__language__none__hi_in-minus-en_us,958,scenario,MAS,0.13793103448275862,0.022244031421835415,0.25508115619160254,958,72,192,6,688,270,-0.4444444444444444,0.2818371607515658,958,88,168,5,697,261,-0.3065134099616858,0.27244258872651356,"('scenario', 'language', 'none', 'en_us', 'hi_in', 'main')",18,2.9986178490160773,-0.03890615686715701,0.3147682258326743
nanobanana2,language,none,en_us,hi_in,nanobanana2__language__none__hi_in-minus-en_us,958,scenario,UAI,0.04301075268817206,-0.1758045246185744,0.26639862542955306,958,29,64,0,865,93,-0.3763440860215054,0.09707724425887265,958,27,54,0,877,81,-0.3333333333333333,0.08455114822546973,"('scenario', 'language', 'none', 'en_us', 'hi_in', 'main')",18,2.9986178490160773,-0.2932545178712517,0.3792760232475958
nanobanana2,language,none,en_us,hi_in,nanobanana2__language__none__hi_in-minus-en_us,958,scenario,LTO,-0.11293054771315642,-0.26722404712649717,0.04305034276167812,958,117,36,1,804,154,0.525974025974026,0.16075156576200417,958,96,39,3,820,138,0.41304347826086957,0.1440501043841336,"('scenario', 'language', 'none', 'en_us', 'hi_in', 'main')",18,2.9986178490160773,-0.3522483914348267,0.1263872960085139
nanobanana2,language,none,en_us,hi_in,nanobanana2__language__none__hi_in-minus-en_us,958,scenario,IVR,0.04349593495934967,-0.037706764173527155,0.12653257101823792,958,169,10,1,778,180,0.8833333333333333,0.18789144050104384,958,158,6,0,794,164,0.926829268292683,0.17118997912317327,"('scenario', 'language', 'none', 'en_us', 'hi_in', 'main')",18,2.9986178490160773,-0.0822165278906892,0.16920839780938854
nanobanana2,language,none,en_us,hi_in,nanobanana2__language__none__hi_in-minus-en_us,958,image,PDI,0.014498757249378658,-0.05326211617770406,0.08219890900973695,958,21,259,4,674,284,-0.8380281690140845,0.2964509394572025,958,20,258,11,669,289,-0.8235294117647058,0.30167014613778703,"('image', 'language', 'none', 'en_us', 'hi_in', 'main')",18,2.9960337101519956,-0.08880029725138187,0.11779781175013919
nanobanana2,language,none,en_us,hi_in,nanobanana2__language__none__hi_in-minus-en_us,958,image,IDV,-0.16681435003352815,-0.22980977188352822,-0.10624981983466507,958,383,160,41,374,584,0.3818493150684932,0.6096033402922756,958,322,199,51,386,572,0.21503496503496503,0.5970772442588727,"('image', 'language', 'none', 'en_us', 'hi_in', 'main')",18,2.9960337101519956,-0.26200532182804614,-0.07162337823901017
nanobanana2,language,none,en_us,hi_in,nanobanana2__language__none__hi_in-minus-en_us,958,image,MAS,0.051115029222581376,0.004126153429061696,0.0980906146360716,958,219,408,120,211,747,-0.25301204819277107,0.7797494780793319,958,240,389,109,220,738,-0.2018970189701897,0.7703549060542797,"('image', 'language', 'none', 'en_us', 'hi_in', 'main')",18,2.9960337101519956,-0.021726651332107424,0.12395670977727018
nanobanana2,language,none,en_us,hi_in,nanobanana2__language__none__hi_in-minus-en_us,958,image,UAI,-0.04587841825693489,-0.17402974012443517,0.07808030422636345,958,120,98,12,728,230,0.09565217391304348,0.24008350730688935,958,113,102,6,737,221,0.049773755656108594,0.23068893528183715,"('image', 'language', 'none', 'en_us', 'hi_in', 'main')",18,2.9960337101519956,-0.23775935168698606,0.14600251517311627
nanobanana2,language,none,en_us,hi_in,nanobanana2__language__none__hi_in-minus-en_us,958,image,LTO,-0.02467924673476063,-0.11563625658362238,0.06453003637532873,958,304,66,33,555,403,0.5905707196029777,0.42066805845511485,958,293,74,20,571,387,0.5658914728682171,0.40396659707724425,"('image', 'language', 'none', 'en_us', 'hi_in', 'main')",18,2.9960337101519956,-0.16357259998737625,0.11421410651785499
nanobanana2,language,none,en_us,hi_in,nanobanana2__language__none__hi_in-minus-en_us,958,image,IVR,0.0060157041540020995,-0.04645175088873393,0.05860679230206275,958,309,22,5,622,336,0.8541666666666666,0.35073068893528186,958,303,20,6,629,329,0.8601823708206687,0.34342379958246344,"('image', 'language', 'none', 'en_us', 'hi_in', 'main')",18,2.9960337101519956,-0.07524928103590621,0.08728068934391041
nanobanana2,language,none,zh_cn,th_th,nanobanana2__language__none__th_th-minus-zh_cn,959,scenario,PDI,0.008464079273327929,-0.08308202150562027,0.10131088481215113,959,9,159,0,791,168,-0.8928571428571429,0.17518248175182483,959,10,163,0,786,173,-0.884393063583815,0.18039624608967675,"('scenario', 'language', 'none', 'zh_cn', 'th_th', 'main')",18,2.9925555496306173,-0.1301379169544436,0.14706607550109946
nanobanana2,language,none,zh_cn,th_th,nanobanana2__language__none__th_th-minus-zh_cn,959,scenario,IDV,-0.03834799463247354,-0.12683936421385694,0.05012648128264744,959,225,126,2,606,353,0.2804532577903683,0.3680917622523462,959,233,141,6,579,380,0.24210526315789474,0.3962460896767466,"('scenario', 'language', 'none', 'zh_cn', 'th_th', 'main')",18,2.9925555496306173,-0.1724300710228582,0.09573408175791112
nanobanana2,language,none,zh_cn,th_th,nanobanana2__language__none__th_th-minus-zh_cn,959,scenario,MAS,-0.026797385620914993,-0.1259313985821069,0.0734907714172284,959,86,182,2,689,270,-0.35555555555555557,0.28154327424400416,959,82,186,4,687,272,-0.38235294117647056,0.28362877997914493,"('scenario', 'language', 'none', 'zh_cn', 'th_th', 'main')",18,2.9925555496306173,-0.18110824772293987,0.1275134764811099
nanobanana2,language,none,zh_cn,th_th,nanobanana2__language__none__th_th-minus-zh_cn,959,scenario,UAI,-0.03543499511241449,-0.24676327737303344,0.17230673159637303,959,29,59,0,871,88,-0.3409090909090909,0.09176225234619395,959,29,64,0,866,93,-0.3763440860215054,0.09697601668404589,"('scenario', 'language', 'none', 'zh_cn', 'th_th', 'main')",18,2.9925555496306173,-0.3566770776060034,0.28580708738117444
nanobanana2,language,none,zh_cn,th_th,nanobanana2__language__none__th_th-minus-zh_cn,959,scenario,LTO,-0.03039204609648627,-0.18257056478717967,0.11714939413070931,959,125,38,4,792,167,0.5209580838323353,0.17413972888425444,959,118,40,1,800,159,0.49056603773584906,0.16579770594369134,"('scenario', 'language', 'none', 'zh_cn', 'th_th', 'main')",18,2.9925555496306173,-0.257216492404715,0.19643240021174244
nanobanana2,language,none,zh_cn,th_th,nanobanana2__language__none__th_th-minus-zh_cn,959,scenario,IVR,-0.027395592353585685,-0.10210192724316375,0.04850421041287181,959,164,8,0,787,172,0.9069767441860465,0.17935349322210636,959,179,11,1,768,191,0.8795811518324608,0.1991657977059437,"('scenario', 'language', 'none', 'zh_cn', 'th_th', 'main')",18,2.9925555496306173,-0.14231106192568377,0.0875198772185124
nanobanana2,language,none,zh_cn,th_th,nanobanana2__language__none__th_th-minus-zh_cn,959,image,PDI,-0.02145949288806437,-0.09995387435675454,0.05686346379910462,959,25,237,2,695,264,-0.803030303030303,0.27528675703858185,959,19,221,5,714,245,-0.8244897959183674,0.25547445255474455,"('image', 'language', 'none', 'zh_cn', 'th_th', 'main')",18,3.0269386370835756,-0.14282241465940876,0.09990342888328002
nanobanana2,language,none,zh_cn,th_th,nanobanana2__language__none__th_th-minus-zh_cn,959,image,IDV,-0.07030638810870432,-0.1334618031762732,-0.005965808609154727,959,340,180,44,395,564,0.28368794326241137,0.5881126173096975,959,313,195,45,406,553,0.21338155515370705,0.5766423357664233,"('image', 'language', 'none', 'zh_cn', 'th_th', 'main')",18,3.0269386370835756,-0.16899389573723578,0.028381119519827122
nanobanana2,language,none,zh_cn,th_th,nanobanana2__language__none__th_th-minus-zh_cn,959,image,MAS,-0.052578474315427115,-0.10164701697749473,-0.0042678374205633056,959,236,399,110,214,745,-0.21879194630872484,0.7768508863399375,959,214,414,109,222,737,-0.27137042062415195,0.7685088633993743,"('image', 'language', 'none', 'zh_cn', 'th_th', 'main')",18,3.0269386370835756,-0.12726285190112957,0.022105903270275354
nanobanana2,language,none,zh_cn,th_th,nanobanana2__language__none__th_th-minus-zh_cn,959,image,UAI,-0.08033559577677225,-0.21033923671738589,0.056270542621513,959,136,95,9,719,240,0.17083333333333334,0.2502606882168926,959,118,98,5,738,221,0.09049773755656108,0.23044838373305526,"('image', 'language', 'none', 'zh_cn', 'th_th', 'main')",18,3.0269386370835756,-0.2887867352298388,0.1281155436762943
nanobanana2,language,none,zh_cn,th_th,nanobanana2__language__none__th_th-minus-zh_cn,959,image,LTO,-0.049679487179487225,-0.1282669610924504,0.025950927905743427,959,329,57,30,543,416,0.6538461538461539,0.4337851929092805,959,295,63,26,575,384,0.6041666666666666,0.40041710114702816,"('image', 'language', 'none', 'zh_cn', 'th_th', 'main')",18,3.0269386370835756,-0.1697970630353044,0.07043808867632993
nanobanana2,language,none,zh_cn,th_th,nanobanana2__language__none__th_th-minus-zh_cn,959,image,IVR,-0.007968967793998916,-0.06207245635219303,0.04808558910732821,959,288,21,8,642,317,0.8422712933753943,0.3305526590198123,959,313,26,5,615,344,0.8343023255813954,0.3587069864442127,"('image', 'language', 'none', 'zh_cn', 'th_th', 'main')",18,3.0269386370835756,-0.09317289925235032,0.0772349636643525
nanobanana2,language,none,zh_cn,hi_in,nanobanana2__language__none__hi_in-minus-zh_cn,959,scenario,PDI,-0.021581359816653878,-0.10545606335736347,0.061710725227767445,959,9,159,0,791,168,-0.8928571428571429,0.17518248175182483,959,8,179,0,772,187,-0.9144385026737968,0.19499478623566216,"('scenario', 'language', 'none', 'zh_cn', 'hi_in', 'main')",18,2.9961088993294425,-0.1506094659416821,0.10744674630837434
nanobanana2,language,none,zh_cn,hi_in,nanobanana2__language__none__hi_in-minus-zh_cn,959,scenario,IDV,-0.11100881334592383,-0.20491888004413616,-0.013077043249874592,959,225,126,2,606,353,0.2804532577903683,0.3680917622523462,959,208,147,5,599,360,0.16944444444444445,0.3753910323253389,"('scenario', 'language', 'none', 'zh_cn', 'hi_in', 'main')",18,2.9961088993294425,-0.25799838069085046,0.03598075399900283
nanobanana2,language,none,zh_cn,hi_in,nanobanana2__language__none__hi_in-minus-zh_cn,959,scenario,MAS,0.04904214559386977,-0.06633482079708249,0.16371197592428105,959,86,182,2,689,270,-0.35555555555555557,0.28154327424400416,959,88,168,5,698,261,-0.3065134099616858,0.2721584984358707,"('scenario', 'language', 'none', 'zh_cn', 'hi_in', 'main')",18,2.9961088993294425,-0.12608987531727825,0.22417416650501779
nanobanana2,language,none,zh_cn,hi_in,nanobanana2__language__none__hi_in-minus-zh_cn,959,scenario,UAI,0.007575757575757569,-0.217645427984446,0.23503654881703656,959,29,59,0,871,88,-0.3409090909090909,0.09176225234619395,959,27,54,0,878,81,-0.3333333333333333,0.08446298227320125,"('scenario', 'language', 'none', 'zh_cn', 'hi_in', 'main')",18,2.9961088993294425,-0.338152749591768,0.35330426474328314
nanobanana2,language,none,zh_cn,hi_in,nanobanana2__language__none__hi_in-minus-zh_cn,959,scenario,LTO,-0.10791460557146576,-0.26013382950878877,0.038006891191299914,959,125,38,4,792,167,0.5209580838323353,0.17413972888425444,959,96,39,3,821,138,0.41304347826086957,0.14389989572471323,"('scenario', 'language', 'none', 'zh_cn', 'hi_in', 'main')",18,2.9961088993294425,-0.3334767355024305,0.11764752435949896
nanobanana2,language,none,zh_cn,hi_in,nanobanana2__language__none__hi_in-minus-zh_cn,959,scenario,IVR,0.019852524106636515,-0.061281378997955,0.10005384162688549,959,164,8,0,787,172,0.9069767441860465,0.17935349322210636,959,158,6,0,795,164,0.926829268292683,0.1710114702815433,"('scenario', 'language', 'none', 'zh_cn', 'hi_in', 'main')",18,2.9961088993294425,-0.10194906496267951,0.14165411317595256
nanobanana2,language,none,zh_cn,hi_in,nanobanana2__language__none__hi_in-minus-zh_cn,959,image,PDI,-0.019886363636363646,-0.09769624636219881,0.05574317110998439,959,25,237,2,695,264,-0.803030303030303,0.27528675703858185,959,20,257,11,671,288,-0.8229166666666666,0.30031282586027114,"('image', 'language', 'none', 'zh_cn', 'hi_in', 'main')",18,2.9882272245237704,-0.13634371679844512,0.09657098952571783
nanobanana2,language,none,zh_cn,hi_in,nanobanana2__language__none__hi_in-minus-zh_cn,959,image,IDV,-0.07077345809661731,-0.1360832705886405,-0.005045244653228472,959,340,180,44,395,564,0.28368794326241137,0.5881126173096975,959,322,200,51,386,573,0.21291448516579406,0.5974973931178311,"('image', 'language', 'none', 'zh_cn', 'hi_in', 'main')",18,2.9882272245237704,-0.1706339645001777,0.029087048306943072
nanobanana2,language,none,zh_cn,hi_in,nanobanana2__language__none__hi_in-minus-zh_cn,959,image,MAS,0.014461770395328366,-0.03788857256193659,0.06717249145069618,959,236,399,110,214,745,-0.21879194630872484,0.7768508863399375,959,240,391,108,220,739,-0.20433017591339647,0.7705943691345151,"('image', 'language', 'none', 'zh_cn', 'hi_in', 'main')",18,2.9882272245237704,-0.06597028672320357,0.0948938275138603
nanobanana2,language,none,zh_cn,hi_in,nanobanana2__language__none__hi_in-minus-zh_cn,959,image,UAI,-0.12105957767722475,-0.24948182260709162,0.001525682688310442,959,136,95,9,719,240,0.17083333333333334,0.2502606882168926,959,113,102,6,738,221,0.049773755656108594,0.23044838373305526,"('image', 'language', 'none', 'zh_cn', 'hi_in', 'main')",18,2.9882272245237704,-0.31382665973154467,0.07170750437709517
nanobanana2,language,none,zh_cn,hi_in,nanobanana2__language__none__hi_in-minus-zh_cn,959,image,LTO,-0.0879546809779368,-0.16706421610018324,-0.011959755908941919,959,329,57,30,543,416,0.6538461538461539,0.4337851929092805,959,293,74,20,572,387,0.5658914728682171,0.4035453597497393,"('image', 'language', 'none', 'zh_cn', 'hi_in', 'main')",18,2.9882272245237704,-0.20823247285368515,0.03232311089781156
nanobanana2,language,none,zh_cn,hi_in,nanobanana2__language__none__hi_in-minus-zh_cn,959,image,IVR,0.017484804185581293,-0.03847814196659426,0.07541471901259637,959,288,21,8,642,317,0.8422712933753943,0.3305526590198123,959,302,20,6,631,328,0.8597560975609756,0.3420229405630866,"('image', 'language', 'none', 'zh_cn', 'hi_in', 'main')",18,2.9882272245237704,-0.06965247917663953,0.10462208754780211
nanobanana2,language,none,th_th,hi_in,nanobanana2__language__none__hi_in-minus-th_th,960,scenario,PDI,-0.030045439089981807,-0.11287671963723143,0.0497575275210846,960,10,163,0,787,173,-0.884393063583815,0.18020833333333333,960,8,179,0,773,187,-0.9144385026737968,0.19479166666666667,"('scenario', 'language', 'none', 'th_th', 'hi_in', 'main')",18,3.0165291472213385,-0.15424360657187244,0.09415272839190883
nanobanana2,language,none,th_th,hi_in,nanobanana2__language__none__hi_in-minus-th_th,960,scenario,IDV,-0.07266081871345029,-0.16331190378480162,0.019295113959729715,960,233,141,6,580,380,0.24210526315789474,0.3958333333333333,960,208,147,5,600,360,0.16944444444444445,0.375,"('scenario', 'language', 'none', 'th_th', 'hi_in', 'main')",18,3.0165291472213385,-0.21452211618533007,0.0692004787584295
nanobanana2,language,none,th_th,hi_in,nanobanana2__language__none__hi_in-minus-th_th,960,scenario,MAS,0.07583953121478476,-0.035400510565786074,0.18244160384824745,960,82,186,4,688,272,-0.38235294117647056,0.2833333333333333,960,88,168,5,699,261,-0.3065134099616858,0.271875,"('scenario', 'language', 'none', 'th_th', 'hi_in', 'main')",18,3.0165291472213385,-0.0919161436080688,0.24359520603763832
nanobanana2,language,none,th_th,hi_in,nanobanana2__language__none__hi_in-minus-th_th,960,scenario,UAI,0.04301075268817206,-0.18416710460460461,0.2804671736115847,960,29,64,0,867,93,-0.3763440860215054,0.096875,960,27,54,0,879,81,-0.3333333333333333,0.084375,"('scenario', 'language', 'none', 'th_th', 'hi_in', 'main')",18,3.0165291472213385,-0.3146613079388917,0.4006828133152358
nanobanana2,language,none,th_th,hi_in,nanobanana2__language__none__hi_in-minus-th_th,960,scenario,LTO,-0.07752255947497949,-0.22951114493028896,0.07257286154841176,960,118,40,1,801,159,0.49056603773584906,0.165625,960,96,39,3,822,138,0.41304347826086957,0.14375,"('scenario', 'language', 'none', 'th_th', 'hi_in', 'main')",18,3.0165291472213385,-0.31180743425773916,0.1567623153077802
nanobanana2,language,none,th_th,hi_in,nanobanana2__language__none__hi_in-minus-th_th,960,scenario,IVR,0.0472481164602222,-0.013840156659770892,0.1144022228356758,960,179,11,1,769,191,0.8795811518324608,0.19895833333333332,960,158,6,0,796,164,0.926829268292683,0.17083333333333334,"('scenario', 'language', 'none', 'th_th', 'hi_in', 'main')",18,3.0165291472213385,-0.05010898406839295,0.14460521698883735
nanobanana2,language,none,th_th,hi_in,nanobanana2__language__none__hi_in-minus-th_th,960,image,PDI,0.0009603841536615088,-0.06825893091424122,0.07029353955717758,960,19,221,5,715,245,-0.8244897959183674,0.2552083333333333,960,20,258,11,671,289,-0.8235294117647058,0.30104166666666665,"('image', 'language', 'none', 'th_th', 'hi_in', 'main')",18,2.9891464569399044,-0.10442514892234196,0.10634591722966498
nanobanana2,language,none,th_th,hi_in,nanobanana2__language__none__hi_in-minus-th_th,960,image,IDV,-0.0040000503150983135,-0.06628796850822671,0.05989022826089213,960,314,195,45,406,554,0.2148014440433213,0.5770833333333333,960,322,201,51,386,574,0.21080139372822299,0.5979166666666667,"('image', 'language', 'none', 'th_th', 'hi_in', 'main')",18,2.9891464569399044,-0.09945872312062448,0.09145862249042785
nanobanana2,language,none,th_th,hi_in,nanobanana2__language__none__hi_in-minus-th_th,960,image,MAS,0.0669486559730462,0.018908230107244607,0.11420830051225724,960,214,414,110,222,738,-0.27100271002710025,0.76875,960,240,391,109,220,740,-0.20405405405405405,0.7708333333333334,"('image', 'language', 'none', 'th_th', 'hi_in', 'main')",18,2.9891464569399044,-0.005959256840461599,0.139856568786554
nanobanana2,language,none,th_th,hi_in,nanobanana2__language__none__hi_in-minus-th_th,960,image,UAI,-0.04072398190045249,-0.17863735330263592,0.09293870104056653,960,118,98,5,739,221,0.09049773755656108,0.23020833333333332,960,113,102,6,739,221,0.049773755656108594,0.23020833333333332,"('image', 'language', 'none', 'th_th', 'hi_in', 'main')",18,2.9891464569399044,-0.24946671650796073,0.16801875270705577
nanobanana2,language,none,th_th,hi_in,nanobanana2__language__none__hi_in-minus-th_th,960,image,LTO,-0.03827519379844957,-0.12366788976026007,0.043214352888473716,960,295,63,26,576,384,0.6041666666666666,0.4,960,293,74,20,573,387,0.5658914728682171,0.403125,"('image', 'language', 'none', 'th_th', 'hi_in', 'main')",18,2.9891464569399044,-0.1663182190976004,0.08976783150070125
nanobanana2,language,none,th_th,hi_in,nanobanana2__language__none__hi_in-minus-th_th,960,image,IVR,0.02588004523927334,-0.023995737857194697,0.07632828653292653,960,313,26,5,616,344,0.8343023255813954,0.35833333333333334,960,303,20,6,631,329,0.8601823708206687,0.34270833333333334,"('image', 'language', 'none', 'th_th', 'hi_in', 'main')",18,2.9891464569399044,-0.04994443102566916,0.10170452150421584
nanobanana2,cue,en_us,none,us,nanobanana2__cue__en_us__us-minus-none,957,scenario,PDI,0.006613131790269344,-0.0520211925926773,0.06944444444444442,957,3,171,0,783,174,-0.9655172413793104,0.18181818181818182,957,3,143,0,811,146,-0.958904109589041,0.15256008359456635,"('scenario', 'cue', 'en_us', 'none', 'us', 'main')",36,3.2325803990029582,-0.09239281478561351,0.1056190783661522
nanobanana2,cue,en_us,none,us,nanobanana2__cue__en_us__us-minus-none,957,scenario,IDV,0.03149243795765755,-0.04812977911776536,0.10622370855493313,957,285,122,2,548,409,0.39853300733496333,0.42737722048066873,957,281,112,0,564,393,0.4300254452926209,0.4106583072100313,"('scenario', 'cue', 'en_us', 'none', 'us', 'main')",36,3.2325803990029582,-0.09560661686464891,0.158591492779964
nanobanana2,cue,en_us,none,us,nanobanana2__cue__en_us__us-minus-none,957,scenario,MAS,0.07706552901960245,-0.02509281895774617,0.18393547952459954,957,72,191,6,688,269,-0.4423791821561338,0.28108672936259144,957,83,182,6,686,271,-0.36531365313653136,0.2831765935214211,"('scenario', 'cue', 'en_us', 'none', 'us', 'main')",36,3.2325803990029582,-0.09414444479593351,0.2482755028351384
nanobanana2,cue,en_us,none,us,nanobanana2__cue__en_us__us-minus-none,957,scenario,UAI,0.06384408602150538,-0.13768247762812977,0.2664843384759233,957,29,64,0,864,93,-0.3763440860215054,0.09717868338557993,957,33,63,0,861,96,-0.3125,0.10031347962382445,"('scenario', 'cue', 'en_us', 'none', 'us', 'main')",36,3.2325803990029582,-0.26792902611267805,0.3956171981556888
nanobanana2,cue,en_us,none,us,nanobanana2__cue__en_us__us-minus-none,957,scenario,LTO,0.028311688311688288,-0.12059667836292881,0.18018512850829915,957,117,36,1,803,154,0.525974025974026,0.16091954022988506,957,135,38,2,782,175,0.5542857142857143,0.18286311389759666,"('scenario', 'cue', 'en_us', 'none', 'us', 'main')",36,3.2325803990029582,-0.22044279560060456,0.2770661722239811
nanobanana2,cue,en_us,none,us,nanobanana2__cue__en_us__us-minus-none,957,scenario,IVR,-0.0033333333333332993,-0.07556188314537851,0.06688472685339088,957,169,10,1,777,180,0.8833333333333333,0.18808777429467086,957,164,10,1,782,175,0.88,0.18286311389759666,"('scenario', 'cue', 'en_us', 'none', 'us', 'main')",36,3.2325803990029582,-0.119444340822745,0.1127776741560784
nanobanana2,cue,en_us,none,us,nanobanana2__cue__en_us__us-minus-none,957,image,PDI,-0.03785835580861052,-0.09094287429933048,0.017054470980032276,957,21,259,4,673,284,-0.8380281690140845,0.296760710553814,957,16,263,3,675,282,-0.875886524822695,0.2946708463949843,"('image', 'cue', 'en_us', 'none', 'us', 'main')",36,3.2219506620537737,-0.1266293844713062,0.050912672854085156
nanobanana2,cue,en_us,none,us,nanobanana2__cue__en_us__us-minus-none,957,image,IDV,-0.015950234110611472,-0.07594257047910362,0.04279001032674402,957,383,160,40,374,583,0.38250428816466553,0.6091954022988506,957,383,166,43,365,592,0.36655405405405406,0.6185997910135841,"('image', 'cue', 'en_us', 'none', 'us', 'main')",36,3.2219506620537737,-0.11417418043898234,0.08227371221775939
nanobanana2,cue,en_us,none,us,nanobanana2__cue__en_us__us-minus-none,957,image,MAS,0.008589671229010859,-0.04162985877002392,0.05972660946153644,957,219,407,120,211,746,-0.2520107238605898,0.7795193312434692,957,227,412,121,197,760,-0.24342105263157895,0.7941483803552769,"('image', 'cue', 'en_us', 'none', 'us', 'main')",36,3.2219506620537737,-0.07550060914899166,0.09267995160701338
nanobanana2,cue,en_us,none,us,nanobanana2__cue__en_us__us-minus-none,957,image,UAI,0.05750097924010966,-0.06923007529906736,0.18483073774388856,957,120,98,12,727,230,0.09565217391304348,0.24033437826541273,957,123,89,10,735,222,0.15315315315315314,0.23197492163009403,"('image', 'cue', 'en_us', 'none', 'us', 'main')",36,3.2219506620537737,-0.15293135410805958,0.2679333125882789
nanobanana2,cue,en_us,none,us,nanobanana2__cue__en_us__us-minus-none,957,image,LTO,-0.014960963505416758,-0.09538317662925468,0.06793055328314924,957,304,66,33,554,403,0.5905707196029777,0.4211076280041797,957,307,71,32,547,410,0.5756097560975609,0.4284221525600836,"('image', 'cue', 'en_us', 'none', 'us', 'main')",36,3.2219506620537737,-0.14802616308242067,0.11810423607158715
nanobanana2,cue,en_us,none,us,nanobanana2__cue__en_us__us-minus-none,957,image,IVR,-0.06534679089026907,-0.12287761349585534,-0.007250406204267654,957,309,22,5,621,336,0.8541666666666666,0.3510971786833856,957,284,30,8,635,322,0.7888198757763976,0.33646812957157785,"('image', 'cue', 'en_us', 'none', 'us', 'main')",36,3.2219506620537737,-0.16046894691633584,0.029775365135797704
nanobanana2,cue,en_us,none,cn,nanobanana2__cue__en_us__cn-minus-none,956,scenario,PDI,0.18173345759552662,0.08425184821524445,0.283951907593212,956,3,171,0,782,174,-0.9655172413793104,0.18200836820083682,956,16,132,0,808,148,-0.7837837837837838,0.15481171548117154,"('scenario', 'cue', 'en_us', 'none', 'cn', 'main')",36,3.2138908381568254,0.016679399079750024,0.3467875161113032
nanobanana2,cue,en_us,none,cn,nanobanana2__cue__en_us__cn-minus-none,956,scenario,IDV,-0.1878390380542461,-0.2741329754944599,-0.10474303656576733,956,285,123,2,546,410,0.3951219512195122,0.42887029288702927,956,213,139,5,599,357,0.20728291316526612,0.37343096234309625,"('scenario', 'cue', 'en_us', 'none', 'cn', 'main')",36,3.2138908381568254,-0.3253979945487291,-0.0502800815597631
nanobanana2,cue,en_us,none,cn,nanobanana2__cue__en_us__cn-minus-none,956,scenario,MAS,0.08250414593698174,-0.01679272632546445,0.181192179290604,956,72,192,6,686,270,-0.4444444444444444,0.2824267782426778,956,82,179,7,688,268,-0.3619402985074627,0.2803347280334728,"('scenario', 'cue', 'en_us', 'none', 'cn', 'main')",36,3.2138908381568254,-0.07885660947207998,0.24386490134604347
nanobanana2,cue,en_us,none,cn,nanobanana2__cue__en_us__cn-minus-none,956,scenario,UAI,-0.00027929060187126264,-0.24333541766612715,0.24636340510958946,956,29,64,0,863,93,-0.3763440860215054,0.09728033472803348,956,24,53,0,879,77,-0.37662337662337664,0.08054393305439331,"('scenario', 'cue', 'en_us', 'none', 'cn', 'main')",36,3.2138908381568254,-0.4007981438888463,0.4002395626851038
nanobanana2,cue,en_us,none,cn,nanobanana2__cue__en_us__cn-minus-none,956,scenario,LTO,-0.2032811459027315,-0.3526870598591549,-0.053475777719802824,956,115,36,1,804,152,0.5197368421052632,0.1589958158995816,956,102,52,4,798,158,0.31645569620253167,0.16527196652719664,"('scenario', 'cue', 'en_us', 'none', 'cn', 'main')",36,3.2138908381568254,-0.4509417715815678,0.04437947977610479
nanobanana2,cue,en_us,none,cn,nanobanana2__cue__en_us__cn-minus-none,956,scenario,IVR,0.02093289358551531,-0.059785560159253355,0.10228529552524515,956,168,10,1,777,179,0.88268156424581,0.18723849372384938,956,158,8,0,790,166,0.9036144578313253,0.17364016736401675,"('scenario', 'cue', 'en_us', 'none', 'cn', 'main')",36,3.2138908381568254,-0.11102510560621309,0.15289089277724371
nanobanana2,cue,en_us,none,cn,nanobanana2__cue__en_us__cn-minus-none,956,image,PDI,0.2096756785926286,0.135454197928972,0.2876845994064474,956,21,259,4,672,284,-0.8380281690140845,0.29707112970711297,956,42,206,13,695,261,-0.6283524904214559,0.2730125523012552,"('image', 'cue', 'en_us', 'none', 'cn', 'main')",36,3.19842316265399,0.08630685570854542,0.3330445014767118
nanobanana2,cue,en_us,none,cn,nanobanana2__cue__en_us__cn-minus-none,956,image,IDV,-0.28569253618190066,-0.3502066780981477,-0.22157910010780518,956,381,160,41,374,582,0.3797250859106529,0.608786610878661,956,278,226,49,403,553,0.09403254972875226,0.5784518828451883,"('image', 'cue', 'en_us', 'none', 'cn', 'main')",36,3.19842316265399,-0.3900457236835001,-0.18133934868030122
nanobanana2,cue,en_us,none,cn,nanobanana2__cue__en_us__cn-minus-none,956,image,MAS,0.09209006164619146,0.041223400409780585,0.14235050356127818,956,218,408,119,211,745,-0.2550335570469799,0.7792887029288703,956,264,388,109,195,761,-0.16294349540078842,0.7960251046025104,"('image', 'cue', 'en_us', 'none', 'cn', 'main')",36,3.19842316265399,0.010221499694010941,0.173958623598372
nanobanana2,cue,en_us,none,cn,nanobanana2__cue__en_us__cn-minus-none,956,image,UAI,0.12084267144778127,-0.01122575926778955,0.2545310625965992,956,120,98,12,726,230,0.09565217391304348,0.2405857740585774,956,117,75,2,762,194,0.21649484536082475,0.20292887029288703,"('image', 'cue', 'en_us', 'none', 'cn', 'main')",36,3.19842316265399,-0.09363813459908932,0.33532347749465186
nanobanana2,cue,en_us,none,cn,nanobanana2__cue__en_us__cn-minus-none,956,image,LTO,-0.010267808739022,-0.0885818109706917,0.0701005361464226,956,302,66,33,555,401,0.5885286783042394,0.4194560669456067,956,344,78,38,496,460,0.5782608695652174,0.4811715481171548,"('image', 'cue', 'en_us', 'none', 'cn', 'main')",36,3.19842316265399,-0.14110042533509481,0.12056480785705082
nanobanana2,cue,en_us,none,cn,nanobanana2__cue__en_us__cn-minus-none,956,image,IVR,-0.07595356550580434,-0.14104834715164638,-0.011993810082133417,956,308,22,5,621,335,0.8537313432835821,0.350418410041841,956,277,32,6,641,315,0.7777777777777778,0.3294979079497908,"('image', 'cue', 'en_us', 'none', 'cn', 'main')",36,3.19842316265399,-0.18333797006294006,0.031430839051331386
nanobanana2,cue,en_us,none,th,nanobanana2__cue__en_us__th-minus-none,958,scenario,PDI,0.12214374740340672,0.0426843633050314,0.2123616265988732,958,3,171,0,784,174,-0.9655172413793104,0.18162839248434237,958,13,153,0,792,166,-0.8433734939759037,0.1732776617954071,"('scenario', 'cue', 'en_us', 'none', 'th', 'main')",18,2.993548230945527,-0.007781816718479689,0.2520693115252931
nanobanana2,cue,en_us,none,th,nanobanana2__cue__en_us__th-minus-none,958,scenario,IDV,-0.23123306233062332,-0.31937143788977396,-0.14458645901662978,958,285,123,2,548,410,0.3951219512195122,0.4279749478079332,958,207,148,5,598,360,0.1638888888888889,0.3757828810020877,"('scenario', 'cue', 'en_us', 'none', 'th', 'main')",18,2.993548230945527,-0.3622512999363956,-0.10021482472485105
nanobanana2,cue,en_us,none,th,nanobanana2__cue__en_us__th-minus-none,958,scenario,MAS,-0.07380373073803737,-0.17518996000587234,0.028148101106489434,958,72,192,6,688,270,-0.4444444444444444,0.2818371607515658,958,63,205,6,684,274,-0.5182481751824818,0.2860125260960334,"('scenario', 'cue', 'en_us', 'none', 'th', 'main')",18,2.993548230945527,-0.22663009420229263,0.0790226327262179
nanobanana2,cue,en_us,none,th,nanobanana2__cue__en_us__th-minus-none,958,scenario,UAI,-0.009370199692780357,-0.22175660339986256,0.20295682030333,958,29,64,0,865,93,-0.3763440860215054,0.09707724425887265,958,21,48,1,888,70,-0.38571428571428573,0.07306889352818371,"('scenario', 'cue', 'en_us', 'none', 'th', 'main')",18,2.993548230945527,-0.3342575277531345,0.3155171283675738
nanobanana2,cue,en_us,none,th,nanobanana2__cue__en_us__th-minus-none,958,scenario,LTO,-0.09740259740259744,-0.2468780391793637,0.05844205794205795,958,117,36,1,804,154,0.525974025974026,0.16075156576200417,958,109,43,2,804,154,0.42857142857142855,0.16075156576200417,"('scenario', 'cue', 'en_us', 'none', 'th', 'main')",18,2.993548230945527,-0.33119799813127415,0.1363928033260793
nanobanana2,cue,en_us,none,th,nanobanana2__cue__en_us__th-minus-none,958,scenario,IVR,0.02326007326007329,-0.054855000060675015,0.10410870828973369,958,169,10,1,778,180,0.8833333333333333,0.18789144050104384,958,173,8,1,776,182,0.9065934065934066,0.18997912317327767,"('scenario', 'cue', 'en_us', 'none', 'th', 'main')",18,2.993548230945527,-0.09867373536551606,0.14519388188566262
nanobanana2,cue,en_us,none,th,nanobanana2__cue__en_us__th-minus-none,958,image,PDI,0.10159406048695274,0.02276996330098145,0.18660861906153556,958,21,259,4,674,284,-0.8380281690140845,0.2964509394572025,958,30,220,8,700,258,-0.7364341085271318,0.26931106471816285,"('image', 'cue', 'en_us', 'none', 'th', 'main')",18,2.9898350556174136,-0.02396984426651902,0.2271579652404245
nanobanana2,cue,en_us,none,th,nanobanana2__cue__en_us__th-minus-none,958,image,IDV,-0.2288642404416275,-0.2915560805939766,-0.16748679231812671,958,383,160,41,374,584,0.3818493150684932,0.6096033402922756,958,287,205,44,422,536,0.15298507462686567,0.5594989561586639,"('image', 'cue', 'en_us', 'none', 'th', 'main')",18,2.9898350556174136,-0.32445871216416394,-0.13326976871909108
nanobanana2,cue,en_us,none,th,nanobanana2__cue__en_us__th-minus-none,958,image,MAS,-0.0644266439053216,-0.11476387353895696,-0.015942636216929585,958,219,408,120,211,747,-0.25301204819277107,0.7797494780793319,958,200,433,101,224,734,-0.31743869209809267,0.7661795407098121,"('image', 'cue', 'en_us', 'none', 'th', 'main')",18,2.9898350556174136,-0.14078468278290243,0.01193139497225923
nanobanana2,cue,en_us,none,th,nanobanana2__cue__en_us__th-minus-none,958,image,UAI,0.0796055580457194,-0.0542674078834605,0.2115934907430694,958,120,98,12,728,230,0.09565217391304348,0.24008350730688935,958,112,78,4,764,194,0.17525773195876287,0.20250521920668058,"('image', 'cue', 'en_us', 'none', 'th', 'main')",18,2.9898350556174136,-0.12630876919593806,0.2855198852873768
nanobanana2,cue,en_us,none,th,nanobanana2__cue__en_us__th-minus-none,958,image,LTO,-0.07129051394745067,-0.15774875048617487,0.011587815945241045,958,304,66,33,555,403,0.5905707196029777,0.42066805845511485,958,283,81,25,569,389,0.519280205655527,0.40605427974947805,"('image', 'cue', 'en_us', 'none', 'th', 'main')",18,2.9898350556174136,-0.20169483192971893,0.059113804034817585
nanobanana2,cue,en_us,none,th,nanobanana2__cue__en_us__th-minus-none,958,image,IVR,-0.011266364551863028,-0.06494266854553797,0.04410560547569108,958,309,22,5,622,336,0.8541666666666666,0.35073068893528186,958,301,22,8,627,331,0.8429003021148036,0.3455114822546973,"('image', 'cue', 'en_us', 'none', 'th', 'main')",18,2.9898350556174136,-0.09560668222721043,0.07307395312348437
nanobanana2,cue,en_us,none,in,nanobanana2__cue__en_us__in-minus-none,958,scenario,PDI,0.13835674755214988,0.06202445806136646,0.22832071501237705,958,3,171,0,784,174,-0.9655172413793104,0.18162839248434237,958,14,148,0,796,162,-0.8271604938271605,0.16910229645093947,"('scenario', 'cue', 'en_us', 'none', 'in', 'main')",18,3.0362276836274438,0.009768544961176684,0.2669449501431231
nanobanana2,cue,en_us,none,in,nanobanana2__cue__en_us__in-minus-none,958,scenario,IDV,-0.20675630024998312,-0.2877021655113172,-0.1273097729474652,958,285,123,2,548,410,0.3951219512195122,0.4279749478079332,958,213,145,3,597,361,0.1883656509695291,0.3768267223382046,"('scenario', 'cue', 'en_us', 'none', 'in', 'main')",18,3.0362276836274438,-0.33152070485538654,-0.08199189564457969
nanobanana2,cue,en_us,none,in,nanobanana2__cue__en_us__in-minus-none,958,scenario,MAS,0.05661174482467257,-0.04084319915443808,0.16046524141231666,958,72,192,6,688,270,-0.4444444444444444,0.2818371607515658,958,79,181,3,695,263,-0.38783269961977185,0.2745302713987474,"('scenario', 'cue', 'en_us', 'none', 'in', 'main')",18,3.0362276836274438,-0.09810556858128891,0.21132905823063405
nanobanana2,cue,en_us,none,in,nanobanana2__cue__en_us__in-minus-none,958,scenario,UAI,0.1620583717357911,-0.05090058069982106,0.37593984962406013,958,29,64,0,865,93,-0.3763440860215054,0.09707724425887265,958,33,51,0,874,84,-0.21428571428571427,0.08768267223382047,"('scenario', 'cue', 'en_us', 'none', 'in', 'main')",18,3.0362276836274438,-0.1643194922372834,0.48843623570886563
nanobanana2,cue,en_us,none,in,nanobanana2__cue__en_us__in-minus-none,958,scenario,LTO,-0.11385281385281387,-0.26600003144827755,0.03526975945738914,958,117,36,1,804,154,0.525974025974026,0.16075156576200417,958,116,48,1,793,165,0.4121212121212121,0.1722338204592902,"('scenario', 'cue', 'en_us', 'none', 'in', 'main')",18,3.0362276836274438,-0.34922544804896694,0.12151982034333919
nanobanana2,cue,en_us,none,in,nanobanana2__cue__en_us__in-minus-none,958,scenario,IVR,-0.0518726591760299,-0.1373412436074065,0.029996464295447032,958,169,10,1,778,180,0.8833333333333333,0.18789144050104384,958,162,14,2,780,178,0.8314606741573034,0.18580375782881003,"('scenario', 'cue', 'en_us', 'none', 'in', 'main')",18,3.0362276836274438,-0.18140561066784128,0.07766029231578148
nanobanana2,cue,en_us,none,in,nanobanana2__cue__en_us__in-minus-none,958,image,PDI,0.06143242433323348,-0.0035691923833305853,0.1302125874005102,958,21,259,4,674,284,-0.8380281690140845,0.2964509394572025,958,26,245,11,676,282,-0.776595744680851,0.29436325678496866,"('image', 'cue', 'en_us', 'none', 'in', 'main')",18,2.960709143208547,-0.03838325187958143,0.16124810054604838
nanobanana2,cue,en_us,none,in,nanobanana2__cue__en_us__in-minus-none,958,image,IDV,-0.2611911797851294,-0.3264689634855278,-0.1974462293524614,958,383,160,41,374,584,0.3818493150684932,0.6096033402922756,958,289,223,35,411,547,0.1206581352833638,0.5709812108559499,"('image', 'cue', 'en_us', 'none', 'in', 'main')",18,2.960709143208547,-0.3583312351432762,-0.1640511244269826
nanobanana2,cue,en_us,none,in,nanobanana2__cue__en_us__in-minus-none,958,image,MAS,0.008388392278792567,-0.0405396385745651,0.058274155249269946,958,219,408,120,211,747,-0.25301204819277107,0.7797494780793319,958,220,402,122,214,744,-0.2446236559139785,0.7766179540709812,"('image', 'cue', 'en_us', 'none', 'in', 'main')",18,2.960709143208547,-0.06657940410007461,0.08335618865765974
nanobanana2,cue,en_us,none,in,nanobanana2__cue__en_us__in-minus-none,958,image,UAI,0.023069287274171124,-0.09988077869807546,0.14545663052543784,958,120,98,12,728,230,0.09565217391304348,0.24008350730688935,958,120,94,5,739,219,0.1187214611872146,0.22860125260960334,"('image', 'cue', 'en_us', 'none', 'in', 'main')",18,2.960709143208547,-0.16083459899261687,0.20697317354095912
nanobanana2,cue,en_us,none,in,nanobanana2__cue__en_us__in-minus-none,958,image,LTO,-0.0491995612105427,-0.1332393069062024,0.03548509275755689,958,304,66,33,555,403,0.5905707196029777,0.42066805845511485,958,310,81,32,535,423,0.541371158392435,0.44154488517745305,"('image', 'cue', 'en_us', 'none', 'in', 'main')",18,2.960709143208547,-0.17759556761509676,0.07919644519401137
nanobanana2,cue,en_us,none,in,nanobanana2__cue__en_us__in-minus-none,958,image,IVR,-0.03164106939704203,-0.09168831900112545,0.029186941843283094,958,309,22,5,622,336,0.8541666666666666,0.35073068893528186,958,262,21,10,665,293,0.8225255972696246,0.3058455114822547,"('image', 'cue', 'en_us', 'none', 'in', 'main')",18,2.960709143208547,-0.12324711184552732,0.05996497305144326
nanobanana2,cue,en_us,us,cn,nanobanana2__cue__en_us__cn-minus-us,957,scenario,PDI,0.17394877414052867,0.07320128908434205,0.2793286753773075,957,3,144,0,810,147,-0.9591836734693877,0.1536050156739812,957,16,133,0,808,149,-0.785234899328859,0.15569487983281086,"('scenario', 'cue', 'en_us', 'us', 'cn', 'main')",36,3.218597707435744,0.005258595490783696,0.3426389527902737
nanobanana2,cue,en_us,us,cn,nanobanana2__cue__en_us__cn-minus-us,957,scenario,IDV,-0.2232557144995403,-0.3089791077032129,-0.14063421372581417,957,280,113,0,564,393,0.42493638676844786,0.4106583072100313,957,212,140,5,600,357,0.20168067226890757,0.3730407523510972,"('scenario', 'cue', 'en_us', 'us', 'cn', 'main')",36,3.218597707435744,-0.36037604980405946,-0.08613537919502115
nanobanana2,cue,en_us,us,cn,nanobanana2__cue__en_us__cn-minus-us,957,scenario,MAS,0.0033347911655368656,-0.1040515789016254,0.10952653487247786,957,83,183,6,685,272,-0.36764705882352944,0.28422152560083597,957,82,180,7,688,269,-0.3643122676579926,0.28108672936259144,"('scenario', 'cue', 'en_us', 'us', 'cn', 'main')",36,3.218597707435744,-0.1717349272710143,0.17840450960208803
nanobanana2,cue,en_us,us,cn,nanobanana2__cue__en_us__cn-minus-us,957,scenario,UAI,-0.06412337662337664,-0.2979009178867435,0.16862863217576185,957,33,63,0,861,96,-0.3125,0.10031347962382445,957,24,53,0,880,77,-0.37662337662337664,0.08045977011494253,"('scenario', 'cue', 'en_us', 'us', 'cn', 'main')",36,3.218597707435744,-0.44987797486159187,0.3216312216148386
nanobanana2,cue,en_us,us,cn,nanobanana2__cue__en_us__cn-minus-us,957,scenario,LTO,-0.2335309973045822,-0.3886063864628825,-0.07926447046612217,957,135,38,2,782,175,0.5542857142857143,0.18286311389759666,957,103,52,4,798,159,0.32075471698113206,0.16614420062695925,"('scenario', 'cue', 'en_us', 'us', 'cn', 'main')",36,3.218597707435744,-0.4892356779835648,0.0221736833744004
nanobanana2,cue,en_us,us,cn,nanobanana2__cue__en_us__cn-minus-us,957,scenario,IVR,0.0129052240346893,-0.07159292526312133,0.10070983278500822,957,163,10,1,783,174,0.8793103448275862,0.18181818181818182,957,158,9,0,790,167,0.8922155688622755,0.17450365726227796,"('scenario', 'cue', 'en_us', 'us', 'cn', 'main')",36,3.218597707435744,-0.12945366798019065,0.15526411604956925
nanobanana2,cue,en_us,us,cn,nanobanana2__cue__en_us__cn-minus-us,957,image,PDI,0.24655409597281042,0.1625273746781895,0.33180188784578574,957,16,264,3,674,283,-0.8763250883392226,0.29571577847439917,957,42,207,13,695,262,-0.6297709923664122,0.27377220480668757,"('image', 'cue', 'en_us', 'us', 'cn', 'main')",36,3.1913567596991164,0.10952047966485778,0.38358771228076305
nanobanana2,cue,en_us,us,cn,nanobanana2__cue__en_us__cn-minus-us,957,image,IDV,-0.2692622550217487,-0.33707335262040183,-0.20103717155919013,957,381,167,44,365,592,0.3614864864864865,0.6185997910135841,957,278,227,48,404,553,0.0922242314647378,0.5778474399164054,"('image', 'cue', 'en_us', 'us', 'cn', 'main')",36,3.1913567596991164,-0.38063395124254074,-0.15789055880095673
nanobanana2,cue,en_us,us,cn,nanobanana2__cue__en_us__cn-minus-us,957,image,MAS,0.08332297278629644,0.030278593939621515,0.13505485904471387,957,226,413,121,197,760,-0.24605263157894736,0.7941483803552769,957,264,388,110,195,762,-0.16272965879265092,0.7962382445141066,"('image', 'cue', 'en_us', 'us', 'cn', 'main')",36,3.1913567596991164,-0.0013544556367553195,0.1680004012093482
nanobanana2,cue,en_us,us,cn,nanobanana2__cue__en_us__cn-minus-us,957,image,UAI,0.05812380463684286,-0.08242232103645143,0.1997017866645667,957,123,88,10,736,221,0.1583710407239819,0.2309299895506792,957,117,75,2,763,194,0.21649484536082475,0.2027168234064786,"('image', 'cue', 'en_us', 'us', 'cn', 'main')",36,3.1913567596991164,-0.1724340739951486,0.2886816832688343
nanobanana2,cue,en_us,us,cn,nanobanana2__cue__en_us__cn-minus-us,957,image,LTO,0.004603577849789708,-0.07428897924598016,0.08583991123170855,957,306,71,32,548,409,0.5745721271393643,0.42737722048066873,957,345,78,38,496,461,0.579175704989154,0.48171368861024033,"('image', 'cue', 'en_us', 'us', 'cn', 'main')",36,3.1913567596991164,-0.12603143741747516,0.13523859311705458
nanobanana2,cue,en_us,us,cn,nanobanana2__cue__en_us__cn-minus-us,957,image,IVR,-0.008033859779754682,-0.07416184027806616,0.05853866442722745,957,283,31,9,634,323,0.7801857585139319,0.3375130616509927,957,277,33,6,641,316,0.7721518987341772,0.33019853709508884,"('image', 'cue', 'en_us', 'us', 'cn', 'main')",36,3.1913567596991164,-0.11584849651786186,0.0997807769583525
nanobanana2,cue,en_us,us,th,nanobanana2__cue__en_us__th-minus-us,959,scenario,PDI,0.11581017949348404,0.03179712310536954,0.20512890341321707,959,3,144,0,812,147,-0.9591836734693877,0.15328467153284672,959,13,153,0,793,166,-0.8433734939759037,0.17309697601668406,"('scenario', 'cue', 'en_us', 'us', 'th', 'main')",18,3.019701387714784,-0.019269624063668,0.2508899830506361
nanobanana2,cue,en_us,us,th,nanobanana2__cue__en_us__th-minus-us,959,scenario,IDV,-0.2625070501974055,-0.350029212384757,-0.1728729722125199,959,281,113,0,565,394,0.4263959390862944,0.410844629822732,959,207,148,5,599,360,0.1638888888888889,0.3753910323253389,"('scenario', 'cue', 'en_us', 'us', 'th', 'main')",18,3.019701387714784,-0.3987855879424525,-0.1262285124523585
nanobanana2,cue,en_us,us,th,nanobanana2__cue__en_us__th-minus-us,959,scenario,MAS,-0.1482848052191118,-0.252715771913525,-0.04673738864511814,959,83,184,6,686,273,-0.36996336996337,0.2846715328467153,959,63,205,6,685,274,-0.5182481751824818,0.2857142857142857,"('scenario', 'cue', 'en_us', 'us', 'th', 'main')",18,3.019701387714784,-0.30713074528095835,0.010561134842734743
nanobanana2,cue,en_us,us,th,nanobanana2__cue__en_us__th-minus-us,959,scenario,UAI,-0.07321428571428573,-0.27845372606520613,0.13333506583506577,959,33,63,0,863,96,-0.3125,0.10010427528675704,959,21,48,1,889,70,-0.38571428571428573,0.072992700729927,"('scenario', 'cue', 'en_us', 'us', 'th', 'main')",18,3.019701387714784,-0.3937829403066693,0.24735436887809786
nanobanana2,cue,en_us,us,th,nanobanana2__cue__en_us__th-minus-us,959,scenario,LTO,-0.12456011730205274,-0.2722726492114291,0.02524527408947815,959,136,38,2,783,176,0.5568181818181818,0.1835245046923879,959,110,43,2,804,155,0.432258064516129,0.1616266944734098,"('scenario', 'cue', 'en_us', 'us', 'th', 'main')",18,3.019701387714784,-0.35898513664332465,0.1098649020392192
nanobanana2,cue,en_us,us,th,nanobanana2__cue__en_us__th-minus-us,959,scenario,IVR,0.026593406593406588,-0.03372964638238616,0.09024709767356831,959,164,10,1,784,175,0.88,0.18248175182481752,959,173,8,1,777,182,0.9065934065934066,0.1897810218978102,"('scenario', 'cue', 'en_us', 'us', 'th', 'main')",18,3.019701387714784,-0.06883490285683373,0.12202171604364691
nanobanana2,cue,en_us,us,th,nanobanana2__cue__en_us__th-minus-us,959,image,PDI,0.13989097981209087,0.0620075747108845,0.2223547057937817,959,16,264,3,676,283,-0.8763250883392226,0.29509906152241916,959,30,220,8,701,258,-0.7364341085271318,0.26903023983315955,"('image', 'cue', 'en_us', 'us', 'th', 'main')",18,3.0066391178318512,0.01848747372843998,0.2612944858957418
nanobanana2,cue,en_us,us,th,nanobanana2__cue__en_us__th-minus-us,959,image,IDV,-0.212798374809548,-0.2774208678511691,-0.14839627519165893,959,383,167,44,365,594,0.36363636363636365,0.6193952033368092,959,287,206,44,422,537,0.15083798882681565,0.5599582898852972,"('image', 'cue', 'en_us', 'us', 'th', 'main')",18,3.0066391178318512,-0.31222361363046897,-0.11337313598862703
nanobanana2,cue,en_us,us,th,nanobanana2__cue__en_us__th-minus-us,959,image,MAS,-0.07203186795111105,-0.12121237828832213,-0.02251801413735972,959,227,414,121,197,762,-0.24540682414698162,0.794577685088634,959,200,433,101,225,734,-0.31743869209809267,0.7653806047966631,"('image', 'cue', 'en_us', 'us', 'th', 'main')",18,3.0066391178318512,-0.14863303503826042,0.0045692991360383045
nanobanana2,cue,en_us,us,th,nanobanana2__cue__en_us__th-minus-us,959,image,UAI,0.02210457880560973,-0.11109501475367271,0.1494471207135397,959,123,89,10,737,222,0.15315315315315314,0.23149113660062565,959,112,78,4,765,194,0.17525773195876287,0.20229405630865485,"('image', 'cue', 'en_us', 'us', 'th', 'main')",18,3.0066391178318512,-0.17761515973720451,0.22182431734842398
nanobanana2,cue,en_us,us,th,nanobanana2__cue__en_us__th-minus-us,959,image,LTO,-0.05612951525360277,-0.1352534842537668,0.025768384389835346,959,308,71,32,548,411,0.5766423357664233,0.42857142857142855,959,284,81,25,569,390,0.5205128205128206,0.40667361835245047,"('image', 'cue', 'en_us', 'us', 'th', 'main')",18,3.0066391178318512,-0.17908551687153507,0.06682648636432954
nanobanana2,cue,en_us,us,th,nanobanana2__cue__en_us__th-minus-us,959,image,IVR,0.0564852000594972,0.004748700483156549,0.10938645269184664,959,284,31,9,635,324,0.7808641975308642,0.337851929092805,959,301,23,8,627,332,0.8373493975903614,0.3461939520333681,"('image', 'cue', 'en_us', 'us', 'th', 'main')",18,3.0066391178318512,-0.023753785926465806,0.13672418604546022
nanobanana2,cue,en_us,us,in,nanobanana2__cue__en_us__in-minus-us,959,scenario,PDI,0.1309628145736822,0.045875790875790856,0.22885752688172034,959,3,144,0,812,147,-0.9591836734693877,0.15328467153284672,959,14,149,0,796,163,-0.8282208588957055,0.16996871741397288,"('scenario', 'cue', 'en_us', 'us', 'in', 'main')",18,3.007235054535424,-0.00866709636447699,0.2705927255118414
nanobanana2,cue,en_us,us,in,nanobanana2__cue__en_us__in-minus-us,959,scenario,IDV,-0.23803028811676533,-0.3208564747124843,-0.15669920827077505,959,281,113,0,565,394,0.4263959390862944,0.410844629822732,959,213,145,3,598,361,0.1883656509695291,0.37643378519290926,"('scenario', 'cue', 'en_us', 'us', 'in', 'main')",18,3.007235054535424,-0.3657395690340559,-0.11032100719947474
nanobanana2,cue,en_us,us,in,nanobanana2__cue__en_us__in-minus-us,959,scenario,MAS,-0.017869329656401867,-0.11414421289931112,0.07944906854605496,959,83,184,6,686,273,-0.36996336996337,0.2846715328467153,959,79,181,3,696,263,-0.38783269961977185,0.27424400417101147,"('scenario', 'cue', 'en_us', 'us', 'in', 'main')",18,3.007235054535424,-0.16684795746008207,0.13110929814727834
nanobanana2,cue,en_us,us,in,nanobanana2__cue__en_us__in-minus-us,959,scenario,UAI,0.09821428571428573,-0.12020765193582646,0.315034836450678,959,33,63,0,863,96,-0.3125,0.10010427528675704,959,33,51,0,875,84,-0.21428571428571427,0.08759124087591241,"('scenario', 'cue', 'en_us', 'us', 'in', 'main')",18,3.007235054535424,-0.2339157161503926,0.43034428757896404
nanobanana2,cue,en_us,us,in,nanobanana2__cue__en_us__in-minus-us,959,scenario,LTO,-0.14115553121577212,-0.2940506627315847,0.011948376678854475,959,136,38,2,783,176,0.5568181818181818,0.1835245046923879,959,117,48,1,793,166,0.41566265060240964,0.17309697601668406,"('scenario', 'cue', 'en_us', 'us', 'in', 'main')",18,3.007235054535424,-0.3780727869069258,0.09576172447538153
nanobanana2,cue,en_us,us,in,nanobanana2__cue__en_us__in-minus-us,959,scenario,IVR,-0.05877094972067043,-0.1391762006012642,0.018001986909770902,959,164,10,1,784,175,0.88,0.18248175182481752,959,162,15,2,780,179,0.8212290502793296,0.18665276329509906,"('scenario', 'cue', 'en_us', 'us', 'in', 'main')",18,3.007235054535424,-0.17873218722415962,0.06119028778281875
nanobanana2,cue,en_us,us,in,nanobanana2__cue__en_us__in-minus-us,959,image,PDI,0.09893992932862195,0.02987159046598445,0.16856524319604183,959,16,264,3,676,283,-0.8763250883392226,0.29509906152241916,959,26,246,11,676,283,-0.7773851590106007,0.29509906152241916,"('image', 'cue', 'en_us', 'us', 'in', 'main')",18,2.9632728489948517,-0.005495843662376168,0.20337570231962004
nanobanana2,cue,en_us,us,in,nanobanana2__cue__en_us__in-minus-us,959,image,IDV,-0.24319840743198406,-0.3072339592572224,-0.17997299207728268,959,383,167,44,365,594,0.36363636363636365,0.6193952033368092,959,289,223,36,411,548,0.12043795620437957,0.5714285714285714,"('image', 'cue', 'en_us', 'us', 'in', 'main')",18,2.9632728489948517,-0.33950795778230036,-0.1468888570816678
nanobanana2,cue,en_us,us,in,nanobanana2__cue__en_us__in-minus-us,959,image,MAS,0.0011115221335588066,-0.046354024194151196,0.05076603991794344,959,227,414,121,197,762,-0.24540682414698162,0.794577685088634,959,220,402,123,214,745,-0.2442953020134228,0.7768508863399375,"('image', 'cue', 'en_us', 'us', 'in', 'main')",18,2.9632728489948517,-0.07261849986074448,0.07484154412786209
nanobanana2,cue,en_us,us,in,nanobanana2__cue__en_us__in-minus-us,959,image,UAI,-0.03443169196593854,-0.16228249680924414,0.09466800133862005,959,123,89,10,737,222,0.15315315315315314,0.23149113660062565,959,120,94,5,740,219,0.1187214611872146,0.2283628779979145,"('image', 'cue', 'en_us', 'us', 'in', 'main')",18,2.9632728489948517,-0.2306466702927121,0.16178328636083503
nanobanana2,cue,en_us,us,in,nanobanana2__cue__en_us__in-minus-us,959,image,LTO,-0.03418950557774403,-0.11278854691889477,0.04485619828089514,959,308,71,32,548,411,0.5766423357664233,0.42857142857142855,959,311,81,32,535,424,0.5424528301886793,0.4421272158498436,"('image', 'cue', 'en_us', 'us', 'in', 'main')",18,2.9632728489948517,-0.15373087987065143,0.08535186871516338
nanobanana2,cue,en_us,us,in,nanobanana2__cue__en_us__in-minus-us,959,image,IVR,0.03546233308138069,-0.034718519321577455,0.10535289971917226,959,284,31,9,635,324,0.7808641975308642,0.337851929092805,959,262,22,10,665,294,0.8163265306122449,0.30656934306569344,"('image', 'cue', 'en_us', 'us', 'in', 'main')",18,2.9632728489948517,-0.07058721408850173,0.1415118802512631
nanobanana2,cue,en_us,cn,th,nanobanana2__cue__en_us__th-minus-cn,958,scenario,PDI,-0.05813859464704463,-0.1568456854226845,0.040231041321705255,958,16,133,0,809,149,-0.785234899328859,0.15553235908141963,958,13,153,0,792,166,-0.8433734939759037,0.1732776617954071,"('scenario', 'cue', 'en_us', 'cn', 'th', 'main')",18,2.9975142916337587,-0.20904559492454766,0.0927684056304584
nanobanana2,cue,en_us,cn,th,nanobanana2__cue__en_us__th-minus-cn,958,scenario,IDV,-0.04324579458054134,-0.13153728321579508,0.0454670443935149,958,213,140,5,600,358,0.20391061452513967,0.3736951983298539,958,207,149,5,597,361,0.16066481994459833,0.3768267223382046,"('scenario', 'cue', 'en_us', 'cn', 'th', 'main')",18,2.9975142916337587,-0.17671851728317028,0.0902269281220876
nanobanana2,cue,en_us,cn,th,nanobanana2__cue__en_us__th-minus-cn,958,scenario,MAS,-0.15949725615153126,-0.2651147599968563,-0.05776562669108922,958,82,180,7,689,269,-0.3643122676579926,0.2807933194154488,958,62,205,6,685,273,-0.5238095238095238,0.2849686847599165,"('scenario', 'cue', 'en_us', 'cn', 'th', 'main')",18,2.9975142916337587,-0.3188926142722308,-0.00010189803083174298
nanobanana2,cue,en_us,cn,th,nanobanana2__cue__en_us__th-minus-cn,958,scenario,UAI,-0.009090909090909094,-0.2562429564565002,0.2369448356807509,958,24,53,0,881,77,-0.37662337662337664,0.08037578288100208,958,21,48,1,888,70,-0.38571428571428573,0.07306889352818371,"('scenario', 'cue', 'en_us', 'cn', 'th', 'main')",18,2.9975142916337587,-0.38695829032604395,0.36877647214422576
nanobanana2,cue,en_us,cn,th,nanobanana2__cue__en_us__th-minus-cn,958,scenario,LTO,0.10408188432605747,-0.06223531991313063,0.26581826373527645,958,103,52,4,799,159,0.32075471698113206,0.16597077244258873,958,108,43,2,805,153,0.42483660130718953,0.15970772442588727,"('scenario', 'cue', 'en_us', 'cn', 'th', 'main')",18,2.9975142916337587,-0.14299712978932944,0.3511608984414444
nanobanana2,cue,en_us,cn,th,nanobanana2__cue__en_us__th-minus-cn,958,scenario,IVR,0.014377837731131105,-0.06471021503608014,0.09551110700183528,958,158,9,0,791,167,0.8922155688622755,0.174321503131524,958,173,8,1,776,182,0.9065934065934066,0.18997912317327767,"('scenario', 'cue', 'en_us', 'cn', 'th', 'main')",18,2.9975142916337587,-0.10842021469674183,0.13717589015900405
nanobanana2,cue,en_us,cn,th,nanobanana2__cue__en_us__th-minus-cn,958,image,PDI,-0.10666311616071955,-0.1984133949378724,-0.011407337271089238,958,42,207,13,696,262,-0.6297709923664122,0.27348643006263046,958,30,220,8,700,258,-0.7364341085271318,0.26931106471816285,"('image', 'cue', 'en_us', 'cn', 'th', 'main')",18,2.9954483914379084,-0.24967849744338438,0.03635226512194528
nanobanana2,cue,en_us,cn,th,nanobanana2__cue__en_us__th-minus-cn,958,image,IDV,0.055055832308116365,-0.01320929365933373,0.12322739701809048,958,278,227,49,404,554,0.09205776173285199,0.5782881002087683,958,286,207,44,421,537,0.14711359404096835,0.5605427974947808,"('image', 'cue', 'en_us', 'cn', 'th', 'main')",18,2.9954483914379084,-0.051375537202938346,0.1614872018191711
nanobanana2,cue,en_us,cn,th,nanobanana2__cue__en_us__th-minus-cn,958,image,MAS,-0.1563364890490356,-0.20673839076717065,-0.10442823330599113,958,264,389,110,195,763,-0.16382699868938402,0.7964509394572025,958,199,434,101,224,734,-0.3201634877384196,0.7661795407098121,"('image', 'cue', 'en_us', 'cn', 'th', 'main')",18,2.9954483914379084,-0.23326241158682565,-0.07941056651124555
nanobanana2,cue,en_us,cn,th,nanobanana2__cue__en_us__th-minus-cn,958,image,UAI,-0.041237113402061876,-0.1771162030543699,0.09150149970802142,958,117,75,2,764,194,0.21649484536082475,0.20250521920668058,958,112,78,4,764,194,0.17525773195876287,0.20250521920668058,"('image', 'cue', 'en_us', 'cn', 'th', 'main')",18,2.9954483914379084,-0.2479573918463607,0.16548316504223695
nanobanana2,cue,en_us,cn,th,nanobanana2__cue__en_us__th-minus-cn,958,image,LTO,-0.06113446787575194,-0.14146265680447595,0.019776527643376163,958,345,78,38,497,461,0.579175704989154,0.4812108559498956,958,282,81,25,570,388,0.5180412371134021,0.40501043841336115,"('image', 'cue', 'en_us', 'cn', 'th', 'main')",18,2.9954483914379084,-0.18386776132187735,0.06159882557037347
nanobanana2,cue,en_us,cn,th,nanobanana2__cue__en_us__th-minus-cn,958,image,IVR,0.0651974988561842,-0.003575153949564505,0.13556502246000357,958,277,33,6,642,316,0.7721518987341772,0.3298538622129436,958,301,23,8,626,332,0.8373493975903614,0.3465553235908142,"('image', 'cue', 'en_us', 'cn', 'th', 'main')",18,2.9954483914379084,-0.040840682949439974,0.1712356806618084
nanobanana2,cue,en_us,cn,in,nanobanana2__cue__en_us__in-minus-cn,958,scenario,PDI,-0.04298595956684648,-0.14000916159116938,0.053288121105787525,958,16,133,0,809,149,-0.785234899328859,0.15553235908141963,958,14,149,0,795,163,-0.8282208588957055,0.17014613778705637,"('scenario', 'cue', 'en_us', 'cn', 'in', 'main')",18,3.016161930206425,-0.1928749498876335,0.10690303075394056
nanobanana2,cue,en_us,cn,in,nanobanana2__cue__en_us__in-minus-cn,958,scenario,IDV,-0.021085129760596732,-0.10312333913310259,0.05926074329668031,958,213,140,5,600,358,0.20391061452513967,0.3736951983298539,958,212,146,3,597,361,0.18282548476454294,0.3768267223382046,"('scenario', 'cue', 'en_us', 'cn', 'in', 'main')",18,3.016161930206425,-0.1472307553729464,0.10506049585175292
nanobanana2,cue,en_us,cn,in,nanobanana2__cue__en_us__in-minus-cn,958,scenario,MAS,-0.023520431961779276,-0.11892219380643887,0.07910995254745253,958,82,180,7,689,269,-0.3643122676579926,0.2807933194154488,958,79,181,3,695,263,-0.38783269961977185,0.2745302713987474,"('scenario', 'cue', 'en_us', 'cn', 'in', 'main')",18,3.016161930206425,-0.17672028294411915,0.1296794190205606
nanobanana2,cue,en_us,cn,in,nanobanana2__cue__en_us__in-minus-cn,958,scenario,UAI,0.16233766233766236,-0.09648978981428608,0.41834827802401336,958,24,53,0,881,77,-0.37662337662337664,0.08037578288100208,958,33,51,0,874,84,-0.21428571428571427,0.08768267223382047,"('scenario', 'cue', 'en_us', 'cn', 'in', 'main')",18,3.016161930206425,-0.22711901279728777,0.5517943374726125
nanobanana2,cue,en_us,cn,in,nanobanana2__cue__en_us__in-minus-cn,958,scenario,LTO,0.09136649514008005,-0.05627705627705626,0.23557912242395423,958,103,52,4,799,159,0.32075471698113206,0.16597077244258873,958,116,48,1,793,165,0.4121212121212121,0.1722338204592902,"('scenario', 'cue', 'en_us', 'cn', 'in', 'main')",18,3.016161930206425,-0.1354132583723872,0.3181462486525473
nanobanana2,cue,en_us,cn,in,nanobanana2__cue__en_us__in-minus-cn,958,scenario,IVR,-0.07199084976115189,-0.15728011741736792,0.006024252541093912,958,158,9,0,791,167,0.8922155688622755,0.174321503131524,958,161,15,2,780,178,0.8202247191011236,0.18580375782881003,"('scenario', 'cue', 'en_us', 'cn', 'in', 'main')",18,3.016161930206425,-0.19883776034764125,0.05485606082533748
nanobanana2,cue,en_us,cn,in,nanobanana2__cue__en_us__in-minus-cn,958,image,PDI,-0.14761416664418847,-0.23392203583712695,-0.06253159724945748,958,42,207,13,696,262,-0.6297709923664122,0.27348643006263046,958,26,246,11,675,283,-0.7773851590106007,0.2954070981210856,"('image', 'cue', 'en_us', 'cn', 'in', 'main')",18,2.9946620652274545,-0.27973813300534467,-0.015490200283032274
nanobanana2,cue,en_us,cn,in,nanobanana2__cue__en_us__in-minus-cn,958,image,IDV,0.023115912855813464,-0.044034558576225374,0.08759058038745846,958,278,227,49,404,554,0.09205776173285199,0.5782881002087683,958,287,224,36,411,547,0.11517367458866545,0.5709812108559499,"('image', 'cue', 'en_us', 'cn', 'in', 'main')",18,2.9946620652274545,-0.0786188362610346,0.12485066197266152
nanobanana2,cue,en_us,cn,in,nanobanana2__cue__en_us__in-minus-cn,958,image,MAS,-0.08181058520323342,-0.1298062723218594,-0.03192273447327021,958,264,389,110,195,763,-0.16382699868938402,0.7964509394572025,958,220,403,122,213,745,-0.24563758389261744,0.7776617954070981,"('image', 'cue', 'en_us', 'cn', 'in', 'main')",18,2.9946620652274545,-0.15606631885041922,-0.007554851556047626
nanobanana2,cue,en_us,cn,in,nanobanana2__cue__en_us__in-minus-cn,958,image,UAI,-0.09777338417361014,-0.23524376302058136,0.037247426850011284,958,117,75,2,764,194,0.21649484536082475,0.20250521920668058,958,120,94,5,739,219,0.1187214611872146,0.22860125260960334,"('image', 'cue', 'en_us', 'cn', 'in', 'main')",18,2.9946620652274545,-0.3048250550648237,0.10927828671760345
nanobanana2,cue,en_us,cn,in,nanobanana2__cue__en_us__in-minus-cn,958,image,LTO,-0.03889134479958056,-0.11646194716541605,0.03631669314596688,958,345,78,38,497,461,0.579175704989154,0.4812108559498956,958,309,81,32,536,422,0.5402843601895735,0.4405010438413361,"('image', 'cue', 'en_us', 'cn', 'in', 'main')",18,2.9946620652274545,-0.1552191007775438,0.0774364111783827
nanobanana2,cue,en_us,cn,in,nanobanana2__cue__en_us__in-minus-cn,958,image,IVR,0.043547759968894484,-0.026540721918624065,0.11374467044624752,958,277,33,6,642,316,0.7721518987341772,0.3298538622129436,958,261,22,10,665,293,0.8156996587030717,0.3058455114822547,"('image', 'cue', 'en_us', 'cn', 'in', 'main')",18,2.9946620652274545,-0.06372922186782629,0.15082474180561525
nanobanana2,cue,en_us,th,in,nanobanana2__cue__en_us__in-minus-th,960,scenario,PDI,0.015152635080198151,-0.07613262720584016,0.10694503029526035,960,13,153,0,794,166,-0.8433734939759037,0.17291666666666666,960,14,149,0,797,163,-0.8282208588957055,0.16979166666666667,"('scenario', 'cue', 'en_us', 'th', 'in', 'main')",18,3.011190180422831,-0.12485442772021588,0.15515969788061218
nanobanana2,cue,en_us,th,in,nanobanana2__cue__en_us__in-minus-th,960,scenario,IDV,0.024418052983578464,-0.06334303439914207,0.1087546476404397,960,207,149,5,599,361,0.16066481994459833,0.37604166666666666,960,213,146,3,598,362,0.1850828729281768,0.3770833333333333,"('scenario', 'cue', 'en_us', 'th', 'in', 'main')",18,3.011190180422831,-0.10564341695787302,0.15447952292502995
nanobanana2,cue,en_us,th,in,nanobanana2__cue__en_us__in-minus-th,960,scenario,MAS,0.12984848484848488,0.029235872942676173,0.23549625522709045,960,63,206,6,685,275,-0.52,0.2864583333333333,960,79,182,3,696,264,-0.39015151515151514,0.275,"('scenario', 'cue', 'en_us', 'th', 'in', 'main')",18,3.011190180422831,-0.025969622751853993,0.28566659244882375
nanobanana2,cue,en_us,th,in,nanobanana2__cue__en_us__in-minus-th,960,scenario,UAI,0.17142857142857146,-0.045670907165184946,0.39940768599181714,960,21,48,1,890,70,-0.38571428571428573,0.07291666666666667,960,33,51,0,876,84,-0.21428571428571427,0.0875,"('scenario', 'cue', 'en_us', 'th', 'in', 'main')",18,3.011190180422831,-0.1727257366881951,0.515582879545338
nanobanana2,cue,en_us,th,in,nanobanana2__cue__en_us__in-minus-th,960,scenario,LTO,-0.01659541391371938,-0.1620862447789767,0.1296148583092888,960,110,43,2,805,155,0.432258064516129,0.16145833333333334,960,117,48,1,794,166,0.41566265060240964,0.17291666666666666,"('scenario', 'cue', 'en_us', 'th', 'in', 'main')",18,3.011190180422831,-0.24232367327725915,0.2091328454498204
nanobanana2,cue,en_us,th,in,nanobanana2__cue__en_us__in-minus-th,960,scenario,IVR,-0.08536435631407702,-0.15475557348951485,-0.023600880584695946,960,173,8,1,778,182,0.9065934065934066,0.18958333333333333,960,162,15,2,781,179,0.8212290502793296,0.18645833333333334,"('scenario', 'cue', 'en_us', 'th', 'in', 'main')",18,3.011190180422831,-0.18709594998108947,0.016367237352935438
nanobanana2,cue,en_us,th,in,nanobanana2__cue__en_us__in-minus-th,960,image,PDI,-0.04095105048346892,-0.12817820497822138,0.04153070937441188,960,30,220,8,702,258,-0.7364341085271318,0.26875,960,26,246,11,677,283,-0.7773851590106007,0.2947916666666667,"('image', 'cue', 'en_us', 'th', 'in', 'main')",18,2.9807430790975853,-0.17050977381413077,0.08860767284719293
nanobanana2,cue,en_us,th,in,nanobanana2__cue__en_us__in-minus-th,960,image,IDV,-0.030301799148163958,-0.09559785564723708,0.034462334476179135,960,287,207,44,422,538,0.14869888475836432,0.5604166666666667,960,289,224,36,411,549,0.11839708561020036,0.571875,"('image', 'cue', 'en_us', 'th', 'in', 'main')",18,2.9807430790975853,-0.12910573374496637,0.06850213544863844
nanobanana2,cue,en_us,th,in,nanobanana2__cue__en_us__in-minus-th,960,image,MAS,0.0730590359468184,0.023454764191267137,0.12301347513411083,960,200,434,101,225,735,-0.3183673469387755,0.765625,960,220,403,123,214,746,-0.2453083109919571,0.7770833333333333,"('image', 'cue', 'en_us', 'th', 'in', 'main')",18,2.9807430790975853,-0.002088677047628426,0.14820674894126523
nanobanana2,cue,en_us,th,in,nanobanana2__cue__en_us__in-minus-th,960,image,UAI,-0.05653627077154827,-0.18438572279143528,0.07674821759111528,960,112,78,4,766,194,0.17525773195876287,0.20208333333333334,960,120,94,5,741,219,0.1187214611872146,0.228125,"('image', 'cue', 'en_us', 'th', 'in', 'main')",18,2.9807430790975853,-0.2531458369363883,0.14007329539329177
nanobanana2,cue,en_us,th,in,nanobanana2__cue__en_us__in-minus-th,960,image,LTO,0.02194000967585874,-0.060523753866576505,0.1043117932395884,960,284,81,25,570,390,0.5205128205128206,0.40625,960,311,81,32,536,424,0.5424528301886793,0.44166666666666665,"('image', 'cue', 'en_us', 'th', 'in', 'main')",18,2.9807430790975853,-0.10299285918303966,0.14687287853475714
nanobanana2,cue,en_us,th,in,nanobanana2__cue__en_us__in-minus-th,960,image,IVR,-0.021022866978116506,-0.09059650974085155,0.04462445929776497,960,301,23,8,628,332,0.8373493975903614,0.3458333333333333,960,262,22,10,666,294,0.8163265306122449,0.30625,"('image', 'cue', 'en_us', 'th', 'in', 'main')",18,2.9807430790975853,-0.12389057356940114,0.08184483961316813
nanobanana2,cue,zh_cn,none,us,nanobanana2__cue__zh_cn__us-minus-none,959,scenario,PDI,-0.021253286590709908,-0.10119785939326649,0.05770268660534298,959,9,159,0,791,168,-0.8928571428571429,0.17518248175182483,959,7,156,0,796,163,-0.9141104294478528,0.16996871741397288,"('scenario', 'cue', 'zh_cn', 'none', 'us', 'main')",36,3.2236370477120615,-0.1504839738115834,0.10797740063016359
nanobanana2,cue,zh_cn,none,us,nanobanana2__cue__zh_cn__us-minus-none,959,scenario,IDV,0.07668959935248887,-0.006348933859634694,0.16477248466664624,959,225,126,2,606,353,0.2804532577903683,0.3680917622523462,959,254,119,5,581,378,0.35714285714285715,0.39416058394160586,"('scenario', 'cue', 'zh_cn', 'none', 'us', 'main')",36,3.2236370477120615,-0.06528445352311968,0.21866365222809742
nanobanana2,cue,zh_cn,none,us,nanobanana2__cue__zh_cn__us-minus-none,959,scenario,MAS,-0.05440613026819924,-0.1584955143037949,0.05403125600913956,959,86,182,2,689,270,-0.35555555555555557,0.28154327424400416,959,75,182,4,698,261,-0.4099616858237548,0.2721584984358707,"('scenario', 'cue', 'zh_cn', 'none', 'us', 'main')",36,3.2236370477120615,-0.22912191186099706,0.12030965132459859
nanobanana2,cue,zh_cn,none,us,nanobanana2__cue__zh_cn__us-minus-none,959,scenario,UAI,0.24090909090909088,0.020918443002780358,0.4671922666675851,959,29,59,0,871,88,-0.3409090909090909,0.09176225234619395,959,36,44,0,879,80,-0.1,0.08342022940563086,"('scenario', 'cue', 'zh_cn', 'none', 'us', 'main')",36,3.2236370477120615,-0.12377167211260434,0.6055898539307861
nanobanana2,cue,zh_cn,none,us,nanobanana2__cue__zh_cn__us-minus-none,959,scenario,LTO,0.0817816421950619,-0.06190719500383527,0.22462495120182913,959,125,38,4,792,167,0.5209580838323353,0.17413972888425444,959,116,28,2,813,146,0.6027397260273972,0.15224191866527634,"('scenario', 'cue', 'zh_cn', 'none', 'us', 'main')",36,3.2236370477120615,-0.15224549865758372,0.31580878304770754
nanobanana2,cue,zh_cn,none,us,nanobanana2__cue__zh_cn__us-minus-none,959,scenario,IVR,-0.014571680894907235,-0.08961253013904392,0.06085317788795262,959,164,8,0,787,172,0.9069767441860465,0.17935349322210636,959,149,8,1,801,158,0.8924050632911392,0.16475495307612095,"('scenario', 'cue', 'zh_cn', 'none', 'us', 'main')",36,3.2236370477120615,-0.13784798313773,0.10870462134791553
nanobanana2,cue,zh_cn,none,us,nanobanana2__cue__zh_cn__us-minus-none,959,image,PDI,-0.07891414141414144,-0.15056855823334245,-0.010062082941995424,959,25,237,2,695,264,-0.803030303030303,0.27528675703858185,959,16,270,2,671,288,-0.8819444444444444,0.30031282586027114,"('image', 'cue', 'zh_cn', 'none', 'us', 'main')",36,3.220442828586036,-0.19396474090901833,0.03613645808073547
nanobanana2,cue,zh_cn,none,us,nanobanana2__cue__zh_cn__us-minus-none,959,image,IDV,0.04297872340425529,-0.01962587690579147,0.10296072402412705,959,340,180,44,395,564,0.28368794326241137,0.5881126173096975,959,371,175,54,359,600,0.32666666666666666,0.6256517205422315,"('image', 'cue', 'zh_cn', 'none', 'us', 'main')",36,3.220442828586036,-0.05671759393545053,0.14267504074396112
nanobanana2,cue,zh_cn,none,us,nanobanana2__cue__zh_cn__us-minus-none,959,image,MAS,-0.03987472035794182,-0.08928878724641043,0.009054843541536425,959,236,399,110,214,745,-0.21879194630872484,0.7768508863399375,959,221,415,114,209,750,-0.25866666666666666,0.7820646506777894,"('image', 'cue', 'zh_cn', 'none', 'us', 'main')",36,3.220442828586036,-0.11940684161980028,0.039657400903916645
nanobanana2,cue,zh_cn,none,us,nanobanana2__cue__zh_cn__us-minus-none,959,image,UAI,0.018355855855855863,-0.1104017056054827,0.1479427332442863,959,136,95,9,719,240,0.17083333333333334,0.2502606882168926,959,127,85,10,737,222,0.1891891891891892,0.23149113660062565,"('image', 'cue', 'zh_cn', 'none', 'us', 'main')",36,3.220442828586036,-0.19646357209645174,0.23317528380816346
nanobanana2,cue,zh_cn,none,us,nanobanana2__cue__zh_cn__us-minus-none,959,image,LTO,-0.045864933188876855,-0.118128998369036,0.02844202542535714,959,329,57,30,543,416,0.6538461538461539,0.4337851929092805,959,326,67,33,533,426,0.607981220657277,0.44421272158498437,"('image', 'cue', 'zh_cn', 'none', 'us', 'main')",36,3.220442828586036,-0.1680429733636296,0.0763131069858759
nanobanana2,cue,zh_cn,none,us,nanobanana2__cue__zh_cn__us-minus-none,959,image,IVR,0.0019654667492162714,-0.05272419564936706,0.057143748573710636,959,288,21,8,642,317,0.8422712933753943,0.3305526590198123,959,293,22,6,638,321,0.8442367601246106,0.3347236704900938,"('image', 'cue', 'zh_cn', 'none', 'us', 'main')",36,3.220442828586036,-0.0887874818856895,0.09271841538412204
nanobanana2,cue,zh_cn,none,cn,nanobanana2__cue__zh_cn__cn-minus-none,958,scenario,PDI,0.10477767265846738,0.012206384463529894,0.2024683185467733,958,9,159,0,790,168,-0.8928571428571429,0.17536534446764093,958,16,135,0,807,151,-0.7880794701986755,0.15762004175365343,"('scenario', 'cue', 'zh_cn', 'none', 'cn', 'main')",36,3.2143322466276536,-0.049328532411294895,0.2588838777282296
nanobanana2,cue,zh_cn,none,cn,nanobanana2__cue__zh_cn__cn-minus-none,958,scenario,IDV,-0.1929390054390054,-0.28280073844282333,-0.10374621486137753,958,224,126,2,606,352,0.2784090909090909,0.3674321503131524,958,189,159,3,607,351,0.08547008547008547,0.3663883089770355,"('scenario', 'cue', 'zh_cn', 'none', 'cn', 'main')",36,3.2143322466276536,-0.33929709221858195,-0.046580918659428844
nanobanana2,cue,zh_cn,none,cn,nanobanana2__cue__zh_cn__cn-minus-none,958,scenario,MAS,-0.0007662835249042099,-0.10466306801506323,0.10240155232097484,958,86,182,2,688,270,-0.35555555555555557,0.2818371607515658,958,82,175,4,697,261,-0.3563218390804598,0.27244258872651356,"('scenario', 'cue', 'zh_cn', 'none', 'cn', 'main')",36,3.2143322466276536,-0.17139795140138211,0.1698653843515737
nanobanana2,cue,zh_cn,none,cn,nanobanana2__cue__zh_cn__cn-minus-none,958,scenario,UAI,0.20833333333333331,-0.018883611197229026,0.4335177849043156,958,29,58,0,871,87,-0.3333333333333333,0.09081419624217119,958,35,45,0,878,80,-0.125,0.08350730688935282,"('scenario', 'cue', 'zh_cn', 'none', 'cn', 'main')",36,3.2143322466276536,-0.16092881257193914,0.5775954792386058
nanobanana2,cue,zh_cn,none,cn,nanobanana2__cue__zh_cn__cn-minus-none,958,scenario,LTO,-0.1234425558820248,-0.27335171584692297,0.032454829985386804,958,125,38,4,791,167,0.5209580838323353,0.174321503131524,958,111,47,3,797,161,0.39751552795031053,0.16805845511482254,"('scenario', 'cue', 'zh_cn', 'none', 'cn', 'main')",36,3.2143322466276536,-0.37473730545331624,0.12785219368926665
nanobanana2,cue,zh_cn,none,cn,nanobanana2__cue__zh_cn__cn-minus-none,958,scenario,IVR,-0.05243128964059196,-0.13655840514397646,0.02845828419110855,958,164,8,0,786,172,0.9069767441860465,0.17954070981210857,958,152,11,2,793,165,0.8545454545454545,0.1722338204592902,"('scenario', 'cue', 'zh_cn', 'none', 'cn', 'main')",36,3.2143322466276536,-0.18691703931753267,0.08205446003634875
nanobanana2,cue,zh_cn,none,cn,nanobanana2__cue__zh_cn__cn-minus-none,958,image,PDI,0.14785788923719956,0.06651328354271495,0.23538897892420416,958,25,237,2,694,264,-0.803030303030303,0.2755741127348643,958,41,212,8,697,261,-0.6551724137931034,0.27244258872651356,"('image', 'cue', 'zh_cn', 'none', 'cn', 'main')",36,3.209057078060957,0.012436704823466677,0.2832790736509324
nanobanana2,cue,zh_cn,none,cn,nanobanana2__cue__zh_cn__cn-minus-none,958,image,IDV,-0.2135204513930295,-0.27986249690343806,-0.14729088184363498,958,340,180,43,395,563,0.2841918294849023,0.5876826722338204,958,281,241,44,392,566,0.0706713780918728,0.5908141962421712,"('image', 'cue', 'zh_cn', 'none', 'cn', 'main')",36,3.209057078060957,-0.3215811270632287,-0.10545977572283029
nanobanana2,cue,zh_cn,none,cn,nanobanana2__cue__zh_cn__cn-minus-none,958,image,MAS,0.042048408403289717,-0.0046781945554329185,0.08935992411992763,958,236,398,110,214,744,-0.21774193548387097,0.7766179540709812,958,250,383,124,201,757,-0.17569352708058125,0.7901878914405011,"('image', 'cue', 'zh_cn', 'none', 'cn', 'main')",36,3.209057078060957,-0.034844627899327685,0.11894144470590712
nanobanana2,cue,zh_cn,none,cn,nanobanana2__cue__zh_cn__cn-minus-none,958,image,UAI,0.12881323697223282,0.00018894965657719013,0.2555665426125093,958,136,94,9,719,239,0.17573221757322174,0.24947807933194155,958,139,72,9,738,220,0.30454545454545456,0.22964509394572025,"('image', 'cue', 'zh_cn', 'none', 'cn', 'main')",36,3.209057078060957,-0.07832885395678368,0.3359553279012493
nanobanana2,cue,zh_cn,none,cn,nanobanana2__cue__zh_cn__cn-minus-none,958,image,LTO,-0.09257248775321059,-0.16714191988660873,-0.019297646924416788,958,328,57,30,543,415,0.653012048192771,0.4331941544885177,958,334,79,42,503,455,0.5604395604395604,0.47494780793319413,"('image', 'cue', 'zh_cn', 'none', 'cn', 'main')",36,3.209057078060957,-0.21298675710130188,0.027841781594880724
nanobanana2,cue,zh_cn,none,cn,nanobanana2__cue__zh_cn__cn-minus-none,958,image,IVR,-0.09692967846856204,-0.16283594216580285,-0.03101418064966918,958,288,21,8,641,317,0.8422712933753943,0.33089770354906056,958,277,37,8,636,322,0.7453416149068323,0.33611691022964507,"('image', 'cue', 'zh_cn', 'none', 'cn', 'main')",36,3.209057078060957,-0.20439044269649537,0.010531085759371284
nanobanana2,cue,zh_cn,us,cn,nanobanana2__cue__zh_cn__cn-minus-us,959,scenario,PDI,0.1260309592491773,0.03366050962204812,0.22274641932176165,959,7,156,0,796,163,-0.9141104294478528,0.16996871741397288,959,16,135,0,808,151,-0.7880794701986755,0.15745568300312826,"('scenario', 'cue', 'zh_cn', 'us', 'cn', 'main')",36,3.253321337831351,-0.030889607395130192,0.28295152589348477
nanobanana2,cue,zh_cn,us,cn,nanobanana2__cue__zh_cn__cn-minus-us,959,scenario,IDV,-0.2747564935064935,-0.36364089841803743,-0.19304195406478916,959,254,119,5,581,378,0.35714285714285715,0.39416058394160586,959,189,160,3,607,352,0.08238636363636363,0.3670490093847758,"('scenario', 'cue', 'zh_cn', 'us', 'cn', 'main')",36,3.253321337831351,-0.4156862648381164,-0.13382672217487063
nanobanana2,cue,zh_cn,us,cn,nanobanana2__cue__zh_cn__cn-minus-us,959,scenario,MAS,0.0588166476558159,-0.04331148149908051,0.16376764247122627,959,75,182,4,698,261,-0.4099616858237548,0.2721584984358707,959,83,175,4,697,262,-0.3511450381679389,0.2732012513034411,"('scenario', 'cue', 'zh_cn', 'us', 'cn', 'main')",36,3.253321337831351,-0.11288699638610414,0.23052029169773594
nanobanana2,cue,zh_cn,us,cn,nanobanana2__cue__zh_cn__cn-minus-us,959,scenario,UAI,-0.024999999999999994,-0.255442235369657,0.200019569471624,959,36,44,0,879,80,-0.1,0.08342022940563086,959,35,45,0,879,80,-0.125,0.08342022940563086,"('scenario', 'cue', 'zh_cn', 'us', 'cn', 'main')",36,3.253321337831351,-0.4023924364560838,0.35239243645608376
nanobanana2,cue,zh_cn,us,cn,nanobanana2__cue__zh_cn__cn-minus-us,959,scenario,LTO,-0.2052241980770867,-0.3547359654248984,-0.06575495402775287,959,116,28,2,813,146,0.6027397260273972,0.15224191866527634,959,111,47,3,798,161,0.39751552795031053,0.1678832116788321,"('scenario', 'cue', 'zh_cn', 'us', 'cn', 'main')",36,3.253321337831351,-0.44649650011549635,0.036048103961322964
nanobanana2,cue,zh_cn,us,cn,nanobanana2__cue__zh_cn__cn-minus-us,959,scenario,IVR,-0.037859608745684725,-0.11891583270581611,0.04192296219225443,959,149,8,1,801,158,0.8924050632911392,0.16475495307612095,959,152,11,2,794,165,0.8545454545454545,0.17205422314911367,"('scenario', 'cue', 'zh_cn', 'us', 'cn', 'main')",36,3.253321337831351,-0.17080719606462272,0.09508797857325327
nanobanana2,cue,zh_cn,us,cn,nanobanana2__cue__zh_cn__cn-minus-us,959,image,PDI,0.23240033927056825,0.15298116630480174,0.3165620885910028,959,15,271,2,671,288,-0.8888888888888888,0.30031282586027114,959,41,213,8,697,262,-0.6564885496183206,0.2732012513034411,"('image', 'cue', 'zh_cn', 'us', 'cn', 'main')",36,3.217654852257405,0.09727246722370983,0.36752821131742663
nanobanana2,cue,zh_cn,us,cn,nanobanana2__cue__zh_cn__cn-minus-us,959,image,IDV,-0.2584289512503202,-0.3221972979238576,-0.19725352587784348,959,371,175,53,360,599,0.327212020033389,0.6246089676746611,959,281,242,44,392,567,0.06878306878306878,0.5912408759124088,"('image', 'cue', 'zh_cn', 'us', 'cn', 'main')",36,3.217654852257405,-0.36109966708307745,-0.155758235417563
nanobanana2,cue,zh_cn,us,cn,nanobanana2__cue__zh_cn__cn-minus-us,959,image,MAS,0.08187159190853124,0.03301927115157794,0.1302354618783723,959,221,414,115,209,750,-0.25733333333333336,0.7820646506777894,959,250,383,125,201,758,-0.17546174142480211,0.7904066736183525,"('image', 'cue', 'zh_cn', 'us', 'cn', 'main')",36,3.217654852257405,0.0018988227720953404,0.16184436104496713
nanobanana2,cue,zh_cn,us,cn,nanobanana2__cue__zh_cn__cn-minus-us,959,image,UAI,0.11450020567667629,-0.010079658130838852,0.24096265974485992,959,127,85,9,738,221,0.19004524886877827,0.23044838373305526,959,139,72,9,739,220,0.30454545454545456,0.22940563086548488,"('image', 'cue', 'zh_cn', 'us', 'cn', 'main')",36,3.217654852257405,-0.09261462869257248,0.32161504004592506
nanobanana2,cue,zh_cn,us,cn,nanobanana2__cue__zh_cn__cn-minus-us,959,image,LTO,-0.04845973698432715,-0.12800460168085265,0.028881074766490756,959,327,67,33,532,427,0.6088992974238876,0.44525547445255476,959,334,79,42,504,455,0.5604395604395604,0.4744525547445255,"('image', 'cue', 'zh_cn', 'us', 'cn', 'main')",36,3.217654852257405,-0.17460981654903077,0.07769034258037646
nanobanana2,cue,zh_cn,us,cn,nanobanana2__cue__zh_cn__cn-minus-us,959,image,IVR,-0.0985904659346577,-0.16552051110563115,-0.03445016207253556,959,294,22,6,637,322,0.84472049689441,0.3357664233576642,959,278,37,8,636,323,0.7461300309597523,0.3368091762252346,"('image', 'cue', 'zh_cn', 'us', 'cn', 'main')",36,3.217654852257405,-0.2055298234613725,0.008348891592057081
nanobanana2,cue,th_th,none,us,nanobanana2__cue__th_th__us-minus-none,959,scenario,PDI,-0.06909530850920831,-0.14753514188124012,0.006774451039156802,959,10,163,0,786,173,-0.884393063583815,0.18039624608967675,959,4,168,0,787,172,-0.9534883720930233,0.17935349322210636,"('scenario', 'cue', 'th_th', 'none', 'us', 'main')",18,3.015415342674718,-0.18818898748546536,0.04999837046704876
nanobanana2,cue,th_th,none,us,nanobanana2__cue__th_th__us-minus-none,959,scenario,IDV,0.11485011741953308,0.032414532258783345,0.1970020481714708,959,233,141,6,579,380,0.24210526315789474,0.3962460896767466,959,257,121,3,578,381,0.3569553805774278,0.397288842544317,"('scenario', 'cue', 'th_th', 'none', 'us', 'main')",18,3.015415342674718,-0.010824884209267138,0.2405251190483333
nanobanana2,cue,th_th,none,us,nanobanana2__cue__th_th__us-minus-none,959,scenario,MAS,-0.02355111786411984,-0.12365354935845066,0.0735593015309741,959,82,186,4,687,272,-0.38235294117647056,0.28362877997914493,959,77,187,7,688,271,-0.4059040590405904,0.28258602711157454,"('scenario', 'cue', 'th_th', 'none', 'us', 'main')",18,3.015415342674718,-0.173234607335238,0.1261323716069983
nanobanana2,cue,th_th,none,us,nanobanana2__cue__th_th__us-minus-none,959,scenario,UAI,0.03516761543327007,-0.17220446624061084,0.24185248567512083,959,29,64,0,866,93,-0.3763440860215054,0.09697601668404589,959,28,57,0,874,85,-0.3411764705882353,0.0886339937434828,"('scenario', 'cue', 'th_th', 'none', 'us', 'main')",18,3.015415342674718,-0.2849350999102386,0.3552703307767787
nanobanana2,cue,th_th,none,us,nanobanana2__cue__th_th__us-minus-none,959,scenario,LTO,0.02599025365487939,-0.1200342216014525,0.17379598217776507,959,118,40,1,800,159,0.49056603773584906,0.16579770594369134,959,113,35,3,808,151,0.5165562913907285,0.15745568300312826,"('scenario', 'cue', 'th_th', 'none', 'us', 'main')",18,3.015415342674718,-0.19998176929176034,0.25196227660151915
nanobanana2,cue,th_th,none,us,nanobanana2__cue__th_th__us-minus-none,959,scenario,IVR,-0.013025580711555351,-0.08118984925752255,0.053210353626419224,959,178,11,1,769,190,0.8789473684210526,0.1981230448383733,959,167,12,0,780,179,0.8659217877094972,0.18665276329509906,"('scenario', 'cue', 'th_th', 'none', 'us', 'main')",18,3.015415342674718,-0.11692358253773076,0.09087242111462006
nanobanana2,cue,th_th,none,us,nanobanana2__cue__th_th__us-minus-none,959,image,PDI,-0.06322950232724667,-0.12667854581568588,-0.0012708424132321329,959,19,221,5,714,245,-0.8244897959183674,0.25547445255474455,959,15,268,2,674,285,-0.887719298245614,0.29718456725756,"('image', 'cue', 'th_th', 'none', 'us', 'main')",18,3.022863526404504,-0.16046226654328344,0.03400326188879012
nanobanana2,cue,th_th,none,us,nanobanana2__cue__th_th__us-minus-none,959,image,IDV,0.1601985559566787,0.10065174609892169,0.2198488363707364,959,314,195,45,405,554,0.2148014440433213,0.5776850886339937,959,369,153,54,383,576,0.375,0.6006256517205423,"('image', 'cue', 'th_th', 'none', 'us', 'main')",18,3.022863526404504,0.06657363060083031,0.2538234813125271
nanobanana2,cue,th_th,none,us,nanobanana2__cue__th_th__us-minus-none,959,image,MAS,0.04548724610957447,-0.000826564018347317,0.09337320959073446,959,214,414,110,221,738,-0.27100271002710025,0.7695516162669447,959,228,403,145,183,776,-0.22551546391752578,0.8091762252346194,"('image', 'cue', 'th_th', 'none', 'us', 'main')",18,3.022863526404504,-0.027069579910871028,0.11804407213001997
nanobanana2,cue,th_th,none,us,nanobanana2__cue__th_th__us-minus-none,959,image,UAI,-0.02241263117358236,-0.15363155017369168,0.1051901969253942,959,118,98,5,738,221,0.09049773755656108,0.23044838373305526,959,122,106,7,724,235,0.06808510638297872,0.24504692387904067,"('image', 'cue', 'th_th', 'none', 'us', 'main')",18,3.022863526404504,-0.22302555406816169,0.17820029172099697
nanobanana2,cue,th_th,none,us,nanobanana2__cue__th_th__us-minus-none,959,image,LTO,0.03762437810945274,-0.036928284379897314,0.11140649374231679,959,295,63,26,575,384,0.6041666666666666,0.40041710114702816,959,320,62,20,557,402,0.6417910447761194,0.4191866527632951,"('image', 'cue', 'th_th', 'none', 'us', 'main')",18,3.022863526404504,-0.07763822025011291,0.1528869764690184
nanobanana2,cue,th_th,none,us,nanobanana2__cue__th_th__us-minus-none,959,image,IVR,0.002001653539880688,-0.05214746420369916,0.05829541161451403,959,312,26,5,616,343,0.8338192419825073,0.35766423357664234,959,304,24,7,624,335,0.835820895522388,0.34932221063607927,"('image', 'cue', 'th_th', 'none', 'us', 'main')",18,3.022863526404504,-0.08470860510482256,0.08871191218458394
nanobanana2,cue,th_th,none,th,nanobanana2__cue__th_th__th-minus-none,960,scenario,PDI,0.025418704609456055,-0.06869474765681602,0.12530930832399123,960,10,163,0,787,173,-0.884393063583815,0.18020833333333333,960,11,145,0,804,156,-0.8589743589743589,0.1625,"('scenario', 'cue', 'th_th', 'none', 'th', 'main')",18,3.022189561101355,-0.12230375585973571,0.17314116507864782
nanobanana2,cue,th_th,none,th,nanobanana2__cue__th_th__th-minus-none,960,scenario,IDV,-0.09562638991845812,-0.17996733378821325,-0.009915111992963768,960,233,141,6,580,380,0.24210526315789474,0.3958333333333333,960,202,150,3,605,355,0.14647887323943662,0.3697916666666667,"('scenario', 'cue', 'th_th', 'none', 'th', 'main')",18,3.022189561101355,-0.22462020776316619,0.03336742792624994
nanobanana2,cue,th_th,none,th,nanobanana2__cue__th_th__th-minus-none,960,scenario,MAS,-0.04792594328568084,-0.15399872866021605,0.05788454196342746,960,82,186,4,688,272,-0.38235294117647056,0.2833333333333333,960,67,175,9,709,251,-0.4302788844621514,0.26145833333333335,"('scenario', 'cue', 'th_th', 'none', 'th', 'main')",18,3.022189561101355,-0.21173846837188612,0.11588658180052444
nanobanana2,cue,th_th,none,th,nanobanana2__cue__th_th__th-minus-none,960,scenario,UAI,0.07904678872420806,-0.14477943944724245,0.30854360620652754,960,29,64,0,867,93,-0.3763440860215054,0.096875,960,26,48,0,886,74,-0.2972972972972973,0.07708333333333334,"('scenario', 'cue', 'th_th', 'none', 'th', 'main')",18,3.022189561101355,-0.26714861320870453,0.42524219065712066
nanobanana2,cue,th_th,none,th,nanobanana2__cue__th_th__th-minus-none,960,scenario,LTO,-0.11723270440251571,-0.25146652119183965,0.019984924140934345,960,118,40,1,801,159,0.49056603773584906,0.165625,960,103,47,0,810,150,0.37333333333333335,0.15625,"('scenario', 'cue', 'th_th', 'none', 'th', 'main')",18,3.022189561101355,-0.327021697332726,0.09255628852769462
nanobanana2,cue,th_th,none,th,nanobanana2__cue__th_th__th-minus-none,960,scenario,IVR,0.028990276738967813,-0.04095663299213819,0.10229204139759336,960,179,11,1,769,191,0.8795811518324608,0.19895833333333332,960,167,8,0,785,175,0.9085714285714286,0.18229166666666666,"('scenario', 'cue', 'th_th', 'none', 'th', 'main')",18,3.022189561101355,-0.08215613531932645,0.14013668879726207
nanobanana2,cue,th_th,none,th,nanobanana2__cue__th_th__th-minus-none,960,image,PDI,0.14480229591836735,0.06922655404360609,0.22223264180840613,960,19,221,5,715,245,-0.8244897959183674,0.2552083333333333,960,36,210,10,704,256,-0.6796875,0.26666666666666666,"('image', 'cue', 'th_th', 'none', 'th', 'main')",18,2.9925126676766887,0.026297906088724968,0.26330668574800975
nanobanana2,cue,th_th,none,th,nanobanana2__cue__th_th__th-minus-none,960,image,IDV,-0.07706559498671753,-0.14257806107344664,-0.014473708914680332,960,314,195,45,406,554,0.2148014440433213,0.5770833333333333,960,279,206,45,430,530,0.13773584905660377,0.5520833333333334,"('image', 'cue', 'th_th', 'none', 'th', 'main')",18,2.9925126676766887,-0.17556907138523506,0.021437881411800003
nanobanana2,cue,th_th,none,th,nanobanana2__cue__th_th__th-minus-none,960,image,MAS,-0.01029124215292787,-0.05838326808056556,0.03805155120404892,960,214,414,110,222,738,-0.27100271002710025,0.76875,960,202,402,107,249,711,-0.2812939521800281,0.740625,"('image', 'cue', 'th_th', 'none', 'th', 'main')",18,2.9925126676766887,-0.08361249967521968,0.06303001536936394
nanobanana2,cue,th_th,none,th,nanobanana2__cue__th_th__th-minus-none,960,image,UAI,0.08239945870512115,-0.04408389481971168,0.20764930310275495,960,118,98,5,739,221,0.09049773755656108,0.23020833333333332,960,122,85,7,746,214,0.17289719626168223,0.22291666666666668,"('image', 'cue', 'th_th', 'none', 'th', 'main')",18,2.9925126676766887,-0.10759237403361611,0.27239129144385843
nanobanana2,cue,th_th,none,th,nanobanana2__cue__th_th__th-minus-none,960,image,LTO,-0.16905216284987273,-0.2531081263133156,-0.08677333119263315,960,295,63,26,576,384,0.6041666666666666,0.4,960,267,96,30,567,393,0.4351145038167939,0.409375,"('image', 'cue', 'th_th', 'none', 'th', 'main')",18,2.9925126676766887,-0.2968440114141385,-0.04126031428560695
nanobanana2,cue,th_th,none,th,nanobanana2__cue__th_th__th-minus-none,960,image,IVR,0.03460011344299485,-0.02053435509623331,0.0907533126275548,960,313,26,5,616,344,0.8343023255813954,0.35833333333333334,960,304,19,5,632,328,0.8689024390243902,0.3416666666666667,"('image', 'cue', 'th_th', 'none', 'th', 'main')",18,2.9925126676766887,-0.05035954750384697,0.11955977438983667
nanobanana2,cue,th_th,us,th,nanobanana2__cue__th_th__th-minus-us,959,scenario,PDI,0.09451401311866436,0.012053638551967623,0.1861363497435384,959,4,168,0,787,172,-0.9534883720930233,0.17935349322210636,959,11,145,0,803,156,-0.8589743589743589,0.16266944734098018,"('scenario', 'cue', 'th_th', 'us', 'th', 'main')",18,3.0154768474167795,-0.0385458072899138,0.22757383352724253
nanobanana2,cue,th_th,us,th,nanobanana2__cue__th_th__th-minus-us,959,scenario,IDV,-0.2104765073379912,-0.29650009745528777,-0.12446332847379937,959,257,121,3,578,381,0.3569553805774278,0.397288842544317,959,202,150,3,604,355,0.14647887323943662,0.37017726798748696,"('scenario', 'cue', 'th_th', 'us', 'th', 'main')",18,3.0154768474167795,-0.3440564115809145,-0.0768966030950679
nanobanana2,cue,th_th,us,th,nanobanana2__cue__th_th__th-minus-us,959,scenario,MAS,-0.024374825421560997,-0.1263097704586555,0.0798128505150201,959,77,187,7,688,271,-0.4059040590405904,0.28258602711157454,959,67,175,9,708,251,-0.4302788844621514,0.26173096976016685,"('scenario', 'cue', 'th_th', 'us', 'th', 'main')",18,3.0154768474167795,-0.18424120343794786,0.13549155259482587
nanobanana2,cue,th_th,us,th,nanobanana2__cue__th_th__th-minus-us,959,scenario,UAI,0.04387917329093799,-0.18116483029381958,0.27482650035880185,959,28,57,0,874,85,-0.3411764705882353,0.0886339937434828,959,26,48,0,885,74,-0.2972972972972973,0.07716371220020855,"('scenario', 'cue', 'th_th', 'us', 'th', 'main')",18,3.0154768474167795,-0.3043949726745467,0.39215331925642266
nanobanana2,cue,th_th,us,th,nanobanana2__cue__th_th__th-minus-us,959,scenario,LTO,-0.1432229580573951,-0.2969298164783379,0.0074037599130019486,959,113,35,3,808,151,0.5165562913907285,0.15745568300312826,959,103,47,0,809,150,0.37333333333333335,0.15641293013555788,"('scenario', 'cue', 'th_th', 'us', 'th', 'main')",18,3.0154768474167795,-0.376607487796847,0.0901615716820568
nanobanana2,cue,th_th,us,th,nanobanana2__cue__th_th__th-minus-us,959,scenario,IVR,0.04264964086193135,-0.02923694761732804,0.11759038595675421,959,167,12,0,780,179,0.8659217877094972,0.18665276329509906,959,167,8,0,784,175,0.9085714285714286,0.18248175182481752,"('scenario', 'cue', 'th_th', 'us', 'th', 'main')",18,3.0154768474167795,-0.06940441633378891,0.1547036980576516
nanobanana2,cue,th_th,us,th,nanobanana2__cue__th_th__th-minus-us,959,image,PDI,0.20803179824561402,0.13147144337867853,0.2886643956847742,959,15,268,2,674,285,-0.887719298245614,0.29718456725756,959,36,210,10,703,256,-0.6796875,0.2669447340980188,"('image', 'cue', 'th_th', 'us', 'th', 'main')",18,3.0177722748378697,0.08710125316757969,0.3289623433236484
nanobanana2,cue,th_th,us,th,nanobanana2__cue__th_th__th-minus-us,959,image,IDV,-0.23726415094339623,-0.3036592443694274,-0.17024057542002166,959,369,153,54,383,576,0.375,0.6006256517205423,959,279,206,45,429,530,0.13773584905660377,0.5526590198123045,"('image', 'cue', 'th_th', 'us', 'th', 'main')",18,3.0177722748378697,-0.3389066338544518,-0.13562166803234066
nanobanana2,cue,th_th,us,th,nanobanana2__cue__th_th__th-minus-us,959,image,MAS,-0.05476622622331931,-0.10363593294616233,-0.005701262647641199,959,228,403,145,183,776,-0.22551546391752578,0.8091762252346194,959,202,401,107,249,710,-0.2802816901408451,0.7403545359749739,"('image', 'cue', 'th_th', 'us', 'th', 'main')",18,3.0177722748378697,-0.13104918970967938,0.021516737263040778
nanobanana2,cue,th_th,us,th,nanobanana2__cue__th_th__th-minus-us,959,image,UAI,0.10481208987870351,-0.0218367737894006,0.22396930152810626,959,122,106,7,724,235,0.06808510638297872,0.24504692387904067,959,122,85,7,745,214,0.17289719626168223,0.22314911366006257,"('image', 'cue', 'th_th', 'us', 'th', 'main')",18,3.0177722748378697,-0.083802242351968,0.29342642210937503
nanobanana2,cue,th_th,us,th,nanobanana2__cue__th_th__th-minus-us,959,image,LTO,-0.20667654095932547,-0.2974621029303128,-0.11475022877700249,959,320,62,20,557,402,0.6417910447761194,0.4191866527632951,959,267,96,30,566,393,0.4351145038167939,0.4098018769551616,"('image', 'cue', 'th_th', 'us', 'th', 'main')",18,3.0177722748378697,-0.34712592875755244,-0.06622715316109848
nanobanana2,cue,th_th,us,th,nanobanana2__cue__th_th__th-minus-us,959,image,IVR,0.03268063352959971,-0.02016220098590507,0.08559862007407595,959,304,24,7,624,335,0.835820895522388,0.34932221063607927,959,303,19,5,632,327,0.8685015290519877,0.3409801876955162,"('image', 'cue', 'th_th', 'us', 'th', 'main')",18,3.0177722748378697,-0.04785687470849573,0.11321814176769515
nanobanana2,cue,hi_in,none,us,nanobanana2__cue__hi_in__us-minus-none,958,scenario,PDI,-0.05305447240931116,-0.11235977822754416,-0.002616232108817094,958,8,178,0,772,186,-0.9139784946236559,0.1941544885177453,958,3,179,0,776,182,-0.967032967032967,0.18997912317327767,"('scenario', 'cue', 'hi_in', 'none', 'us', 'main')",18,3.0618967207567014,-0.13838945614809384,0.03228051132947152
nanobanana2,cue,hi_in,none,us,nanobanana2__cue__hi_in__us-minus-none,958,scenario,IDV,0.16532621915336027,0.07943478901959962,0.2531986874058085,958,208,146,5,599,359,0.17270194986072424,0.3747390396659708,958,236,116,3,603,355,0.3380281690140845,0.3705636743215031,"('scenario', 'cue', 'hi_in', 'none', 'us', 'main')",18,3.0618967207567014,0.0313578566922563,0.2992945816144642
nanobanana2,cue,hi_in,none,us,nanobanana2__cue__hi_in__us-minus-none,958,scenario,MAS,-0.02459599224305109,-0.13129161294977523,0.08648276247105062,958,87,168,5,698,260,-0.31153846153846154,0.27139874739039666,958,77,157,4,720,238,-0.33613445378151263,0.24843423799582465,"('scenario', 'cue', 'hi_in', 'none', 'us', 'main')",18,3.0618967207567014,-0.19413212588553438,0.1449401413994322
nanobanana2,cue,hi_in,none,us,nanobanana2__cue__hi_in__us-minus-none,958,scenario,UAI,0.07500000000000001,-0.14635442441380936,0.2963238920594655,958,27,53,0,878,80,-0.325,0.08350730688935282,958,33,55,0,870,88,-0.25,0.0918580375782881,"('scenario', 'cue', 'hi_in', 'none', 'us', 'main')",18,3.0618967207567014,-0.2743701069808206,0.4243701069808206
nanobanana2,cue,hi_in,none,us,nanobanana2__cue__hi_in__us-minus-none,958,scenario,LTO,0.17513349336207323,0.015961848818608803,0.33350341757745033,958,95,39,3,821,137,0.40875912408759124,0.1430062630480167,958,117,30,2,809,149,0.5838926174496645,0.15553235908141963,"('scenario', 'cue', 'hi_in', 'none', 'us', 'main')",18,3.0618967207567014,-0.0703020590852724,0.4205690458094189
nanobanana2,cue,hi_in,none,us,nanobanana2__cue__hi_in__us-minus-none,958,scenario,IVR,-0.04150744960560915,-0.11366301025232387,0.025875733702323298,958,158,5,0,795,163,0.9386503067484663,0.17014613778705637,958,166,9,0,783,175,0.8971428571428571,0.1826722338204593,"('scenario', 'cue', 'hi_in', 'none', 'us', 'main')",18,3.0618967207567014,-0.15056581988702206,0.06755092067580375
nanobanana2,cue,hi_in,none,us,nanobanana2__cue__hi_in__us-minus-none,958,image,PDI,-0.07708333333333339,-0.1363240830778378,-0.019919396273192877,958,20,257,11,670,288,-0.8229166666666666,0.30062630480167013,958,12,273,5,668,290,-0.9,0.302713987473904,"('image', 'cue', 'hi_in', 'none', 'us', 'main')",18,2.9826581377516947,-0.16648614046453353,0.012319473797866728
nanobanana2,cue,hi_in,none,us,nanobanana2__cue__hi_in__us-minus-none,958,image,IDV,0.16122344586868873,0.09714592267741969,0.22501877327882439,958,322,200,51,385,573,0.21291448516579406,0.5981210855949896,958,373,156,51,378,580,0.3741379310344828,0.605427974947808,"('image', 'cue', 'hi_in', 'none', 'us', 'main')",18,2.9826581377516947,0.06256756122320815,0.2598793305141693
nanobanana2,cue,hi_in,none,us,nanobanana2__cue__hi_in__us-minus-none,958,image,MAS,-0.035882084364321915,-0.08322143404110362,0.008851955494163509,958,239,390,109,220,738,-0.2046070460704607,0.7703549060542797,958,215,392,129,222,736,-0.24048913043478262,0.7682672233820459,"('image', 'cue', 'hi_in', 'none', 'us', 'main')",18,2.9826581377516947,-0.10559775086337053,0.0338335821347267
nanobanana2,cue,hi_in,none,us,nanobanana2__cue__hi_in__us-minus-none,958,image,UAI,0.08510996527412398,-0.052027893095739,0.22208127550576065,958,113,102,6,737,221,0.049773755656108594,0.23068893528183715,958,119,90,6,743,215,0.13488372093023257,0.2244258872651357,"('image', 'cue', 'hi_in', 'none', 'us', 'main')",18,2.9826581377516947,-0.12371356560037239,0.29393349614862035
nanobanana2,cue,hi_in,none,us,nanobanana2__cue__hi_in__us-minus-none,958,image,LTO,0.004240424544279864,-0.08078242775497058,0.09105572444927269,958,292,74,20,572,386,0.5647668393782384,0.40292275574112735,958,308,73,32,545,413,0.5690072639225182,0.4311064718162839,"('image', 'cue', 'hi_in', 'none', 'us', 'main')",18,2.9826581377516947,-0.12656185934984518,0.1350427084384049
nanobanana2,cue,hi_in,none,us,nanobanana2__cue__hi_in__us-minus-none,958,image,IVR,-0.03976670201484622,-0.09600617563965999,0.011297866888463126,958,303,19,6,630,328,0.8658536585365854,0.34237995824634654,958,291,25,6,636,322,0.8260869565217391,0.33611691022964507,"('image', 'cue', 'hi_in', 'none', 'us', 'main')",18,2.9826581377516947,-0.1224217188454752,0.04288831481578276
nanobanana2,cue,hi_in,none,in,nanobanana2__cue__hi_in__in-minus-none,956,scenario,PDI,0.02807486631016043,-0.03521521390852553,0.09774599152402794,956,8,179,0,769,187,-0.9144385026737968,0.19560669456066945,956,10,166,0,780,176,-0.8863636363636364,0.18410041841004185,"('scenario', 'cue', 'hi_in', 'none', 'in', 'main')",18,3.0033146410279628,-0.0742941467360061,0.13044387935632695
nanobanana2,cue,hi_in,none,in,nanobanana2__cue__hi_in__in-minus-none,956,scenario,IDV,-0.08407859078590786,-0.17182336209307938,0.0017784821559718542,956,208,147,5,596,360,0.16944444444444445,0.37656903765690375,956,176,148,4,628,328,0.08536585365853659,0.34309623430962344,"('scenario', 'cue', 'hi_in', 'none', 'in', 'main')",18,3.0033146410279628,-0.21710677563530806,0.04894959406349235
nanobanana2,cue,hi_in,none,in,nanobanana2__cue__hi_in__in-minus-none,956,scenario,MAS,-0.030505121414212355,-0.13714494286492537,0.07789388507769349,956,86,168,5,697,259,-0.3166023166023166,0.2709205020920502,956,76,160,6,714,242,-0.34710743801652894,0.25313807531380755,"('scenario', 'cue', 'hi_in', 'none', 'in', 'main')",18,3.0033146410279628,-0.19476728590775577,0.13375704307933106
nanobanana2,cue,hi_in,none,in,nanobanana2__cue__hi_in__in-minus-none,956,scenario,UAI,0.02185792349726773,-0.22592094812608587,0.27998672121734103,956,27,54,0,875,81,-0.3333333333333333,0.08472803347280335,956,21,40,0,895,61,-0.3114754098360656,0.06380753138075314,"('scenario', 'cue', 'hi_in', 'none', 'in', 'main')",18,3.0033146410279628,-0.3636090851758133,0.40732493217034876
nanobanana2,cue,hi_in,none,in,nanobanana2__cue__hi_in__in-minus-none,956,scenario,LTO,0.031187790311877905,-0.12123050026494904,0.1790974273765097,956,96,38,3,819,137,0.4233576642335766,0.14330543933054393,956,94,34,4,824,132,0.45454545454545453,0.13807531380753138,"('scenario', 'cue', 'hi_in', 'none', 'in', 'main')",18,3.0033146410279628,-0.20161268170718533,0.26398826233094114
nanobanana2,cue,hi_in,none,in,nanobanana2__cue__hi_in__in-minus-none,956,scenario,IVR,-0.011677753141167813,-0.08035771373766903,0.0573725245404029,956,158,6,0,792,164,0.926829268292683,0.17154811715481172,956,158,7,0,791,165,0.9151515151515152,0.17259414225941422,"('scenario', 'cue', 'hi_in', 'none', 'in', 'main')",18,3.0033146410279628,-0.11842182104337023,0.09506631476103461
nanobanana2,cue,hi_in,none,in,nanobanana2__cue__hi_in__in-minus-none,956,image,PDI,0.030059523809523814,-0.0371702003551824,0.0967302202306129,956,20,257,11,668,288,-0.8229166666666666,0.301255230125523,956,26,248,6,676,280,-0.7928571428571428,0.2928870292887029,"('image', 'cue', 'hi_in', 'none', 'in', 'main')",18,2.9800000501505886,-0.07145572776033159,0.13157477537937923
nanobanana2,cue,hi_in,none,in,nanobanana2__cue__hi_in__in-minus-none,956,image,IDV,-0.06341272174850532,-0.1277191345711978,-0.002263356371877991,956,320,200,50,386,570,0.21052631578947367,0.5962343096234309,956,287,208,42,419,537,0.14711359404096835,0.5617154811715481,"('image', 'cue', 'hi_in', 'none', 'in', 'main')",18,2.9800000501505886,-0.1582094967599432,0.03138405326293256
nanobanana2,cue,hi_in,none,in,nanobanana2__cue__hi_in__in-minus-none,956,image,MAS,-0.0476147342995169,-0.09477890460315894,-0.0009297326774695548,956,238,389,109,220,736,-0.20516304347826086,0.7698744769874477,956,209,391,120,236,720,-0.25277777777777777,0.7531380753138075,"('image', 'cue', 'hi_in', 'none', 'in', 'main')",18,2.9800000501505886,-0.1182653738990049,0.0230359052999711
nanobanana2,cue,hi_in,none,in,nanobanana2__cue__hi_in__in-minus-none,956,image,UAI,0.09012261740088623,-0.043035926171999056,0.2247033686262115,956,113,102,6,735,221,0.049773755656108594,0.23117154811715482,956,107,80,6,763,193,0.13989637305699482,0.20188284518828453,"('image', 'cue', 'hi_in', 'none', 'in', 'main')",18,2.9800000501505886,-0.11238477539210043,0.2926300101938729
nanobanana2,cue,hi_in,none,in,nanobanana2__cue__hi_in__in-minus-none,956,image,LTO,0.058475378787878785,-0.01700339526240502,0.13742881413212554,956,292,73,19,572,384,0.5703125,0.401673640167364,956,310,61,25,560,396,0.6287878787878788,0.41422594142259417,"('image', 'cue', 'hi_in', 'none', 'in', 'main')",18,2.9800000501505886,-0.05983224493621017,0.17678300251196774
nanobanana2,cue,hi_in,none,in,nanobanana2__cue__hi_in__in-minus-none,956,image,IVR,-0.03046815672269776,-0.08071802944375898,0.018259894867037572,956,301,20,6,629,327,0.8593272171253823,0.34205020920502094,956,268,21,9,658,298,0.8288590604026845,0.3117154811715481,"('image', 'cue', 'hi_in', 'none', 'in', 'main')",18,2.9800000501505886,-0.10610781616353096,0.04517150271813544
nanobanana2,cue,hi_in,us,in,nanobanana2__cue__hi_in__in-minus-us,954,scenario,PDI,0.08048719236564539,0.021585056430848584,0.15117005290236799,954,3,178,0,773,181,-0.9668508287292817,0.18972746331236898,954,10,166,0,778,176,-0.8863636363636364,0.18448637316561844,"('scenario', 'cue', 'hi_in', 'us', 'in', 'main')",18,3.032244069854882,-0.020669809445943516,0.1816441941772343
nanobanana2,cue,hi_in,us,in,nanobanana2__cue__hi_in__in-minus-us,954,scenario,IDV,-0.24934315372356464,-0.34171515302348016,-0.15644744064565957,954,236,116,3,599,355,0.3380281690140845,0.3721174004192872,954,176,147,4,627,327,0.08868501529051988,0.34276729559748426,"('scenario', 'cue', 'hi_in', 'us', 'in', 'main')",18,3.032244069854882,-0.39281857804033365,-0.10586772940679562
nanobanana2,cue,hi_in,us,in,nanobanana2__cue__hi_in__in-minus-us,954,scenario,MAS,-0.005239468317040585,-0.11768612330609551,0.10646799387995931,954,75,157,4,718,236,-0.3474576271186441,0.24737945492662475,954,75,160,6,713,241,-0.35269709543568467,0.2526205450733753,"('scenario', 'cue', 'hi_in', 'us', 'in', 'main')",18,3.032244069854882,-0.17916143793862901,0.16868250130454784
nanobanana2,cue,hi_in,us,in,nanobanana2__cue__hi_in__in-minus-us,954,scenario,UAI,-0.061475409836065587,-0.3134931463509163,0.1948533878784885,954,33,55,0,866,88,-0.25,0.09224318658280922,954,21,40,0,893,61,-0.3114754098360656,0.0639412997903564,"('scenario', 'cue', 'hi_in', 'us', 'in', 'main')",18,3.032244069854882,-0.45337626217299565,0.3304254425008645
nanobanana2,cue,hi_in,us,in,nanobanana2__cue__hi_in__in-minus-us,954,scenario,LTO,-0.13351093806035153,-0.2999990074548932,0.03700157407543218,954,117,30,2,805,149,0.5838926174496645,0.15618448637316562,954,93,34,4,823,131,0.45038167938931295,0.13731656184486374,"('scenario', 'cue', 'hi_in', 'us', 'in', 'main')",18,3.032244069854882,-0.39533525614037485,0.1283133800196718
nanobanana2,cue,hi_in,us,in,nanobanana2__cue__hi_in__in-minus-us,954,scenario,IVR,0.029686411149825842,-0.03363747705455754,0.10000246829194191,954,166,9,0,779,175,0.8971428571428571,0.18343815513626835,954,158,6,0,790,164,0.926829268292683,0.1719077568134172,"('scenario', 'cue', 'hi_in', 'us', 'in', 'main')",18,3.032244069854882,-0.07264122445922082,0.13201404675887252
nanobanana2,cue,hi_in,us,in,nanobanana2__cue__hi_in__in-minus-us,954,image,PDI,0.10644841269841276,0.04373678281942783,0.17212057932120253,954,12,271,5,666,288,-0.8993055555555556,0.3018867924528302,954,26,248,6,674,280,-0.7928571428571428,0.29350104821802936,"('image', 'cue', 'hi_in', 'us', 'in', 'main')",18,3.0072011497491182,0.007921318908640437,0.20497550648818508
nanobanana2,cue,hi_in,us,in,nanobanana2__cue__hi_in__in-minus-us,954,image,IDV,-0.22336325305879617,-0.29090428765830895,-0.15444174907124578,954,371,156,50,377,577,0.37261698440207974,0.6048218029350105,954,287,207,42,418,536,0.14925373134328357,0.5618448637316562,"('image', 'cue', 'hi_in', 'us', 'in', 'main')",18,3.0072011497491182,-0.3286505588582521,-0.11807594725934023
nanobanana2,cue,hi_in,us,in,nanobanana2__cue__hi_in__in-minus-us,954,image,MAS,-0.014437493340639596,-0.06457595144724727,0.03459756117134956,954,214,390,128,222,732,-0.24043715846994534,0.7672955974842768,954,208,391,119,236,718,-0.25487465181058494,0.7526205450733753,"('image', 'cue', 'hi_in', 'us', 'in', 'main')",18,3.0072011497491182,-0.08995022837547006,0.061075241694190874
nanobanana2,cue,hi_in,us,in,nanobanana2__cue__hi_in__in-minus-us,954,image,UAI,0.005012652126762246,-0.14314115993163903,0.15275151259945197,954,119,90,6,739,215,0.13488372093023257,0.22536687631027252,954,107,80,6,761,193,0.13989637305699482,0.20230607966457023,"('image', 'cue', 'hi_in', 'us', 'in', 'main')",18,3.0072011497491182,-0.2220960949737379,0.23212139922726238
nanobanana2,cue,hi_in,us,in,nanobanana2__cue__hi_in__in-minus-us,954,image,LTO,0.06093812559672307,-0.02178936551717507,0.14667738504894196,954,306,73,32,543,411,0.5669099756690997,0.4308176100628931,954,309,61,25,559,395,0.6278481012658228,0.4140461215932914,"('image', 'cue', 'hi_in', 'us', 'in', 'main')",18,3.0072011497491182,-0.06997471942187017,0.1918509706153163
nanobanana2,cue,hi_in,us,in,nanobanana2__cue__hi_in__in-minus-us,954,image,IVR,0.009471663677271147,-0.04690620836744248,0.06902430225600964,954,290,25,6,633,321,0.8255451713395638,0.33647798742138363,954,268,20,9,657,297,0.835016835016835,0.3113207547169811,"('image', 'cue', 'hi_in', 'us', 'in', 'main')",18,3.0072011497491182,-0.07875284191842949,0.09769616927297178
flux2,language,none,en_us,zh_cn,flux2__language__none__zh_cn-minus-en_us,960,scenario,PDI,0.27610146862483315,0.136386706734182,0.42417211544812083,960,12,93,0,855,105,-0.7714285714285715,0.109375,960,27,80,0,853,107,-0.4953271028037383,0.11145833333333334,"('scenario', 'language', 'none', 'en_us', 'zh_cn', 'controls')",12,2.883923896743369,0.06496649216944186,0.48723644508022446
flux2,language,none,en_us,zh_cn,flux2__language__none__zh_cn-minus-en_us,960,scenario,IDV,0.12486449864498644,-0.008998652139099996,0.25923456222718905,960,132,81,3,744,216,0.2361111111111111,0.225,960,139,65,1,755,205,0.36097560975609755,0.21354166666666666,"('scenario', 'language', 'none', 'en_us', 'zh_cn', 'controls')",12,2.883923896743369,-0.07066036548773752,0.3203893627777104
flux2,language,none,en_us,zh_cn,flux2__language__none__zh_cn-minus-en_us,960,scenario,MAS,0.11297852474323061,-0.05113277526258866,0.2781249840362806,960,38,86,2,834,126,-0.38095238095238093,0.13125,960,56,97,0,807,153,-0.2679738562091503,0.159375,"('scenario', 'language', 'none', 'en_us', 'zh_cn', 'controls')",12,2.883923896743369,-0.13072799782158134,0.35668504730804257
flux2,language,none,en_us,zh_cn,flux2__language__none__zh_cn-minus-en_us,960,scenario,UAI,0.0,-0.349709074190406,0.33995044171514727,960,22,19,0,919,41,0.07317073170731707,0.042708333333333334,960,22,19,0,919,41,0.07317073170731707,0.042708333333333334,"('scenario', 'language', 'none', 'en_us', 'zh_cn', 'controls')",12,2.883923896743369,-0.5132677464395196,0.5132677464395196
flux2,language,none,en_us,zh_cn,flux2__language__none__zh_cn-minus-en_us,960,scenario,LTO,0.14505494505494507,-0.19173942532988034,0.49760638297872256,960,19,16,0,925,35,0.08571428571428572,0.036458333333333336,960,32,20,0,908,52,0.23076923076923078,0.05416666666666667,"('scenario', 'language', 'none', 'en_us', 'zh_cn', 'controls')",12,2.883923896743369,-0.3650849569526382,0.6551948470625284
flux2,language,none,en_us,zh_cn,flux2__language__none__zh_cn-minus-en_us,960,scenario,IVR,-0.07993966817496234,-0.20004820161070166,0.029444126808365247,960,100,4,0,856,104,0.9230769230769231,0.10833333333333334,960,94,8,0,858,102,0.8431372549019608,0.10625,"('scenario', 'language', 'none', 'en_us', 'zh_cn', 'controls')",12,2.883923896743369,-0.24926359239464627,0.08938425604472158
flux2,language,none,en_us,zh_cn,flux2__language__none__zh_cn-minus-en_us,960,image,PDI,0.1356111733196138,0.010816417620316585,0.26543604759595646,960,23,147,3,787,173,-0.7167630057803468,0.18020833333333333,960,38,149,4,769,191,-0.581151832460733,0.19895833333333332,"('image', 'language', 'none', 'en_us', 'zh_cn', 'controls')",12,2.8446040844010736,-0.05004013760979059,0.3212624842490182
flux2,language,none,en_us,zh_cn,flux2__language__none__zh_cn-minus-en_us,960,image,IDV,-0.0587025316455696,-0.13979208115019645,0.022702956560019277,960,256,111,33,560,400,0.3625,0.4166666666666667,960,247,127,21,565,395,0.3037974683544304,0.4114583333333333,"('image', 'language', 'none', 'en_us', 'zh_cn', 'controls')",12,2.8446040844010736,-0.17570655997661438,0.058301496685475185
flux2,language,none,en_us,zh_cn,flux2__language__none__zh_cn-minus-en_us,960,image,MAS,0.06947276621394585,0.0077955190453999155,0.13059971753440372,960,177,337,39,407,553,-0.28933092224231466,0.5760416666666667,960,204,328,32,396,564,-0.2198581560283688,0.5875,"('image', 'language', 'none', 'en_us', 'zh_cn', 'controls')",12,2.8446040844010736,-0.020857323766834204,0.1598028561947259
flux2,language,none,en_us,zh_cn,flux2__language__none__zh_cn-minus-en_us,960,image,UAI,0.17979702416788507,0.031739082182479755,0.3250520578147967,960,106,47,1,806,154,0.38311688311688313,0.16041666666666668,960,116,31,4,809,151,0.5629139072847682,0.15729166666666666,"('image', 'language', 'none', 'en_us', 'zh_cn', 'controls')",12,2.8446040844010736,-0.030520812136176245,0.3901148604719464
flux2,language,none,en_us,zh_cn,flux2__language__none__zh_cn-minus-en_us,960,image,LTO,0.16822538619021038,0.04913451088563009,0.2921433525348426,960,135,57,7,761,199,0.39195979899497485,0.20729166666666668,960,162,41,13,744,216,0.5601851851851852,0.225,"('image', 'language', 'none', 'en_us', 'zh_cn', 'controls')",12,2.8446040844010736,-0.007611441652704942,0.3440622140331257
flux2,language,none,en_us,zh_cn,flux2__language__none__zh_cn-minus-en_us,960,image,IVR,-0.03963333863190799,-0.10488933854631097,0.02689774670641995,960,226,13,4,717,243,0.8765432098765432,0.253125,960,214,19,0,727,233,0.8369098712446352,0.24270833333333333,"('image', 'language', 'none', 'en_us', 'zh_cn', 'controls')",12,2.8446040844010736,-0.13602640993792184,0.05675973267410586
flux2,cue,en_us,none,us,flux2__cue__en_us__us-minus-none,960,scenario,PDI,-0.06927939317319842,-0.18217168653359073,0.033597253130501235,960,12,93,0,855,105,-0.7714285714285715,0.109375,960,9,104,0,847,113,-0.8407079646017699,0.11770833333333333,"('scenario', 'cue', 'en_us', 'none', 'us', 'controls')",12,2.980245123176283,-0.23353763430370905,0.0949788479573122
flux2,cue,en_us,none,us,flux2__cue__en_us__us-minus-none,960,scenario,IDV,0.2164750957854406,0.10595903111524438,0.3295623333587688,960,132,81,3,744,216,0.2361111111111111,0.225,960,167,62,3,728,232,0.4525862068965517,0.24166666666666667,"('scenario', 'cue', 'en_us', 'none', 'us', 'controls')",12,2.980245123176283,0.04532709099123608,0.3876231005796451
flux2,cue,en_us,none,us,flux2__cue__en_us__us-minus-none,960,scenario,MAS,-0.07936507936507936,-0.22753429509617631,0.06773047631262323,960,38,86,2,834,126,-0.38095238095238093,0.13125,960,33,91,2,834,126,-0.4603174603174603,0.13125,"('scenario', 'cue', 'en_us', 'none', 'us', 'controls')",12,2.980245123176283,-0.3006523200533062,0.14192216132314753
flux2,cue,en_us,none,us,flux2__cue__en_us__us-minus-none,960,scenario,UAI,-0.30393996247654786,-0.5801061227873814,-0.04116611295681107,960,22,19,0,919,41,0.07317073170731707,0.042708333333333334,960,15,24,0,921,39,-0.23076923076923078,0.040625,"('scenario', 'cue', 'en_us', 'none', 'us', 'controls')",12,2.980245123176283,-0.7126492305598694,0.10476930560677367
flux2,cue,en_us,none,us,flux2__cue__en_us__us-minus-none,960,scenario,LTO,0.0163265306122449,-0.29631185807656396,0.3351391096979332,960,19,16,0,925,35,0.08571428571428572,0.036458333333333336,960,27,22,0,911,49,0.10204081632653061,0.051041666666666666,"('scenario', 'cue', 'en_us', 'none', 'us', 'controls')",12,2.980245123176283,-0.4689791986159433,0.501632259840433
flux2,cue,en_us,none,us,flux2__cue__en_us__us-minus-none,960,scenario,IVR,-0.038121170864533704,-0.13926292530568843,0.0618012282596653,960,100,4,0,856,104,0.9230769230769231,0.10833333333333334,960,106,6,1,847,113,0.8849557522123894,0.11770833333333333,"('scenario', 'cue', 'en_us', 'none', 'us', 'controls')",12,2.980245123176283,-0.192784298937911,0.11654195720884358
flux2,cue,en_us,none,us,flux2__cue__en_us__us-minus-none,960,image,PDI,-0.03971367815747706,-0.14070137344193567,0.058385208240699565,960,23,147,3,787,173,-0.7167630057803468,0.18020833333333333,960,21,167,5,767,193,-0.7564766839378239,0.20104166666666667,"('image', 'cue', 'en_us', 'none', 'us', 'controls')",12,2.881290087775408,-0.18585263329634924,0.10642527698139512
flux2,cue,en_us,none,us,flux2__cue__en_us__us-minus-none,960,image,IDV,0.017645278450363233,-0.05474402184293323,0.09123595470834127,960,256,111,33,560,400,0.3625,0.4166666666666667,960,272,115,26,547,413,0.3801452784503632,0.43020833333333336,"('image', 'cue', 'en_us', 'none', 'us', 'controls')",12,2.881290087775408,-0.08843764625412542,0.12372820315485189
flux2,cue,en_us,none,us,flux2__cue__en_us__us-minus-none,960,image,MAS,-0.006081921794382605,-0.060618889277539986,0.04795767812623396,960,177,337,39,407,553,-0.28933092224231466,0.5760416666666667,960,173,334,38,415,545,-0.29541284403669726,0.5677083333333334,"('image', 'cue', 'en_us', 'none', 'us', 'controls')",12,2.881290087775408,-0.08630752963973859,0.07414368605097338
flux2,cue,en_us,none,us,flux2__cue__en_us__us-minus-none,960,image,UAI,-0.11514302690773282,-0.2705911451338527,0.029689340884982512,960,106,47,1,806,154,0.38311688311688313,0.16041666666666668,960,96,55,2,807,153,0.2679738562091503,0.159375,"('image', 'cue', 'en_us', 'none', 'us', 'controls')",12,2.881290087775408,-0.3389352295276939,0.10864917571222826
flux2,cue,en_us,none,us,flux2__cue__en_us__us-minus-none,960,image,LTO,0.03129601495851353,-0.0889210716793539,0.15343781861995012,960,135,57,7,761,199,0.39195979899497485,0.20729166666666668,960,149,58,8,745,215,0.4232558139534884,0.22395833333333334,"('image', 'cue', 'en_us', 'none', 'us', 'controls')",12,2.881290087775408,-0.14486013678808599,0.20745216670511304
flux2,cue,en_us,none,us,flux2__cue__en_us__us-minus-none,960,image,IVR,-0.05440882252476453,-0.11805883852428627,0.01008751014736182,960,226,13,4,717,243,0.8765432098765432,0.253125,960,230,22,1,707,253,0.8221343873517787,0.2635416666666667,"('image', 'cue', 'en_us', 'none', 'us', 'controls')",12,2.881290087775408,-0.14815279758541888,0.0393351525358898
flux2,cue,en_us,none,cn,flux2__cue__en_us__cn-minus-none,960,scenario,PDI,0.2521978021978022,0.09785691146298607,0.4104325282104966,960,12,93,0,855,105,-0.7714285714285715,0.109375,960,25,79,0,856,104,-0.5192307692307693,0.10833333333333334,"('scenario', 'cue', 'en_us', 'none', 'cn', 'controls')",12,2.8677783648291064,0.02013978292459559,0.48425582147100876
flux2,cue,en_us,none,cn,flux2__cue__en_us__cn-minus-none,960,scenario,IDV,-0.042145593869731796,-0.17102379546203775,0.08452548642284502,960,132,81,3,744,216,0.2361111111111111,0.225,960,138,93,1,728,232,0.1939655172413793,0.24166666666666667,"('scenario', 'cue', 'en_us', 'none', 'cn', 'controls')",12,2.8677783648291064,-0.22577974038806886,0.14148855264860527
flux2,cue,en_us,none,cn,flux2__cue__en_us__cn-minus-none,960,scenario,MAS,0.14737573861661452,-0.011848408686738811,0.3080115778121512,960,38,86,2,834,126,-0.38095238095238093,0.13125,960,52,84,1,823,137,-0.23357664233576642,0.14270833333333333,"('scenario', 'cue', 'en_us', 'none', 'cn', 'controls')",12,2.8677783648291064,-0.08868228796376709,0.3834337651969961
flux2,cue,en_us,none,cn,flux2__cue__en_us__cn-minus-none,960,scenario,UAI,-0.07317073170731707,-0.3669473402833467,0.2222222222222222,960,22,19,0,919,41,0.07317073170731707,0.042708333333333334,960,18,18,0,924,36,0.0,0.0375,"('scenario', 'cue', 'en_us', 'none', 'cn', 'controls')",12,2.8677783648291064,-0.506595677411803,0.3602542139971689
flux2,cue,en_us,none,cn,flux2__cue__en_us__cn-minus-none,960,scenario,LTO,0.06182669789227166,-0.28411978390461995,0.4028988533304511,960,19,16,0,925,35,0.08571428571428572,0.036458333333333336,960,35,26,0,899,61,0.14754098360655737,0.06354166666666666,"('scenario', 'cue', 'en_us', 'none', 'cn', 'controls')",12,2.8677783648291064,-0.4427098449016753,0.5663632406862187
flux2,cue,en_us,none,cn,flux2__cue__en_us__cn-minus-none,960,scenario,IVR,-0.20463032113517554,-0.3468804199886636,-0.06820281012091385,960,100,4,0,856,104,0.9230769230769231,0.10833333333333334,960,88,14,1,857,103,0.7184466019417476,0.10729166666666666,"('scenario', 'cue', 'en_us', 'none', 'cn', 'controls')",12,2.8677783648291064,-0.40857760225095513,-0.0006830400193959529
flux2,cue,en_us,none,cn,flux2__cue__en_us__cn-minus-none,960,image,PDI,0.3599554940432576,0.23966048486380087,0.48573932517904156,960,23,147,3,787,173,-0.7167630057803468,0.18020833333333333,960,66,142,5,747,213,-0.3568075117370892,0.221875,"('image', 'cue', 'en_us', 'none', 'cn', 'controls')",12,2.8732190016955625,0.17905602409050816,0.5408549639960071
flux2,cue,en_us,none,cn,flux2__cue__en_us__cn-minus-none,960,image,IDV,-0.21324626865671642,-0.2924053761598061,-0.1358784703800304,960,256,111,33,560,400,0.3625,0.4166666666666667,960,217,157,28,558,402,0.14925373134328357,0.41875,"('image', 'cue', 'en_us', 'none', 'cn', 'controls')",12,2.8732190016955625,-0.32897840984164417,-0.09751412747178867
flux2,cue,en_us,none,cn,flux2__cue__en_us__cn-minus-none,960,image,MAS,0.06691410963285757,0.004426856356147941,0.13166074985895998,960,177,337,39,407,553,-0.28933092224231466,0.5760416666666667,960,200,327,44,389,571,-0.2224168126094571,0.5947916666666667,"('image', 'cue', 'en_us', 'none', 'cn', 'controls')",12,2.8732190016955625,-0.024972998097923152,0.15880121736363828
flux2,cue,en_us,none,cn,flux2__cue__en_us__cn-minus-none,960,image,UAI,-0.03380181462373244,-0.18586241670708978,0.10943033767723952,960,106,47,1,806,154,0.38311688311688313,0.16041666666666668,960,97,46,3,814,146,0.3493150684931507,0.15208333333333332,"('image', 'cue', 'en_us', 'none', 'cn', 'controls')",12,2.8732190016955625,-0.24768960768641485,0.18008597843894997
flux2,cue,en_us,none,cn,flux2__cue__en_us__cn-minus-none,960,image,LTO,0.07717600347416093,-0.04547328939945999,0.20171233138079372,960,135,57,7,761,199,0.39195979899497485,0.20729166666666668,960,170,56,17,717,243,0.4691358024691358,0.253125,"('image', 'cue', 'en_us', 'none', 'cn', 'controls')",12,2.8732190016955625,-0.10372421033937224,0.2580762172876941
flux2,cue,en_us,none,cn,flux2__cue__en_us__cn-minus-none,960,image,IVR,-0.12965524307156395,-0.20552575748933724,-0.056282812931749054,960,226,13,4,717,243,0.8765432098765432,0.253125,960,208,28,5,719,241,0.7468879668049793,0.25104166666666666,"('image', 'cue', 'en_us', 'none', 'cn', 'controls')",12,2.8732190016955625,-0.23926085797422678,-0.02004962816890113
flux2,cue,en_us,us,cn,flux2__cue__en_us__cn-minus-us,960,scenario,PDI,0.3214771953710006,0.1628832236074147,0.490183383442448,960,9,104,0,847,113,-0.8407079646017699,0.11770833333333333,960,25,79,0,856,104,-0.5192307692307693,0.10833333333333334,"('scenario', 'cue', 'en_us', 'us', 'cn', 'controls')",12,2.9030578232088855,0.07769988062799507,0.5652545101140062
flux2,cue,en_us,us,cn,flux2__cue__en_us__cn-minus-us,960,scenario,IDV,-0.2586206896551724,-0.37773081784992973,-0.14258525822703577,960,167,62,3,728,232,0.4525862068965517,0.24166666666666667,960,138,93,1,728,232,0.1939655172413793,0.24166666666666667,"('scenario', 'cue', 'en_us', 'us', 'cn', 'controls')",12,2.9030578232088855,-0.43373751810789474,-0.08350386120245001
flux2,cue,en_us,us,cn,flux2__cue__en_us__cn-minus-us,960,scenario,MAS,0.22674081798169388,0.0765143357114013,0.3771272536370529,960,33,91,2,834,126,-0.4603174603174603,0.13125,960,52,84,1,823,137,-0.23357664233576642,0.14270833333333333,"('scenario', 'cue', 'en_us', 'us', 'cn', 'controls')",12,2.9030578232088855,0.0039890542133961815,0.44949258174999157
flux2,cue,en_us,us,cn,flux2__cue__en_us__cn-minus-us,960,scenario,UAI,0.23076923076923078,-0.10517168589924013,0.575,960,15,24,0,921,39,-0.23076923076923078,0.040625,960,18,18,0,924,36,0.0,0.0375,"('scenario', 'cue', 'en_us', 'us', 'cn', 'controls')",12,2.9030578232088855,-0.272206121371061,0.7337445829095226
flux2,cue,en_us,us,cn,flux2__cue__en_us__cn-minus-us,960,scenario,LTO,0.04550016728002676,-0.25917964323943893,0.3380314357773372,960,27,22,0,911,49,0.10204081632653061,0.051041666666666666,960,35,26,0,899,61,0.14754098360655737,0.06354166666666666,"('scenario', 'cue', 'en_us', 'us', 'cn', 'controls')",12,2.9030578232088855,-0.3944501250361683,0.4854504595962218
flux2,cue,en_us,us,cn,flux2__cue__en_us__cn-minus-us,960,scenario,IVR,-0.16650915027064184,-0.2853373715330237,-0.061358635632123334,960,106,6,1,847,113,0.8849557522123894,0.11770833333333333,960,88,14,1,857,103,0.7184466019417476,0.10729166666666666,"('scenario', 'cue', 'en_us', 'us', 'cn', 'controls')",12,2.9030578232088855,-0.33247359267816134,-0.0005447078631223568
flux2,cue,en_us,us,cn,flux2__cue__en_us__cn-minus-us,960,image,PDI,0.39966917220073467,0.28104467804311994,0.5216680704223935,960,21,167,5,767,193,-0.7564766839378239,0.20104166666666667,960,66,142,5,747,213,-0.3568075117370892,0.221875,"('image', 'cue', 'en_us', 'us', 'cn', 'controls')",12,2.8909945634924816,0.22095739414332835,0.578380950258141
flux2,cue,en_us,us,cn,flux2__cue__en_us__cn-minus-us,960,image,IDV,-0.23089154710707965,-0.3154644884523934,-0.1485041220901046,960,272,115,26,547,413,0.3801452784503632,0.43020833333333336,960,217,157,28,558,402,0.14925373134328357,0.41875,"('image', 'cue', 'en_us', 'us', 'cn', 'controls')",12,2.8909945634924816,-0.35379949018762136,-0.10798360402653795
flux2,cue,en_us,us,cn,flux2__cue__en_us__cn-minus-us,960,image,MAS,0.07299603142724018,0.01149258344655689,0.13634727724833726,960,173,334,38,415,545,-0.29541284403669726,0.5677083333333334,960,200,327,44,389,571,-0.2224168126094571,0.5947916666666667,"('image', 'cue', 'en_us', 'us', 'cn', 'controls')",12,2.8909945634924816,-0.019895700397124724,0.1658877632516051
flux2,cue,en_us,us,cn,flux2__cue__en_us__cn-minus-us,960,image,UAI,0.08134121228400037,-0.07559834525903898,0.23553776930530676,960,96,55,2,807,153,0.2679738562091503,0.159375,960,97,46,3,814,146,0.3493150684931507,0.15208333333333332,"('image', 'cue', 'en_us', 'us', 'cn', 'controls')",12,2.8909945634924816,-0.1497757375760091,0.31245816214400984
flux2,cue,en_us,us,cn,flux2__cue__en_us__cn-minus-us,960,image,LTO,0.045879988515647396,-0.07204956555577557,0.16648647970170907,960,149,58,8,745,215,0.4232558139534884,0.22395833333333334,960,170,56,17,717,243,0.4691358024691358,0.253125,"('image', 'cue', 'en_us', 'us', 'cn', 'controls')",12,2.8909945634924816,-0.1317831152051408,0.2235430922364356
flux2,cue,en_us,us,cn,flux2__cue__en_us__cn-minus-us,960,image,IVR,-0.07524642054679942,-0.15447494336640513,0.003539988563208346,960,230,22,1,707,253,0.8221343873517787,0.2635416666666667,960,208,28,5,719,241,0.7468879668049793,0.25104166666666666,"('image', 'cue', 'en_us', 'us', 'cn', 'controls')",12,2.8909945634924816,-0.19274362273960513,0.04225078164600629
flux2,cue,zh_cn,none,us,flux2__cue__zh_cn__us-minus-none,960,scenario,PDI,-0.2137638062871708,-0.3823237901362901,-0.04872184634378133,960,27,80,0,853,107,-0.4953271028037383,0.11145833333333334,960,16,94,0,850,110,-0.7090909090909091,0.11458333333333333,"('scenario', 'cue', 'zh_cn', 'none', 'us', 'controls')",12,2.907127962668939,-0.4618129923388852,0.03428537976454363
flux2,cue,zh_cn,none,us,flux2__cue__zh_cn__us-minus-none,960,scenario,IDV,0.05569105691056914,-0.06567801204964484,0.17448651990109273,960,139,65,1,755,205,0.36097560975609755,0.21354166666666666,960,144,59,1,756,204,0.4166666666666667,0.2125,"('scenario', 'cue', 'zh_cn', 'none', 'us', 'controls')",12,2.907127962668939,-0.12407683777489667,0.23545895159603494
flux2,cue,zh_cn,none,us,flux2__cue__zh_cn__us-minus-none,960,scenario,MAS,-0.0984383575313077,-0.23435806716673663,0.03523484171805064,960,56,97,0,807,153,-0.2679738562091503,0.159375,960,41,89,1,829,131,-0.366412213740458,0.13645833333333332,"('scenario', 'cue', 'zh_cn', 'none', 'us', 'controls')",12,2.907127962668939,-0.293975973059836,0.09709925799722066
flux2,cue,zh_cn,none,us,flux2__cue__zh_cn__us-minus-none,960,scenario,UAI,-0.0975609756097561,-0.4098698870342907,0.21849456163480516,960,22,19,0,919,41,0.07317073170731707,0.042708333333333334,960,20,21,0,919,41,-0.024390243902439025,0.042708333333333334,"('scenario', 'cue', 'zh_cn', 'none', 'us', 'controls')",12,2.907127962668939,-0.5654661576596297,0.37034420644011756
flux2,cue,zh_cn,none,us,flux2__cue__zh_cn__us-minus-none,960,scenario,LTO,0.030100334448160515,-0.2349299719887955,0.29174681699647187,960,32,20,0,908,52,0.23076923076923078,0.05416666666666667,960,29,17,0,914,46,0.2608695652173913,0.04791666666666667,"('scenario', 'cue', 'zh_cn', 'none', 'us', 'controls')",12,2.907127962668939,-0.3577240724356073,0.4179247413319283
flux2,cue,zh_cn,none,us,flux2__cue__zh_cn__us-minus-none,960,scenario,IVR,0.012532848190822676,-0.09880591571435848,0.12699864706967579,960,94,8,0,858,102,0.8431372549019608,0.10625,960,90,7,0,863,97,0.8556701030927835,0.10104166666666667,"('scenario', 'cue', 'zh_cn', 'none', 'us', 'controls')",12,2.907127962668939,-0.15544939666942897,0.18051509305107433
flux2,cue,zh_cn,none,us,flux2__cue__zh_cn__us-minus-none,960,image,PDI,-0.20702550744074488,-0.3292625111342437,-0.09199647250204442,960,38,149,4,769,191,-0.581151832460733,0.19895833333333332,960,20,180,3,757,203,-0.7881773399014779,0.21145833333333333,"('image', 'cue', 'zh_cn', 'none', 'us', 'controls')",12,2.882077351493163,-0.3803315185250638,-0.03371949635642596
flux2,cue,zh_cn,none,us,flux2__cue__zh_cn__us-minus-none,960,image,IDV,0.040423637173207794,-0.03424257150030223,0.11603395733780378,960,247,127,21,565,395,0.3037974683544304,0.4114583333333333,960,254,117,27,562,398,0.3442211055276382,0.41458333333333336,"('image', 'cue', 'zh_cn', 'none', 'us', 'controls')",12,2.882077351493163,-0.07033549711573116,0.15118277146214676
flux2,cue,zh_cn,none,us,flux2__cue__zh_cn__us-minus-none,960,image,MAS,-0.03979096677864871,-0.09621010036537896,0.017845222600352737,960,204,328,32,396,564,-0.2198581560283688,0.5875,960,189,337,44,390,570,-0.2596491228070175,0.59375,"('image', 'cue', 'zh_cn', 'none', 'us', 'controls')",12,2.882077351493163,-0.12353104593731835,0.04394911238002093
flux2,cue,zh_cn,none,us,flux2__cue__zh_cn__us-minus-none,960,image,UAI,-0.14253174167967264,-0.2870566432923627,0.003143373610964386,960,116,31,4,809,151,0.5629139072847682,0.15729166666666666,960,111,45,1,803,157,0.42038216560509556,0.16354166666666667,"('image', 'cue', 'zh_cn', 'none', 'us', 'controls')",12,2.882077351493163,-0.35306719420494426,0.06800371084559895
flux2,cue,zh_cn,none,us,flux2__cue__zh_cn__us-minus-none,960,image,LTO,0.020767195767195767,-0.09066709082372537,0.13138113244500704,960,162,41,13,744,216,0.5601851851851852,0.225,960,163,41,6,750,210,0.580952380952381,0.21875,"('image', 'cue', 'zh_cn', 'none', 'us', 'controls')",12,2.882077351493163,-0.14145660084127795,0.1829909923756695
flux2,cue,zh_cn,none,us,flux2__cue__zh_cn__us-minus-none,960,image,IVR,0.007627943881415189,-0.06458185108635045,0.08128443361778066,960,214,19,0,727,233,0.8369098712446352,0.24270833333333333,960,217,16,5,722,238,0.8445378151260504,0.24791666666666667,"('image', 'cue', 'zh_cn', 'none', 'us', 'controls')",12,2.882077351493163,-0.099667768540607,0.11492365630343737
flux2,cue,zh_cn,none,cn,flux2__cue__zh_cn__cn-minus-none,960,scenario,PDI,0.38057300444308256,0.23318763346382732,0.5393739179587063,960,27,80,0,853,107,-0.4953271028037383,0.11145833333333334,960,54,68,0,838,122,-0.11475409836065574,0.12708333333333333,"('scenario', 'cue', 'zh_cn', 'none', 'cn', 'controls')",12,2.895948013821685,0.15446693556301094,0.6066790733231542
flux2,cue,zh_cn,none,cn,flux2__cue__zh_cn__cn-minus-none,960,scenario,IDV,-0.27639849532823685,-0.410197720973206,-0.14268224774813404,960,139,65,1,755,205,0.36097560975609755,0.21354166666666666,960,109,92,0,759,201,0.0845771144278607,0.209375,"('scenario', 'cue', 'zh_cn', 'none', 'cn', 'controls')",12,2.895948013821685,-0.47377316976144856,-0.07902382089502513
flux2,cue,zh_cn,none,cn,flux2__cue__zh_cn__cn-minus-none,960,scenario,MAS,0.18322809349728592,0.021882880325503288,0.3472781616202668,960,56,97,0,807,153,-0.2679738562091503,0.159375,960,54,64,0,842,118,-0.0847457627118644,0.12291666666666666,"('scenario', 'cue', 'zh_cn', 'none', 'cn', 'controls')",12,2.895948013821685,-0.05503404329598685,0.42149023029055865
flux2,cue,zh_cn,none,cn,flux2__cue__zh_cn__cn-minus-none,960,scenario,UAI,-0.1287262872628726,-0.48770928736045016,0.22821428571428556,960,22,19,0,919,41,0.07317073170731707,0.042708333333333334,960,17,19,0,924,36,-0.05555555555555555,0.0375,"('scenario', 'cue', 'zh_cn', 'none', 'cn', 'controls')",12,2.895948013821685,-0.6508474475005387,0.3933948729747935
flux2,cue,zh_cn,none,cn,flux2__cue__zh_cn__cn-minus-none,960,scenario,LTO,-0.06638566912539517,-0.3429568713450292,0.20873270803372782,960,32,20,0,908,52,0.23076923076923078,0.05416666666666667,960,42,30,1,887,73,0.1643835616438356,0.07604166666666666,"('scenario', 'cue', 'zh_cn', 'none', 'cn', 'controls')",12,2.895948013821685,-0.4765493132847498,0.34377797503395946
flux2,cue,zh_cn,none,cn,flux2__cue__zh_cn__cn-minus-none,960,scenario,IVR,-0.08177361853832443,-0.2120900537634409,0.045243506493506364,960,94,8,0,858,102,0.8431372549019608,0.10625,960,77,10,1,872,88,0.7613636363636364,0.09166666666666666,"('scenario', 'cue', 'zh_cn', 'none', 'cn', 'controls')",12,2.895948013821685,-0.2729017535015402,0.10935451642489136
flux2,cue,zh_cn,none,cn,flux2__cue__zh_cn__cn-minus-none,960,image,PDI,0.409058809204919,0.28884809151573954,0.5290719339413411,960,38,149,4,769,191,-0.581151832460733,0.19895833333333332,960,84,121,10,745,215,-0.17209302325581396,0.22395833333333334,"('image', 'cue', 'zh_cn', 'none', 'cn', 'controls')",12,2.870902360235576,0.2320697627319915,0.5860478556778465
flux2,cue,zh_cn,none,cn,flux2__cue__zh_cn__cn-minus-none,960,image,IDV,-0.2107742125404769,-0.2963463897463379,-0.1292909389077267,960,247,127,21,565,395,0.3037974683544304,0.4114583333333333,960,202,166,19,573,387,0.09302325581395349,0.403125,"('image', 'cue', 'zh_cn', 'none', 'cn', 'controls')",12,2.870902360235576,-0.3339216000888393,-0.08762682499211448
flux2,cue,zh_cn,none,cn,flux2__cue__zh_cn__cn-minus-none,960,image,MAS,0.04338756779307468,-0.016537739132550824,0.10533061409649032,960,204,328,32,396,564,-0.2198581560283688,0.5875,960,206,305,50,399,561,-0.17647058823529413,0.584375,"('image', 'cue', 'zh_cn', 'none', 'cn', 'controls')",12,2.870902360235576,-0.04566034604318964,0.132435481629339
flux2,cue,zh_cn,none,cn,flux2__cue__zh_cn__cn-minus-none,960,image,UAI,-0.0768027961736571,-0.22422453595938846,0.07092219580963899,960,116,31,4,809,151,0.5629139072847682,0.15729166666666666,960,107,37,0,816,144,0.4861111111111111,0.15,"('image', 'cue', 'zh_cn', 'none', 'cn', 'controls')",12,2.870902360235576,-0.2966429055483127,0.1430373132009985
flux2,cue,zh_cn,none,cn,flux2__cue__zh_cn__cn-minus-none,960,image,LTO,-0.16888083735909826,-0.28363708867728976,-0.05654200332083412,960,162,41,13,744,216,0.5601851851851852,0.225,960,170,71,12,707,253,0.391304347826087,0.2635416666666667,"('image', 'cue', 'zh_cn', 'none', 'cn', 'controls')",12,2.870902360235576,-0.33662639630269625,-0.0011352784155002626
flux2,cue,zh_cn,none,cn,flux2__cue__zh_cn__cn-minus-none,960,image,IVR,-0.09030353640300626,-0.1646520913262619,-0.016869498556998534,960,214,19,0,727,233,0.8369098712446352,0.24270833333333333,960,190,25,6,739,221,0.746606334841629,0.23020833333333332,"('image', 'cue', 'zh_cn', 'none', 'cn', 'controls')",12,2.870902360235576,-0.20016210377177068,0.019555030965758155
flux2,cue,zh_cn,us,cn,flux2__cue__zh_cn__cn-minus-us,960,scenario,PDI,0.5943368107302534,0.427556418763094,0.7630689487396803,960,16,94,0,850,110,-0.7090909090909091,0.11458333333333333,960,54,68,0,838,122,-0.11475409836065574,0.12708333333333333,"('scenario', 'cue', 'zh_cn', 'us', 'cn', 'controls')",12,2.8982554573692685,0.34437044349061696,0.8443031779698897
flux2,cue,zh_cn,us,cn,flux2__cue__zh_cn__cn-minus-us,960,scenario,IDV,-0.332089552238806,-0.45695313332540594,-0.20854146027342996,960,144,59,1,756,204,0.4166666666666667,0.2125,960,109,92,0,759,201,0.0845771144278607,0.209375,"('scenario', 'cue', 'zh_cn', 'us', 'cn', 'controls')",12,2.8982554573692685,-0.51401602283613,-0.15016308164148198
flux2,cue,zh_cn,us,cn,flux2__cue__zh_cn__cn-minus-us,960,scenario,MAS,0.2816664510285936,0.12685855431757076,0.44089774407559734,960,41,89,1,829,131,-0.366412213740458,0.13645833333333332,960,54,64,0,842,118,-0.0847457627118644,0.12291666666666666,"('scenario', 'cue', 'zh_cn', 'us', 'cn', 'controls')",12,2.8982554573692685,0.046958912199766834,0.5163739898574204
flux2,cue,zh_cn,us,cn,flux2__cue__zh_cn__cn-minus-us,960,scenario,UAI,-0.031165311653116527,-0.3383579826628039,0.2655474917239623,960,20,21,0,919,41,-0.024390243902439025,0.042708333333333334,960,17,19,0,924,36,-0.05555555555555555,0.0375,"('scenario', 'cue', 'zh_cn', 'us', 'cn', 'controls')",12,2.8982554573692685,-0.47728006079702706,0.414949437490794
flux2,cue,zh_cn,us,cn,flux2__cue__zh_cn__cn-minus-us,960,scenario,LTO,-0.09648600357355569,-0.3943940381652246,0.20149792931990687,960,29,17,0,914,46,0.2608695652173913,0.04791666666666667,960,42,30,1,887,73,0.1643835616438356,0.07604166666666666,"('scenario', 'cue', 'zh_cn', 'us', 'cn', 'controls')",12,2.8982554573692685,-0.531881143187179,0.3389091360400677
flux2,cue,zh_cn,us,cn,flux2__cue__zh_cn__cn-minus-us,960,scenario,IVR,-0.09430646672914711,-0.20989823399612412,0.00678976903884807,960,90,7,0,863,97,0.8556701030927835,0.10104166666666667,960,77,10,1,872,88,0.7613636363636364,0.09166666666666666,"('scenario', 'cue', 'zh_cn', 'us', 'cn', 'controls')",12,2.8982554573692685,-0.2579286624163114,0.06931572895801719
flux2,cue,zh_cn,us,cn,flux2__cue__zh_cn__cn-minus-us,960,image,PDI,0.6160843166456639,0.49463442288731696,0.7411504157775242,960,20,180,3,757,203,-0.7881773399014779,0.21145833333333333,960,84,121,10,745,215,-0.17209302325581396,0.22395833333333334,"('image', 'cue', 'zh_cn', 'us', 'cn', 'controls')",12,2.8678046061633005,0.433496046881447,0.7986725864098807
flux2,cue,zh_cn,us,cn,flux2__cue__zh_cn__cn-minus-us,960,image,IDV,-0.2511978497136847,-0.33604742924416525,-0.171564860119592,960,254,117,27,562,398,0.3442211055276382,0.41458333333333336,960,202,166,19,573,387,0.09302325581395349,0.403125,"('image', 'cue', 'zh_cn', 'us', 'cn', 'controls')",12,2.8678046061633005,-0.3719752031332808,-0.13042049629408858
flux2,cue,zh_cn,us,cn,flux2__cue__zh_cn__cn-minus-us,960,image,MAS,0.08317853457172339,0.026541363088778046,0.1430692975255905,960,189,337,44,390,570,-0.2596491228070175,0.59375,960,206,305,50,399,561,-0.17647058823529413,0.584375,"('image', 'cue', 'zh_cn', 'us', 'cn', 'controls')",12,2.8678046061633005,-0.0026271081599885115,0.1689841773034353
flux2,cue,zh_cn,us,cn,flux2__cue__zh_cn__cn-minus-us,960,image,UAI,0.06572894550601555,-0.08047285537230114,0.2102599810980199,960,111,45,1,803,157,0.42038216560509556,0.16354166666666667,960,107,37,0,816,144,0.4861111111111111,0.15,"('image', 'cue', 'zh_cn', 'us', 'cn', 'controls')",12,2.8678046061633005,-0.14909976179913345,0.2805576528111645
flux2,cue,zh_cn,us,cn,flux2__cue__zh_cn__cn-minus-us,960,image,LTO,-0.18964803312629402,-0.3084685689182669,-0.07190163012399099,960,163,41,6,750,210,0.580952380952381,0.21875,960,170,71,12,707,253,0.391304347826087,0.2635416666666667,"('image', 'cue', 'zh_cn', 'us', 'cn', 'controls')",12,2.8678046061633005,-0.362899140505341,-0.01639692574724705
flux2,cue,zh_cn,us,cn,flux2__cue__zh_cn__cn-minus-us,960,image,IVR,-0.09793148028442145,-0.18197982981071217,-0.015240750034414809,960,217,16,5,722,238,0.8445378151260504,0.24791666666666667,960,190,25,6,739,221,0.746606334841629,0.23020833333333332,"('image', 'cue', 'zh_cn', 'us', 'cn', 'controls')",12,2.8678046061633005,-0.2188687939220192,0.023005833353176297
flux2_upsampler,language,none,en_us,zh_cn,flux2_upsampler__language__none__zh_cn-minus-en_us,960,scenario,PDI,0.1376745598057073,-0.014695907471450586,0.29168944452298534,960,8,99,1,852,108,-0.8425925925925926,0.1125,960,18,104,0,838,122,-0.7049180327868853,0.12708333333333333,"('scenario', 'language', 'none', 'en_us', 'zh_cn', 'main')",36,3.233445552880987,-0.11106481369619672,0.3864139333076113
flux2_upsampler,language,none,en_us,zh_cn,flux2_upsampler__language__none__zh_cn-minus-en_us,960,scenario,IDV,0.12401013620525808,0.019793479311039447,0.22659783762335828,960,214,88,6,652,308,0.4090909090909091,0.32083333333333336,960,218,65,4,673,287,0.5331010452961672,0.2989583333333333,"('scenario', 'language', 'none', 'en_us', 'zh_cn', 'main')",36,3.233445552880987,-0.045925558978416076,0.29394583138893227
flux2_upsampler,language,none,en_us,zh_cn,flux2_upsampler__language__none__zh_cn-minus-en_us,960,scenario,MAS,0.004065040650406471,-0.1490828787655413,0.15558777861426643,960,58,119,6,777,183,-0.3333333333333333,0.190625,960,52,106,6,796,164,-0.32926829268292684,0.17083333333333334,"('scenario', 'language', 'none', 'en_us', 'zh_cn', 'main')",36,3.233445552880987,-0.24697718015109854,0.2551072614519115
flux2_upsampler,language,none,en_us,zh_cn,flux2_upsampler__language__none__zh_cn-minus-en_us,960,scenario,UAI,0.04735001345170836,-0.23183740601503758,0.3261761733662693,960,22,41,0,897,63,-0.30158730158730157,0.065625,960,22,37,0,901,59,-0.2542372881355932,0.06145833333333333,"('scenario', 'language', 'none', 'en_us', 'zh_cn', 'main')",36,3.233445552880987,-0.4175144329489334,0.5122144598523501
flux2_upsampler,language,none,en_us,zh_cn,flux2_upsampler__language__none__zh_cn-minus-en_us,960,scenario,LTO,0.13656605640771896,-0.06844910782047413,0.33862683631446283,960,60,26,0,874,86,0.3953488372093023,0.08958333333333333,960,71,21,2,866,94,0.5319148936170213,0.09791666666666667,"('scenario', 'language', 'none', 'en_us', 'zh_cn', 'main')",36,3.233445552880987,-0.19908937454421066,0.4722214873596486
flux2_upsampler,language,none,en_us,zh_cn,flux2_upsampler__language__none__zh_cn-minus-en_us,960,scenario,IVR,0.040710131619222545,-0.05006289225297759,0.1284447154471545,960,124,9,2,825,135,0.8518518518518519,0.140625,960,114,6,1,839,121,0.8925619834710744,0.12604166666666666,"('scenario', 'language', 'none', 'en_us', 'zh_cn', 'main')",36,3.233445552880987,-0.10688387585660333,0.18830413909504842
flux2_upsampler,language,none,en_us,zh_cn,flux2_upsampler__language__none__zh_cn-minus-en_us,960,image,PDI,0.05636851177935254,-0.04165711959017136,0.15337297148762558,960,28,197,5,730,230,-0.7347826086956522,0.23958333333333334,960,32,186,9,733,227,-0.6784140969162996,0.23645833333333333,"('image', 'language', 'none', 'en_us', 'zh_cn', 'main')",36,3.238123151994879,-0.10477923868502559,0.21751626224373066
flux2_upsampler,language,none,en_us,zh_cn,flux2_upsampler__language__none__zh_cn-minus-en_us,960,image,IDV,0.03534965968237025,-0.03055427136831553,0.10395095470651919,960,325,146,37,452,508,0.35236220472440943,0.5291666666666667,960,312,129,31,488,472,0.3877118644067797,0.49166666666666664,"('image', 'language', 'none', 'en_us', 'zh_cn', 'main')",36,3.238123151994879,-0.07507978695640884,0.14577910632114932
flux2_upsampler,language,none,en_us,zh_cn,flux2_upsampler__language__none__zh_cn-minus-en_us,960,image,MAS,0.06892808683853457,0.016901616081097665,0.12194983511674738,960,218,386,66,290,670,-0.2507462686567164,0.6979166666666666,960,232,352,76,300,660,-0.18181818181818182,0.6875,"('image', 'language', 'none', 'en_us', 'zh_cn', 'main')",36,3.238123151994879,-0.01810793661568512,0.15596411029275425
flux2_upsampler,language,none,en_us,zh_cn,flux2_upsampler__language__none__zh_cn-minus-en_us,960,image,UAI,-0.04184704184704184,-0.1727049416207931,0.09258453190539583,960,109,81,6,764,196,0.14285714285714285,0.20416666666666666,960,105,85,8,762,198,0.10101010101010101,0.20625,"('image', 'language', 'none', 'en_us', 'zh_cn', 'main')",36,3.238123151994879,-0.2656432909336628,0.18194920723957914
flux2_upsampler,language,none,en_us,zh_cn,flux2_upsampler__language__none__zh_cn-minus-en_us,960,image,LTO,-0.10963822148577745,-0.21239318038207827,-0.007019025763599677,960,212,50,22,676,284,0.5704225352112676,0.29583333333333334,960,213,72,21,654,306,0.46078431372549017,0.31875,"('image', 'language', 'none', 'en_us', 'zh_cn', 'main')",36,3.238123151994879,-0.27699250701836775,0.05771606404681287
flux2_upsampler,language,none,en_us,zh_cn,flux2_upsampler__language__none__zh_cn-minus-en_us,960,image,IVR,0.014659384880712834,-0.04031948376136189,0.07059575367675551,960,262,22,10,666,294,0.8163265306122449,0.30625,960,256,20,8,676,284,0.8309859154929577,0.29583333333333334,"('image', 'language', 'none', 'en_us', 'zh_cn', 'main')",36,3.238123151994879,-0.0767409676048617,0.10605973736628736
flux2_upsampler,cue,en_us,none,us,flux2_upsampler__cue__en_us__us-minus-none,960,scenario,PDI,-0.0035612535612535856,-0.12337715563125398,0.11879245125207522,960,8,99,1,852,108,-0.8425925925925926,0.1125,960,9,108,0,843,117,-0.8461538461538461,0.121875,"('scenario', 'cue', 'en_us', 'none', 'us', 'main')",36,3.2325803990029582,-0.20419128585248503,0.19706877872997786
flux2_upsampler,cue,en_us,none,us,flux2_upsampler__cue__en_us__us-minus-none,960,scenario,IDV,0.10616332819722646,0.015837162756296215,0.19818366285357839,960,214,88,6,652,308,0.4090909090909091,0.32083333333333336,960,219,67,9,665,295,0.5152542372881356,0.3072916666666667,"('scenario', 'cue', 'en_us', 'none', 'us', 'main')",36,3.2325803990029582,-0.04295926500465272,0.25528592139910566
flux2_upsampler,cue,en_us,none,us,flux2_upsampler__cue__en_us__us-minus-none,960,scenario,MAS,0.06114398422090728,-0.07544520767850202,0.20015231368427558,960,58,119,6,777,183,-0.3333333333333333,0.190625,960,59,105,5,791,169,-0.27218934911242604,0.17604166666666668,"('scenario', 'cue', 'en_us', 'none', 'us', 'main')",36,3.2325803990029582,-0.16384486035173806,0.2861328287935526
flux2_upsampler,cue,en_us,none,us,flux2_upsampler__cue__en_us__us-minus-none,960,scenario,UAI,-0.031746031746031744,-0.2969702665755298,0.22328559610887183,960,22,41,0,897,63,-0.30158730158730157,0.065625,960,23,46,0,891,69,-0.3333333333333333,0.071875,"('scenario', 'cue', 'en_us', 'none', 'us', 'main')",36,3.2325803990029582,-0.4586136538810847,0.3951215903890212
flux2_upsampler,cue,en_us,none,us,flux2_upsampler__cue__en_us__us-minus-none,960,scenario,LTO,0.17465116279069764,-0.05035006766188239,0.40583194403410267,960,60,26,0,874,86,0.3953488372093023,0.08958333333333333,960,76,19,5,860,100,0.57,0.10416666666666667,"('scenario', 'cue', 'en_us', 'none', 'us', 'main')",36,3.2325803990029582,-0.20310379061880357,0.5524061162001989
flux2_upsampler,cue,en_us,none,us,flux2_upsampler__cue__en_us__us-minus-none,960,scenario,IVR,0.048857368006304136,-0.03030336076137611,0.13056841203618325,960,124,9,2,825,135,0.8518518518518519,0.140625,960,134,7,0,819,141,0.900709219858156,0.146875,"('scenario', 'cue', 'en_us', 'none', 'us', 'main')",36,3.2325803990029582,-0.08328191552074476,0.18099665153335304
flux2_upsampler,cue,en_us,none,us,flux2_upsampler__cue__en_us__us-minus-none,960,image,PDI,-0.028853754940711518,-0.11597764383705951,0.05891196683444512,960,28,197,5,730,230,-0.7347826086956522,0.23958333333333334,960,24,192,4,740,220,-0.7636363636363637,0.22916666666666666,"('image', 'cue', 'en_us', 'none', 'us', 'main')",36,3.2219506620537737,-0.17151163539964834,0.1138041255182253
flux2_upsampler,cue,en_us,none,us,flux2_upsampler__cue__en_us__us-minus-none,960,image,IDV,0.06413264063641533,0.0028329931806076987,0.1273122687485456,960,325,146,37,452,508,0.35236220472440943,0.5291666666666667,960,324,122,39,475,485,0.41649484536082476,0.5052083333333334,"('image', 'cue', 'en_us', 'none', 'us', 'main')",36,3.2219506620537737,-0.038108189076818455,0.1663734703496491
flux2_upsampler,cue,en_us,none,us,flux2_upsampler__cue__en_us__us-minus-none,960,image,MAS,0.012365459061514011,-0.041343059896525966,0.0649509397154945,960,218,386,66,290,670,-0.2507462686567164,0.6979166666666666,960,208,367,92,293,667,-0.2383808095952024,0.6947916666666667,"('image', 'cue', 'en_us', 'none', 'us', 'main')",36,3.2219506620537737,-0.07559746185976741,0.10032837998279544
flux2_upsampler,cue,en_us,none,us,flux2_upsampler__cue__en_us__us-minus-none,960,image,UAI,-0.022857142857142854,-0.16517566625651306,0.11758077122395763,960,109,81,6,764,196,0.14285714285714285,0.20416666666666666,960,110,86,4,760,200,0.12,0.20833333333333334,"('image', 'cue', 'en_us', 'none', 'us', 'main')",36,3.2219506620537737,-0.2549130558979214,0.2091987701836357
flux2_upsampler,cue,en_us,none,us,flux2_upsampler__cue__en_us__us-minus-none,960,image,LTO,0.016990052201319772,-0.07978155009132387,0.11370456668049073,960,212,50,22,676,284,0.5704225352112676,0.29583333333333334,960,218,50,18,674,286,0.5874125874125874,0.29791666666666666,"('image', 'cue', 'en_us', 'none', 'us', 'main')",36,3.2219506620537737,-0.14280022756140434,0.17678033196404389
flux2_upsampler,cue,en_us,none,us,flux2_upsampler__cue__en_us__us-minus-none,960,image,IVR,0.07293521435419803,0.024432312636325972,0.12480336532236401,960,262,22,10,666,294,0.8163265306122449,0.30625,960,279,14,5,662,298,0.889261744966443,0.3104166666666667,"('image', 'cue', 'en_us', 'none', 'us', 'main')",36,3.2219506620537737,-0.008957083086113024,0.1548275117945091
flux2_upsampler,cue,en_us,none,cn,flux2_upsampler__cue__en_us__cn-minus-none,960,scenario,PDI,0.3678451178451178,0.19172417500023287,0.549022466887073,960,8,99,1,852,108,-0.8425925925925926,0.1125,960,26,73,0,861,99,-0.47474747474747475,0.103125,"('scenario', 'cue', 'en_us', 'none', 'cn', 'main')",36,3.2138908381568254,0.07547313047457033,0.6602171052156653
flux2_upsampler,cue,en_us,none,cn,flux2_upsampler__cue__en_us__cn-minus-none,960,scenario,IDV,-0.04513331191776426,-0.136658858509836,0.04502161741902541,960,214,88,6,652,308,0.4090909090909091,0.32083333333333336,960,192,89,2,677,283,0.36395759717314485,0.2947916666666667,"('scenario', 'cue', 'en_us', 'none', 'cn', 'main')",36,3.2138908381568254,-0.19615429642356497,0.10588767258803644
flux2_upsampler,cue,en_us,none,cn,flux2_upsampler__cue__en_us__cn-minus-none,960,scenario,MAS,-0.007984031936127789,-0.15506391147244805,0.13988117773280026,960,58,119,6,777,183,-0.3333333333333333,0.190625,960,54,111,2,793,167,-0.3413173652694611,0.17395833333333333,"('scenario', 'cue', 'en_us', 'none', 'cn', 'main')",36,3.2138908381568254,-0.24639770249341417,0.2304296386211586
flux2_upsampler,cue,en_us,none,cn,flux2_upsampler__cue__en_us__cn-minus-none,960,scenario,UAI,-0.07341269841269843,-0.3550963613937712,0.2096546165636064,960,22,41,0,897,63,-0.30158730158730157,0.065625,960,15,33,0,912,48,-0.375,0.05,"('scenario', 'cue', 'en_us', 'none', 'cn', 'main')",36,3.2138908381568254,-0.539337265026402,0.39251186820100514
flux2_upsampler,cue,en_us,none,cn,flux2_upsampler__cue__en_us__cn-minus-none,960,scenario,LTO,-0.055543011966583844,-0.28066109556543534,0.1626839197688254,960,60,26,0,874,86,0.3953488372093023,0.08958333333333333,960,69,34,0,857,103,0.33980582524271846,0.10729166666666666,"('scenario', 'cue', 'en_us', 'none', 'cn', 'main')",36,3.2138908381568254,-0.42293184927601774,0.31184582534285005
flux2_upsampler,cue,en_us,none,cn,flux2_upsampler__cue__en_us__cn-minus-none,960,scenario,IVR,0.005291005291005235,-0.07633973768350118,0.08724603937779855,960,124,9,2,825,135,0.8518518518518519,0.140625,960,117,9,0,834,126,0.8571428571428571,0.13125,"('scenario', 'cue', 'en_us', 'none', 'cn', 'main')",36,3.2138908381568254,-0.12925975532839457,0.13984176591040504
flux2_upsampler,cue,en_us,none,cn,flux2_upsampler__cue__en_us__cn-minus-none,960,image,PDI,0.3367243562684677,0.2173852337192673,0.4533684226250029,960,28,197,5,730,230,-0.7347826086956522,0.23958333333333334,960,59,141,6,754,206,-0.39805825242718446,0.21458333333333332,"('image', 'cue', 'en_us', 'none', 'cn', 'main')",36,3.19842316265399,0.143505090010585,0.5299436225263504
flux2_upsampler,cue,en_us,none,cn,flux2_upsampler__cue__en_us__cn-minus-none,960,image,IDV,-0.09236220472440942,-0.16180387889496936,-0.023665870807500183,960,325,146,37,452,508,0.35236220472440943,0.5291666666666667,960,269,152,29,510,450,0.26,0.46875,"('image', 'cue', 'en_us', 'none', 'cn', 'main')",36,3.19842316265399,-0.20551310951674262,0.020788700067923785
flux2_upsampler,cue,en_us,none,cn,flux2_upsampler__cue__en_us__cn-minus-none,960,image,MAS,0.06138789619975238,0.004708377952691974,0.11726414756107521,960,218,386,66,290,670,-0.2507462686567164,0.6979166666666666,960,228,349,62,321,639,-0.18935837245696402,0.665625,"('image', 'cue', 'en_us', 'none', 'cn', 'main')",36,3.19842316265399,-0.030359056171431933,0.15313484857093668
flux2_upsampler,cue,en_us,none,cn,flux2_upsampler__cue__en_us__cn-minus-none,960,image,UAI,-0.014808362369337968,-0.17048265649175934,0.1425697395746618,960,109,81,6,764,196,0.14285714285714285,0.20416666666666666,960,91,70,3,796,164,0.12804878048780488,0.17083333333333334,"('image', 'cue', 'en_us', 'none', 'cn', 'main')",36,3.19842316265399,-0.27209808584402406,0.24248136110534813
flux2_upsampler,cue,en_us,none,cn,flux2_upsampler__cue__en_us__cn-minus-none,960,image,LTO,-0.1335293313277725,-0.23240654131695687,-0.03106987079008048,960,212,50,22,676,284,0.5704225352112676,0.29583333333333334,960,211,76,22,651,309,0.4368932038834951,0.321875,"('image', 'cue', 'en_us', 'none', 'cn', 'main')",36,3.19842316265399,-0.2987763757635416,0.03171771310799659
flux2_upsampler,cue,en_us,none,cn,flux2_upsampler__cue__en_us__cn-minus-none,960,image,IVR,0.03976203027336389,-0.02408539147283945,0.10392285623728865,960,262,22,10,666,294,0.8163265306122449,0.30625,960,249,17,5,689,271,0.8560885608856088,0.28229166666666666,"('image', 'cue', 'en_us', 'none', 'cn', 'main')",36,3.19842316265399,-0.06655945100610823,0.146083511552836
flux2_upsampler,cue,en_us,us,cn,flux2_upsampler__cue__en_us__cn-minus-us,960,scenario,PDI,0.3714063714063714,0.20989855983484249,0.5373375213885996,960,9,108,0,843,117,-0.8461538461538461,0.121875,960,26,73,0,861,99,-0.47474747474747475,0.103125,"('scenario', 'cue', 'en_us', 'us', 'cn', 'main')",36,3.218597707435744,0.10176671028284184,0.641046032529901
flux2_upsampler,cue,en_us,us,cn,flux2_upsampler__cue__en_us__cn-minus-us,960,scenario,IDV,-0.15129664011499072,-0.2518004888693547,-0.052554841262142396,960,219,67,9,665,295,0.5152542372881356,0.3072916666666667,960,192,89,2,677,283,0.36395759717314485,0.2947916666666667,"('scenario', 'cue', 'en_us', 'us', 'cn', 'main')",36,3.218597707435744,-0.3137873195865825,0.011194039356601071
flux2_upsampler,cue,en_us,us,cn,flux2_upsampler__cue__en_us__cn-minus-us,960,scenario,MAS,-0.06912801615703507,-0.21342442023515232,0.07150976225234264,960,59,105,5,791,169,-0.27218934911242604,0.17604166666666668,960,54,111,2,793,167,-0.3413173652694611,0.17395833333333333,"('scenario', 'cue', 'en_us', 'us', 'cn', 'main')",36,3.218597707435744,-0.30085925978401323,0.1626032274699431
flux2_upsampler,cue,en_us,us,cn,flux2_upsampler__cue__en_us__cn-minus-us,960,scenario,UAI,-0.041666666666666685,-0.3145835507775806,0.23195427826425594,960,23,46,0,891,69,-0.3333333333333333,0.071875,960,15,33,0,912,48,-0.375,0.05,"('scenario', 'cue', 'en_us', 'us', 'cn', 'main')",36,3.218597707435744,-0.491007168565278,0.4076738352319446
flux2_upsampler,cue,en_us,us,cn,flux2_upsampler__cue__en_us__cn-minus-us,960,scenario,LTO,-0.2301941747572815,-0.42769929131003215,-0.040449936782727264,960,76,19,5,860,100,0.57,0.10416666666666667,960,69,34,0,857,103,0.33980582524271846,0.10729166666666666,"('scenario', 'cue', 'en_us', 'us', 'cn', 'main')",36,3.218597707435744,-0.5521285472407576,0.09174019772619452
flux2_upsampler,cue,en_us,us,cn,flux2_upsampler__cue__en_us__cn-minus-us,960,scenario,IVR,-0.0435663627152989,-0.1260262611041573,0.03666778774960858,960,134,7,0,819,141,0.900709219858156,0.146875,960,117,9,0,834,126,0.8571428571428571,0.13125,"('scenario', 'cue', 'en_us', 'us', 'cn', 'main')",36,3.218597707435744,-0.17920553006163487,0.09207280463103706
flux2_upsampler,cue,en_us,us,cn,flux2_upsampler__cue__en_us__cn-minus-us,960,image,PDI,0.3655781112091792,0.24244555411891838,0.4920619073453791,960,24,192,4,740,220,-0.7636363636363637,0.22916666666666666,960,59,141,6,754,206,-0.39805825242718446,0.21458333333333332,"('image', 'cue', 'en_us', 'us', 'cn', 'main')",36,3.1913567596991164,0.1659076592480129,0.5652485631703456
flux2_upsampler,cue,en_us,us,cn,flux2_upsampler__cue__en_us__cn-minus-us,960,image,IDV,-0.15649484536082475,-0.226871266558633,-0.08766472479938955,960,324,122,39,475,485,0.41649484536082476,0.5052083333333334,960,269,152,29,510,450,0.26,0.46875,"('image', 'cue', 'en_us', 'us', 'cn', 'main')",36,3.1913567596991164,-0.27189472569734474,-0.04109496502430478
flux2_upsampler,cue,en_us,us,cn,flux2_upsampler__cue__en_us__cn-minus-us,960,image,MAS,0.04902243713823837,-0.009107484345068794,0.10429876293788368,960,208,367,92,293,667,-0.2383808095952024,0.6947916666666667,960,228,349,62,321,639,-0.18935837245696402,0.665625,"('image', 'cue', 'en_us', 'us', 'cn', 'main')",36,3.1913567596991164,-0.042500297255609526,0.14054517153208626
flux2_upsampler,cue,en_us,us,cn,flux2_upsampler__cue__en_us__cn-minus-us,960,image,UAI,0.008048780487804885,-0.14395792491094608,0.1584022385673675,960,110,86,4,760,200,0.12,0.20833333333333334,960,91,70,3,796,164,0.12804878048780488,0.17083333333333334,"('image', 'cue', 'en_us', 'us', 'cn', 'main')",36,3.1913567596991164,-0.2376108389757746,0.2537083999513844
flux2_upsampler,cue,en_us,us,cn,flux2_upsampler__cue__en_us__cn-minus-us,960,image,LTO,-0.15051938352909228,-0.24615828752823904,-0.05616251882942161,960,218,50,18,674,286,0.5874125874125874,0.29791666666666666,960,211,76,22,651,309,0.4368932038834951,0.321875,"('image', 'cue', 'en_us', 'us', 'cn', 'main')",36,3.1913567596991164,-0.3047034719938051,0.003664704935620572
flux2_upsampler,cue,en_us,us,cn,flux2_upsampler__cue__en_us__cn-minus-us,960,image,IVR,-0.03317318408083414,-0.0922825217053181,0.0220211095501258,960,279,14,5,662,298,0.889261744966443,0.3104166666666667,960,249,17,5,689,271,0.8560885608856088,0.28229166666666666,"('image', 'cue', 'en_us', 'us', 'cn', 'main')",36,3.1913567596991164,-0.12473871935861369,0.05839235119694541
flux2_upsampler,cue,zh_cn,none,us,flux2_upsampler__cue__zh_cn__us-minus-none,960,scenario,PDI,-0.1898188093183779,-0.3214421252371916,-0.0628763439726186,960,18,104,0,838,122,-0.7049180327868853,0.12708333333333333,960,6,108,0,846,114,-0.8947368421052632,0.11875,"('scenario', 'cue', 'zh_cn', 'none', 'us', 'main')",36,3.2236370477120615,-0.40181072312149163,0.022173104484735806
flux2_upsampler,cue,zh_cn,none,us,flux2_upsampler__cue__zh_cn__us-minus-none,960,scenario,IDV,-0.017530111040111818,-0.11380134541993998,0.07821725031037287,960,218,65,4,673,287,0.5331010452961672,0.2989583333333333,960,218,69,2,671,289,0.5155709342560554,0.30104166666666665,"('scenario', 'cue', 'zh_cn', 'none', 'us', 'main')",36,3.2236370477120615,-0.1766867711926294,0.14162654911240577
flux2_upsampler,cue,zh_cn,none,us,flux2_upsampler__cue__zh_cn__us-minus-none,960,scenario,MAS,0.061294436473776526,-0.08949856339277465,0.2226979110414693,960,52,106,6,796,164,-0.32926829268292684,0.17083333333333334,960,54,95,4,807,153,-0.2679738562091503,0.159375,"('scenario', 'cue', 'zh_cn', 'none', 'us', 'main')",36,3.2236370477120615,-0.19232000037312658,0.3149088733206796
flux2_upsampler,cue,zh_cn,none,us,flux2_upsampler__cue__zh_cn__us-minus-none,960,scenario,UAI,0.06125483199524234,-0.16280426356589148,0.2843181818181818,960,22,37,0,901,59,-0.2542372881355932,0.06145833333333333,960,23,34,0,903,57,-0.19298245614035087,0.059375,"('scenario', 'cue', 'zh_cn', 'none', 'us', 'main')",36,3.2236370477120615,-0.3080497465866744,0.4305594105771591
flux2_upsampler,cue,zh_cn,none,us,flux2_upsampler__cue__zh_cn__us-minus-none,960,scenario,LTO,-0.20969267139479902,-0.41351866252408087,-0.007842783002993516,960,71,21,2,866,94,0.5319148936170213,0.09791666666666667,960,58,29,3,870,90,0.32222222222222224,0.09375,"('scenario', 'cue', 'zh_cn', 'none', 'us', 'main')",36,3.2236370477120615,-0.543573377458979,0.124188034669381
flux2_upsampler,cue,zh_cn,none,us,flux2_upsampler__cue__zh_cn__us-minus-none,960,scenario,IVR,0.03426728482160857,-0.051943549516739004,0.12098791668560188,960,114,6,1,839,121,0.8925619834710744,0.12604166666666666,960,118,4,1,837,123,0.926829268292683,0.128125,"('scenario', 'cue', 'zh_cn', 'none', 'us', 'main')",36,3.2236370477120615,-0.10895835359248371,0.17749292323570084
flux2_upsampler,cue,zh_cn,none,us,flux2_upsampler__cue__zh_cn__us-minus-none,960,image,PDI,-0.055230762896784524,-0.1456526901188027,0.031974395984453445,960,32,186,9,733,227,-0.6784140969162996,0.23645833333333333,960,26,183,5,746,214,-0.7336448598130841,0.22291666666666668,"('image', 'cue', 'zh_cn', 'none', 'us', 'main')",36,3.220442828586036,-0.20152399062558923,0.09106246483202018
flux2_upsampler,cue,zh_cn,none,us,flux2_upsampler__cue__zh_cn__us-minus-none,960,image,IDV,0.051713186927922594,-0.01670422055289314,0.11862825743351442,960,312,129,31,488,472,0.3877118644067797,0.49166666666666664,960,336,122,29,473,487,0.4394250513347023,0.5072916666666667,"('image', 'cue', 'zh_cn', 'none', 'us', 'main')",36,3.220442828586036,-0.059419934675641675,0.16284630853148685
flux2_upsampler,cue,zh_cn,none,us,flux2_upsampler__cue__zh_cn__us-minus-none,960,image,MAS,0.0012626262626262708,-0.050244218977412256,0.053554172450740144,960,232,352,76,300,660,-0.18181818181818182,0.6875,960,219,336,93,312,648,-0.18055555555555555,0.675,"('image', 'cue', 'zh_cn', 'none', 'us', 'main')",36,3.220442828586036,-0.08504747102948605,0.0875727235547386
flux2_upsampler,cue,zh_cn,none,us,flux2_upsampler__cue__zh_cn__us-minus-none,960,image,UAI,0.002438174851967956,-0.13810310628307138,0.13941273142211089,960,105,85,8,762,198,0.10101010101010101,0.20625,960,108,87,8,757,203,0.10344827586206896,0.21145833333333333,"('image', 'cue', 'zh_cn', 'none', 'us', 'main')",36,3.220442828586036,-0.2263286519790885,0.2312050016830244
flux2_upsampler,cue,zh_cn,none,us,flux2_upsampler__cue__zh_cn__us-minus-none,960,image,LTO,0.13633798843278316,0.04019639837085086,0.2342049012380611,960,213,72,21,654,306,0.46078431372549017,0.31875,960,211,45,22,682,278,0.5971223021582733,0.28958333333333336,"('image', 'cue', 'zh_cn', 'none', 'us', 'main')",36,3.220442828586036,-0.025842453232636897,0.2985184300982032
flux2_upsampler,cue,zh_cn,none,us,flux2_upsampler__cue__zh_cn__us-minus-none,960,image,IVR,0.029308202154101126,-0.029743424794786408,0.09085721181696702,960,256,20,8,676,284,0.8309859154929577,0.29583333333333334,960,248,14,10,688,272,0.8602941176470589,0.2833333333333333,"('image', 'cue', 'zh_cn', 'none', 'us', 'main')",36,3.220442828586036,-0.06789658685504596,0.1265129911632482
flux2_upsampler,cue,zh_cn,none,cn,flux2_upsampler__cue__zh_cn__cn-minus-none,960,scenario,PDI,0.26424006668519034,0.11240219606498675,0.4223856108895478,960,18,104,0,838,122,-0.7049180327868853,0.12708333333333333,960,33,85,0,842,118,-0.4406779661016949,0.12291666666666666,"('scenario', 'cue', 'zh_cn', 'none', 'cn', 'main')",36,3.2143322466276536,0.008050240964780131,0.5204298924056006
flux2_upsampler,cue,zh_cn,none,cn,flux2_upsampler__cue__zh_cn__cn-minus-none,960,scenario,IDV,-0.13066202090592327,-0.24108652943924933,-0.022652109841981762,960,218,65,4,673,287,0.5331010452961672,0.2989583333333333,960,171,72,3,714,246,0.4024390243902439,0.25625,"('scenario', 'cue', 'zh_cn', 'none', 'cn', 'main')",36,3.2143322466276536,-0.3089310372910406,0.04760699547919406
flux2_upsampler,cue,zh_cn,none,cn,flux2_upsampler__cue__zh_cn__cn-minus-none,960,scenario,MAS,0.05116178380718722,-0.0891119872483506,0.19850092049588453,960,52,106,6,796,164,-0.32926829268292684,0.17083333333333334,960,60,107,2,791,169,-0.2781065088757396,0.17604166666666668,"('scenario', 'cue', 'zh_cn', 'none', 'cn', 'main')",36,3.2143322466276536,-0.1876708865211001,0.28999445413547453
flux2_upsampler,cue,zh_cn,none,cn,flux2_upsampler__cue__zh_cn__cn-minus-none,960,scenario,UAI,0.08757062146892655,-0.19865523221864895,0.38388490969196243,960,22,37,0,901,59,-0.2542372881355932,0.06145833333333333,960,22,31,1,906,54,-0.16666666666666666,0.05625,"('scenario', 'cue', 'zh_cn', 'none', 'cn', 'main')",36,3.2143322466276536,-0.38873982754582237,0.5638810704836754
flux2_upsampler,cue,zh_cn,none,cn,flux2_upsampler__cue__zh_cn__cn-minus-none,960,scenario,LTO,-0.3273694390715667,-0.5548683932027093,-0.09468665851253473,960,71,21,2,866,94,0.5319148936170213,0.09791666666666667,960,51,33,4,872,88,0.20454545454545456,0.09166666666666666,"('scenario', 'cue', 'zh_cn', 'none', 'cn', 'main')",36,3.2143322466276536,-0.7082702618425136,0.05353138369938021
flux2_upsampler,cue,zh_cn,none,cn,flux2_upsampler__cue__zh_cn__cn-minus-none,960,scenario,IVR,0.02340440308354741,-0.06247349424054645,0.11267375574846704,960,114,6,1,839,121,0.8925619834710744,0.12604166666666666,960,114,5,0,841,119,0.9159663865546218,0.12395833333333334,"('scenario', 'cue', 'zh_cn', 'none', 'cn', 'main')",36,3.2143322466276536,-0.12115228733938954,0.16796109350648436
flux2_upsampler,cue,zh_cn,none,cn,flux2_upsampler__cue__zh_cn__cn-minus-none,960,image,PDI,0.22140052225566614,0.1091241649489534,0.3338175224459201,960,32,186,9,733,227,-0.6784140969162996,0.23645833333333333,960,56,157,8,739,221,-0.45701357466063347,0.23020833333333332,"('image', 'cue', 'zh_cn', 'none', 'cn', 'main')",36,3.209057078060957,0.03961146293648843,0.40318958157484386
flux2_upsampler,cue,zh_cn,none,cn,flux2_upsampler__cue__zh_cn__cn-minus-none,960,image,IDV,-0.21360472154963683,-0.29320790035048816,-0.14138076456981763,960,312,129,31,488,472,0.3877118644067797,0.49166666666666664,960,246,168,34,512,448,0.17410714285714285,0.4666666666666667,"('image', 'cue', 'zh_cn', 'none', 'cn', 'main')",36,3.209057078060957,-0.33825439272004787,-0.08895505037922583
flux2_upsampler,cue,zh_cn,none,cn,flux2_upsampler__cue__zh_cn__cn-minus-none,960,image,MAS,-0.011730205278592365,-0.0676087314590023,0.04499814179206148,960,232,352,76,300,660,-0.18181818181818182,0.6875,960,230,356,65,309,651,-0.1935483870967742,0.678125,"('image', 'cue', 'zh_cn', 'none', 'cn', 'main')",36,3.209057078060957,-0.10407777219498916,0.08061736163780443
flux2_upsampler,cue,zh_cn,none,cn,flux2_upsampler__cue__zh_cn__cn-minus-none,960,image,UAI,0.17546048722519314,0.02367187625316574,0.3269963004637207,960,105,85,8,762,198,0.10101010101010101,0.20625,960,106,59,5,790,170,0.27647058823529413,0.17708333333333334,"('image', 'cue', 'zh_cn', 'none', 'cn', 'main')",36,3.209057078060957,-0.07186707755458027,0.42278805200496655
flux2_upsampler,cue,zh_cn,none,cn,flux2_upsampler__cue__zh_cn__cn-minus-none,960,image,LTO,0.08707047175305765,-0.015322829131652657,0.19152874255182817,960,213,72,21,654,306,0.46078431372549017,0.31875,960,224,58,21,657,303,0.5478547854785478,0.315625,"('image', 'cue', 'zh_cn', 'none', 'cn', 'main')",36,3.209057078060957,-0.08005976408335982,0.2542007075894751
flux2_upsampler,cue,zh_cn,none,cn,flux2_upsampler__cue__zh_cn__cn-minus-none,960,image,IVR,-0.06381034297387378,-0.13689916250721323,0.011700380958936734,960,256,20,8,676,284,0.8309859154929577,0.29583333333333334,960,227,26,9,698,262,0.767175572519084,0.27291666666666664,"('image', 'cue', 'zh_cn', 'none', 'cn', 'main')",36,3.209057078060957,-0.18452555998047024,0.05690487403272268
flux2_upsampler,cue,zh_cn,us,cn,flux2_upsampler__cue__zh_cn__cn-minus-us,960,scenario,PDI,0.45405887600356826,0.2877388425726022,0.6244316755620838,960,6,108,0,846,114,-0.8947368421052632,0.11875,960,33,85,0,842,118,-0.4406779661016949,0.12291666666666666,"('scenario', 'cue', 'zh_cn', 'us', 'cn', 'main')",36,3.253321337831351,0.17515405313470123,0.7329636988724353
flux2_upsampler,cue,zh_cn,us,cn,flux2_upsampler__cue__zh_cn__cn-minus-us,960,scenario,IDV,-0.11313190986581145,-0.22647622735052275,-0.004554725743520694,960,218,69,2,671,289,0.5155709342560554,0.30104166666666665,960,171,72,3,714,246,0.4024390243902439,0.25625,"('scenario', 'cue', 'zh_cn', 'us', 'cn', 'main')",36,3.253321337831351,-0.2981849978398103,0.07192117810818738
flux2_upsampler,cue,zh_cn,us,cn,flux2_upsampler__cue__zh_cn__cn-minus-us,960,scenario,MAS,-0.010132652666589304,-0.1608976774666134,0.13850936036341058,960,54,95,4,807,153,-0.2679738562091503,0.159375,960,60,107,2,791,169,-0.2781065088757396,0.17604166666666668,"('scenario', 'cue', 'zh_cn', 'us', 'cn', 'main')",36,3.253321337831351,-0.2584480413694802,0.23818273603630155
flux2_upsampler,cue,zh_cn,us,cn,flux2_upsampler__cue__zh_cn__cn-minus-us,960,scenario,UAI,0.02631578947368421,-0.25336918382913803,0.3075798772530786,960,23,34,0,903,57,-0.19298245614035087,0.059375,960,22,31,1,906,54,-0.16666666666666666,0.05625,"('scenario', 'cue', 'zh_cn', 'us', 'cn', 'main')",36,3.253321337831351,-0.4399917289302788,0.4926233078776472
flux2_upsampler,cue,zh_cn,us,cn,flux2_upsampler__cue__zh_cn__cn-minus-us,960,scenario,LTO,-0.11767676767676769,-0.3506493506493506,0.10931238506856691,960,58,29,3,870,90,0.32222222222222224,0.09375,960,51,33,4,872,88,0.20454545454545456,0.09166666666666666,"('scenario', 'cue', 'zh_cn', 'us', 'cn', 'main')",36,3.253321337831351,-0.5036797051012254,0.26832616974768997
flux2_upsampler,cue,zh_cn,us,cn,flux2_upsampler__cue__zh_cn__cn-minus-us,960,scenario,IVR,-0.010862881738061159,-0.1021846465732336,0.0795537528613754,960,118,4,1,837,123,0.926829268292683,0.128125,960,114,5,0,841,119,0.9159663865546218,0.12395833333333334,"('scenario', 'cue', 'zh_cn', 'us', 'cn', 'main')",36,3.253321337831351,-0.15946550241930757,0.13773973894318525
flux2_upsampler,cue,zh_cn,us,cn,flux2_upsampler__cue__zh_cn__cn-minus-us,960,image,PDI,0.27663128515245067,0.1654624181993767,0.38603543145503116,960,26,183,5,746,214,-0.7336448598130841,0.22291666666666668,960,56,157,8,739,221,-0.45701357466063347,0.23020833333333332,"('image', 'cue', 'zh_cn', 'us', 'cn', 'main')",36,3.217654852257405,0.09092988764615426,0.46233268265874705
flux2_upsampler,cue,zh_cn,us,cn,flux2_upsampler__cue__zh_cn__cn-minus-us,960,image,IDV,-0.2653179084775594,-0.3423679890231748,-0.19065917106231905,960,336,122,29,473,487,0.4394250513347023,0.5072916666666667,960,246,168,34,512,448,0.17410714285714285,0.4666666666666667,"('image', 'cue', 'zh_cn', 'us', 'cn', 'main')",36,3.217654852257405,-0.39165220214818186,-0.13898361480693697
flux2_upsampler,cue,zh_cn,us,cn,flux2_upsampler__cue__zh_cn__cn-minus-us,960,image,MAS,-0.012992831541218636,-0.06908699438926065,0.04243317449627999,960,219,336,93,312,648,-0.18055555555555555,0.675,960,230,356,65,309,651,-0.1935483870967742,0.678125,"('image', 'cue', 'zh_cn', 'us', 'cn', 'main')",36,3.217654852257405,-0.10415393313128088,0.07816827004884361
flux2_upsampler,cue,zh_cn,us,cn,flux2_upsampler__cue__zh_cn__cn-minus-us,960,image,UAI,0.17302231237322518,0.029221859243767884,0.3191394604549991,960,108,87,8,757,203,0.10344827586206896,0.21145833333333333,960,106,59,5,790,170,0.27647058823529413,0.17708333333333334,"('image', 'cue', 'zh_cn', 'us', 'cn', 'main')",36,3.217654852257405,-0.06668555692180686,0.41273018166825726
flux2_upsampler,cue,zh_cn,us,cn,flux2_upsampler__cue__zh_cn__cn-minus-us,960,image,LTO,-0.04926751667972551,-0.14724244782608817,0.04962718879011732,960,211,45,22,682,278,0.5971223021582733,0.28958333333333336,960,224,58,21,657,303,0.5478547854785478,0.315625,"('image', 'cue', 'zh_cn', 'us', 'cn', 'main')",36,3.217654852257405,-0.2120422678282648,0.11350723446881378
flux2_upsampler,cue,zh_cn,us,cn,flux2_upsampler__cue__zh_cn__cn-minus-us,960,image,IVR,-0.0931185451279749,-0.1644838094700792,-0.027551747473432527,960,248,14,10,688,272,0.8602941176470589,0.2833333333333333,960,227,26,9,698,262,0.767175572519084,0.27291666666666664,"('image', 'cue', 'zh_cn', 'us', 'cn', 'main')",36,3.217654852257405,-0.20543027731340513,0.019193187057455305
hidream,language,none,en_us,zh_cn,hidream__language__none__zh_cn-minus-en_us,960,scenario,PDI,0.0711068211068211,-0.008355771714905107,0.15930279006882975,960,2,109,0,849,111,-0.963963963963964,0.115625,960,6,106,0,848,112,-0.8928571428571429,0.11666666666666667,"('scenario', 'language', 'none', 'en_us', 'zh_cn', 'controls')",12,2.883923896743369,-0.053807852959276245,0.19602149517291845
hidream,language,none,en_us,zh_cn,hidream__language__none__zh_cn-minus-en_us,960,scenario,IDV,-0.19937404838436812,-0.32929587166774654,-0.07159479935383598,960,162,94,1,703,257,0.26459143968871596,0.2677083333333333,960,122,107,1,730,230,0.06521739130434782,0.23958333333333334,"('scenario', 'language', 'none', 'en_us', 'zh_cn', 'controls')",12,2.883923896743369,-0.3884454908113606,-0.010302605957375671
hidream,language,none,en_us,zh_cn,hidream__language__none__zh_cn-minus-en_us,960,scenario,MAS,0.07697335738750749,-0.055348657398767695,0.20959249634447902,960,56,127,0,777,183,-0.3879781420765027,0.190625,960,72,137,0,751,209,-0.31100478468899523,0.21770833333333334,"('scenario', 'language', 'none', 'en_us', 'zh_cn', 'controls')",12,2.883923896743369,-0.11649687141513937,0.27044358619015435
hidream,language,none,en_us,zh_cn,hidream__language__none__zh_cn-minus-en_us,960,scenario,UAI,-0.1313598519888992,-0.326530612244898,0.04255319148936165,960,4,42,0,914,46,-0.8260869565217391,0.04791666666666667,960,1,46,0,913,47,-0.9574468085106383,0.04895833333333333,"('scenario', 'language', 'none', 'en_us', 'zh_cn', 'controls')",12,2.883923896743369,-0.3998789401779953,0.13715923620019688
hidream,language,none,en_us,zh_cn,hidream__language__none__zh_cn-minus-en_us,960,scenario,LTO,-0.023860021208907733,-0.2842569469894004,0.24401933075076285,960,45,24,0,891,69,0.30434782608695654,0.071875,960,52,29,1,878,82,0.2804878048780488,0.08541666666666667,"('scenario', 'language', 'none', 'en_us', 'zh_cn', 'controls')",12,2.883923896743369,-0.408938033373336,0.36121799095552054
hidream,language,none,en_us,zh_cn,hidream__language__none__zh_cn-minus-en_us,960,scenario,IVR,-0.009381237524950126,-0.04849166773217404,0.02673520038693719,960,165,2,0,793,167,0.9760479041916168,0.17395833333333333,960,177,3,0,780,180,0.9666666666666667,0.1875,"('scenario', 'language', 'none', 'en_us', 'zh_cn', 'controls')",12,2.883923896743369,-0.0649147971727681,0.04615232212286785
hidream,language,none,en_us,zh_cn,hidream__language__none__zh_cn-minus-en_us,960,image,PDI,0.04164973587972376,-0.034940476190476175,0.11937994711828367,960,9,204,1,746,214,-0.9112149532710281,0.22291666666666668,960,12,192,3,753,207,-0.8695652173913043,0.215625,"('image', 'language', 'none', 'en_us', 'zh_cn', 'controls')",12,2.8446040844010736,-0.06998164109624448,0.15328111285569201
hidream,language,none,en_us,zh_cn,hidream__language__none__zh_cn-minus-en_us,960,image,IDV,-0.035553047404063204,-0.11355911943927324,0.04098260737792747,960,265,153,30,512,448,0.25,0.4666666666666667,960,258,163,22,517,443,0.2144469525959368,0.46145833333333336,"('image', 'language', 'none', 'en_us', 'zh_cn', 'controls')",12,2.8446040844010736,-0.14755248375281127,0.07644638894468486
hidream,language,none,en_us,zh_cn,hidream__language__none__zh_cn-minus-en_us,960,image,MAS,0.033167173046488196,-0.024077879741307904,0.09043289794138228,960,208,432,43,277,683,-0.3279648609077599,0.7114583333333333,960,224,428,40,268,692,-0.2947976878612717,0.7208333333333333,"('image', 'language', 'none', 'en_us', 'zh_cn', 'controls')",12,2.8446040844010736,-0.050051189741243576,0.11638553583421997
hidream,language,none,en_us,zh_cn,hidream__language__none__zh_cn-minus-en_us,960,image,UAI,-0.11387088410681873,-0.29677836553707043,0.06644057663941208,960,53,91,1,815,145,-0.2620689655172414,0.15104166666666666,960,41,91,1,827,133,-0.37593984962406013,0.13854166666666667,"('image', 'language', 'none', 'en_us', 'zh_cn', 'controls')",12,2.8446040844010736,-0.3725607427860263,0.14481897457238885
hidream,language,none,en_us,zh_cn,hidream__language__none__zh_cn-minus-en_us,960,image,LTO,-0.012500000000000067,-0.1255524441435047,0.10279740545399939,960,177,44,7,732,228,0.5833333333333334,0.2375,960,183,46,11,720,240,0.5708333333333333,0.25,"('image', 'language', 'none', 'en_us', 'zh_cn', 'controls')",12,2.8446040844010736,-0.17966518723062538,0.15466518723062525
hidream,language,none,en_us,zh_cn,hidream__language__none__zh_cn-minus-en_us,960,image,IVR,-0.025837360439926682,-0.07091931117088733,0.017863542484474533,960,328,11,1,620,340,0.9323529411764706,0.3541666666666667,960,336,16,1,607,353,0.9065155807365439,0.36770833333333336,"('image', 'language', 'none', 'en_us', 'zh_cn', 'controls')",12,2.8446040844010736,-0.08996389277506277,0.0382891718952094
hidream,cue,en_us,none,us,hidream__cue__en_us__us-minus-none,960,scenario,PDI,0.011208058452153002,-0.011204481792717047,0.04878107130353604,960,2,109,0,849,111,-0.963963963963964,0.115625,960,3,124,0,833,127,-0.952755905511811,0.13229166666666667,"('scenario', 'cue', 'en_us', 'none', 'us', 'controls')",12,2.980245123176283,-0.036750066852739044,0.05916618375704505
hidream,cue,en_us,none,us,hidream__cue__en_us__us-minus-none,960,scenario,IDV,-0.051825482241907445,-0.15791024662648245,0.06034857537950892,960,162,94,1,703,257,0.26459143968871596,0.2677083333333333,960,142,92,1,725,235,0.2127659574468085,0.24479166666666666,"('scenario', 'cue', 'en_us', 'none', 'us', 'controls')",12,2.980245123176283,-0.21790271609055198,0.11425175160673709
hidream,cue,en_us,none,us,hidream__cue__en_us__us-minus-none,960,scenario,MAS,0.027513025797432977,-0.09052210024555832,0.14311489048204773,960,56,127,0,777,183,-0.3879781420765027,0.190625,960,55,117,0,788,172,-0.36046511627906974,0.17916666666666667,"('scenario', 'cue', 'en_us', 'none', 'us', 'controls')",12,2.980245123176283,-0.154118726941671,0.20914477853653696
hidream,cue,en_us,none,us,hidream__cue__en_us__us-minus-none,960,scenario,UAI,-0.07391304347826089,-0.2172973103248819,0.026484363304354355,960,4,42,0,914,46,-0.8260869565217391,0.04791666666666667,960,2,38,0,920,40,-0.9,0.041666666666666664,"('scenario', 'cue', 'en_us', 'none', 'us', 'controls')",12,2.980245123176283,-0.26371846110462427,0.11589237414810252
hidream,cue,en_us,none,us,hidream__cue__en_us__us-minus-none,960,scenario,LTO,-0.13768115942028988,-0.37595212779423304,0.11018091857119221,960,45,24,0,891,69,0.30434782608695654,0.071875,960,35,25,0,900,60,0.16666666666666666,0.0625,"('scenario', 'cue', 'en_us', 'none', 'us', 'controls')",12,2.980245123176283,-0.5080528651498863,0.23269054630930655
hidream,cue,en_us,none,us,hidream__cue__en_us__us-minus-none,960,scenario,IVR,-0.010530662812306413,-0.06282722513089001,0.03797570184819785,960,165,2,0,793,167,0.9760479041916168,0.17395833333333333,960,171,3,0,786,174,0.9655172413793104,0.18125,"('scenario', 'cue', 'en_us', 'none', 'us', 'controls')",12,2.980245123176283,-0.08774779566619607,0.06668647004158325
hidream,cue,en_us,none,us,hidream__cue__en_us__us-minus-none,960,image,PDI,0.05883400089007573,-0.011367353606803732,0.13236091658885762,960,9,204,1,746,214,-0.9112149532710281,0.22291666666666668,960,14,193,3,750,210,-0.8523809523809524,0.21875,"('image', 'cue', 'en_us', 'none', 'us', 'controls')",12,2.881290087775408,-0.04765160236939915,0.1653196041495506
hidream,cue,en_us,none,us,hidream__cue__en_us__us-minus-none,960,image,IDV,-0.03587699316628701,-0.10899972939478862,0.040811992148713,960,265,153,30,512,448,0.25,0.4666666666666667,960,249,155,35,521,439,0.214123006833713,0.45729166666666665,"('image', 'cue', 'en_us', 'none', 'us', 'controls')",12,2.881290087775408,-0.14789193608920853,0.07613794975663452
hidream,cue,en_us,none,us,hidream__cue__en_us__us-minus-none,960,image,MAS,0.0002209584687354882,-0.047191940802749896,0.04805264016177425,960,208,432,43,277,683,-0.3279648609077599,0.7114583333333333,960,200,415,41,304,656,-0.3277439024390244,0.6833333333333333,"('image', 'cue', 'en_us', 'none', 'us', 'controls')",12,2.881290087775408,-0.07043768885141262,0.0708796057888836
hidream,cue,en_us,none,us,hidream__cue__en_us__us-minus-none,960,image,UAI,0.039846743295019194,-0.12284521422189694,0.2027342585970558,960,53,91,1,815,145,-0.2620689655172414,0.15104166666666666,960,56,88,0,816,144,-0.2222222222222222,0.15,"('image', 'cue', 'en_us', 'none', 'us', 'controls')",12,2.881290087775408,-0.19966525005712044,0.2793587366471588
hidream,cue,en_us,none,us,hidream__cue__en_us__us-minus-none,960,image,LTO,-0.019333333333333425,-0.11947808963488454,0.0798545419351168,960,177,44,7,732,228,0.5833333333333334,0.2375,960,191,50,9,710,250,0.564,0.2604166666666667,"('image', 'cue', 'en_us', 'none', 'us', 'controls')",12,2.881290087775408,-0.16756632015186546,0.1288996534851986
hidream,cue,en_us,none,us,hidream__cue__en_us__us-minus-none,960,image,IVR,0.011624649859943936,-0.01482673635524225,0.04030921547507394,960,328,11,1,620,340,0.9323529411764706,0.3541666666666667,960,346,9,2,603,357,0.9439775910364145,0.371875,"('image', 'cue', 'en_us', 'none', 'us', 'controls')",12,2.881290087775408,-0.0290347713741401,0.052284071094027974
hidream,cue,en_us,none,cn,hidream__cue__en_us__cn-minus-none,960,scenario,PDI,0.23580862415813875,0.09948226720095071,0.3766216660014471,960,2,109,0,849,111,-0.963963963963964,0.115625,960,14,89,0,857,103,-0.7281553398058253,0.10729166666666666,"('scenario', 'cue', 'en_us', 'none', 'cn', 'controls')",12,2.8677783648291064,0.031302872978479224,0.44031437533779827
hidream,cue,en_us,none,cn,hidream__cue__en_us__cn-minus-none,960,scenario,IDV,-0.22326912563912918,-0.33360098274394295,-0.10954326822346201,960,162,94,1,703,257,0.26459143968871596,0.2677083333333333,960,125,115,2,718,242,0.04132231404958678,0.2520833333333333,"('scenario', 'cue', 'en_us', 'none', 'cn', 'controls')",12,2.8677783648291064,-0.3888350689035348,-0.05770318237472352
hidream,cue,en_us,none,cn,hidream__cue__en_us__cn-minus-none,960,scenario,MAS,-0.026656004264960675,-0.1609210265869399,0.10670720760622128,960,56,127,0,777,183,-0.3879781420765027,0.190625,960,48,116,0,796,164,-0.4146341463414634,0.17083333333333334,"('scenario', 'cue', 'en_us', 'none', 'cn', 'controls')",12,2.8677783648291064,-0.22375864406908247,0.17044663553916112
hidream,cue,en_us,none,cn,hidream__cue__en_us__cn-minus-none,960,scenario,UAI,-0.051464063886424105,-0.2041924977538186,0.08156263396584004,960,4,42,0,914,46,-0.8260869565217391,0.04791666666666667,960,3,46,0,911,49,-0.8775510204081632,0.051041666666666666,"('scenario', 'cue', 'en_us', 'none', 'cn', 'controls')",12,2.8677783648291064,-0.25582613968799145,0.15289801191514324
hidream,cue,en_us,none,cn,hidream__cue__en_us__cn-minus-none,960,scenario,LTO,-0.3413848631239936,-0.5906494853666887,-0.08957909099247847,960,45,24,0,891,69,0.30434782608695654,0.071875,960,39,42,0,879,81,-0.037037037037037035,0.084375,"('scenario', 'cue', 'en_us', 'none', 'cn', 'controls')",12,2.8677783648291064,-0.7064966877568918,0.02372696150890463
hidream,cue,en_us,none,cn,hidream__cue__en_us__cn-minus-none,960,scenario,IVR,-0.0119760479041916,-0.06468174031087945,0.03870967741935483,960,165,2,0,793,167,0.9760479041916168,0.17395833333333333,960,164,3,0,793,167,0.9640718562874252,0.17395833333333333,"('scenario', 'cue', 'en_us', 'none', 'cn', 'controls')",12,2.8677783648291064,-0.08871123510426063,0.06475913929587743
hidream,cue,en_us,none,cn,hidream__cue__en_us__cn-minus-none,960,image,PDI,0.22535107892547834,0.13077921123300384,0.33071802617449236,960,9,204,1,746,214,-0.9112149532710281,0.22291666666666668,960,29,160,2,769,191,-0.6858638743455497,0.19895833333333332,"('image', 'cue', 'en_us', 'none', 'cn', 'controls')",12,2.8732190016955625,0.08054603467475405,0.3701561231762026
hidream,cue,en_us,none,cn,hidream__cue__en_us__cn-minus-none,960,image,IDV,-0.17941176470588235,-0.25556663301025473,-0.0987373573244849,960,265,153,30,512,448,0.25,0.4666666666666667,960,212,182,31,535,425,0.07058823529411765,0.4427083333333333,"('image', 'cue', 'en_us', 'none', 'cn', 'controls')",12,2.8732190016955625,-0.294786071578789,-0.06403745783297568
hidream,cue,en_us,none,cn,hidream__cue__en_us__cn-minus-none,960,image,MAS,0.004794129200442809,-0.05072862060089364,0.05843065504978145,960,208,432,43,277,683,-0.3279648609077599,0.7114583333333333,960,202,414,40,304,656,-0.3231707317073171,0.6833333333333333,"('image', 'cue', 'en_us', 'none', 'cn', 'controls')",12,2.8732190016955625,-0.07443133971944316,0.08401959812032878
hidream,cue,en_us,none,cn,hidream__cue__en_us__cn-minus-none,960,image,UAI,-0.21412151067323476,-0.402933177933178,-0.03010731357139536,960,53,91,1,815,145,-0.2620689655172414,0.15104166666666666,960,33,93,0,834,126,-0.47619047619047616,0.13125,"('image', 'cue', 'en_us', 'none', 'cn', 'controls')",12,2.8732190016955625,-0.48522444857859265,0.05698142723212313
hidream,cue,en_us,none,cn,hidream__cue__en_us__cn-minus-none,960,image,LTO,-0.04371069182389942,-0.15665943417758446,0.07095976273921577,960,177,44,7,732,228,0.5833333333333334,0.2375,960,201,58,6,695,265,0.539622641509434,0.2760416666666667,"('image', 'cue', 'en_us', 'none', 'cn', 'controls')",12,2.8732190016955625,-0.20956255075594266,0.12214116710814382
hidream,cue,en_us,none,cn,hidream__cue__en_us__cn-minus-none,960,image,IVR,0.009636009099772469,-0.02670043121421883,0.0464750089266211,960,328,11,1,620,340,0.9323529411764706,0.3541666666666667,960,351,10,1,598,362,0.9419889502762431,0.3770833333333333,"('image', 'cue', 'en_us', 'none', 'cn', 'controls')",12,2.8732190016955625,-0.044481873259259196,0.06375389145880414
hidream,cue,en_us,us,cn,hidream__cue__en_us__cn-minus-us,960,scenario,PDI,0.22460056570598574,0.09710118707941048,0.36184691826663334,960,3,124,0,833,127,-0.952755905511811,0.13229166666666667,960,14,89,0,857,103,-0.7281553398058253,0.10729166666666666,"('scenario', 'cue', 'en_us', 'us', 'cn', 'controls')",12,2.9030578232088855,0.027405443350717068,0.42179568806125445
hidream,cue,en_us,us,cn,hidream__cue__en_us__cn-minus-us,960,scenario,IDV,-0.17144364339722173,-0.2875484722562571,-0.057360691749986446,960,142,92,1,725,235,0.2127659574468085,0.24479166666666666,960,125,115,2,718,242,0.04132231404958678,0.2520833333333333,"('scenario', 'cue', 'en_us', 'us', 'cn', 'controls')",12,2.9030578232088855,-0.3419753402053929,-0.0009119465890505829
hidream,cue,en_us,us,cn,hidream__cue__en_us__cn-minus-us,960,scenario,MAS,-0.05416903006239365,-0.1913662249806544,0.08387312929927393,960,55,117,0,788,172,-0.36046511627906974,0.17916666666666667,960,48,116,0,796,164,-0.4146341463414634,0.17083333333333334,"('scenario', 'cue', 'en_us', 'us', 'cn', 'controls')",12,2.9030578232088855,-0.25796192074419444,0.1496238606194071
hidream,cue,en_us,us,cn,hidream__cue__en_us__cn-minus-us,960,scenario,UAI,0.022448979591836782,-0.12719497607655497,0.17777979431336963,960,2,38,0,920,40,-0.9,0.041666666666666664,960,3,46,0,911,49,-0.8775510204081632,0.051041666666666666,"('scenario', 'cue', 'en_us', 'us', 'cn', 'controls')",12,2.9030578232088855,-0.19716381060156735,0.2420617697852409
hidream,cue,en_us,us,cn,hidream__cue__en_us__cn-minus-us,960,scenario,LTO,-0.2037037037037037,-0.4675133761490638,0.05616730273116859,960,35,25,0,900,60,0.16666666666666666,0.0625,960,39,42,0,879,81,-0.037037037037037035,0.084375,"('scenario', 'cue', 'en_us', 'us', 'cn', 'controls')",12,2.9030578232088855,-0.5924385698131206,0.18503116240571318
hidream,cue,en_us,us,cn,hidream__cue__en_us__cn-minus-us,960,scenario,IVR,-0.0014453850918851874,-0.047749299922902125,0.04494836435298782,960,171,3,0,786,174,0.9655172413793104,0.18125,960,164,3,0,793,167,0.9640718562874252,0.17395833333333333,"('scenario', 'cue', 'en_us', 'us', 'cn', 'controls')",12,2.9030578232088855,-0.06906872799632968,0.06617795781255931
hidream,cue,en_us,us,cn,hidream__cue__en_us__cn-minus-us,960,image,PDI,0.1665170780354026,0.07111184900837504,0.2730427570671472,960,14,193,3,750,210,-0.8523809523809524,0.21875,960,29,160,2,769,191,-0.6858638743455497,0.19895833333333332,"('image', 'cue', 'en_us', 'us', 'cn', 'controls')",12,2.8909945634924816,0.017822620487979612,0.3152115355828256
hidream,cue,en_us,us,cn,hidream__cue__en_us__cn-minus-us,960,image,IDV,-0.14353477153959535,-0.22014257721303895,-0.06711124823520774,960,249,155,35,521,439,0.214123006833713,0.45729166666666665,960,212,182,31,535,425,0.07058823529411765,0.4427083333333333,"('image', 'cue', 'en_us', 'us', 'cn', 'controls')",12,2.8909945634924816,-0.2570735001656739,-0.029996042913516804
hidream,cue,en_us,us,cn,hidream__cue__en_us__cn-minus-us,960,image,MAS,0.004573170731707321,-0.05112777312028565,0.0593996141198801,960,200,415,41,304,656,-0.3277439024390244,0.6833333333333333,960,202,414,40,304,656,-0.3231707317073171,0.6833333333333333,"('image', 'cue', 'en_us', 'us', 'cn', 'controls')",12,2.8909945634924816,-0.07671281259000962,0.08585915405342426
hidream,cue,en_us,us,cn,hidream__cue__en_us__cn-minus-us,960,image,UAI,-0.25396825396825395,-0.4451117519371321,-0.0666344211470997,960,56,88,0,816,144,-0.2222222222222222,0.15,960,33,93,0,834,126,-0.47619047619047616,0.13125,"('image', 'cue', 'en_us', 'us', 'cn', 'controls')",12,2.8909945634924816,-0.5325050545438612,0.02456854660735336
hidream,cue,en_us,us,cn,hidream__cue__en_us__cn-minus-us,960,image,LTO,-0.024377358490565992,-0.12015062056223848,0.0717890216606099,960,191,50,9,710,250,0.564,0.2604166666666667,960,201,58,6,695,265,0.539622641509434,0.2760416666666667,"('image', 'cue', 'en_us', 'us', 'cn', 'controls')",12,2.8909945634924816,-0.16613682616505107,0.11738210918391909
hidream,cue,en_us,us,cn,hidream__cue__en_us__cn-minus-us,960,image,IVR,-0.0019886407601714673,-0.037645568524929666,0.034010973418359486,960,346,9,2,603,357,0.9439775910364145,0.371875,960,351,10,1,598,362,0.9419889502762431,0.3770833333333333,"('image', 'cue', 'en_us', 'us', 'cn', 'controls')",12,2.8909945634924816,-0.05507181980194003,0.051094538281597095
hidream,cue,zh_cn,none,us,hidream__cue__zh_cn__us-minus-none,960,scenario,PDI,-0.0026652452025586193,-0.0869244923420876,0.08215768995226756,960,6,106,0,848,112,-0.8928571428571429,0.11666666666666667,960,7,127,0,826,134,-0.8955223880597015,0.13958333333333334,"('scenario', 'cue', 'zh_cn', 'none', 'us', 'controls')",12,2.907127962668939,-0.12702447180872967,0.12169398140361241
hidream,cue,zh_cn,none,us,hidream__cue__zh_cn__us-minus-none,960,scenario,IDV,0.08898821617228768,-0.023623777484316277,0.20531378072760428,960,122,107,1,730,230,0.06521739130434782,0.23958333333333334,960,123,90,1,746,214,0.1542056074766355,0.22291666666666668,"('scenario', 'cue', 'zh_cn', 'none', 'us', 'controls')",12,2.907127962668939,-0.07991700855634999,0.25789344090092536
hidream,cue,zh_cn,none,us,hidream__cue__zh_cn__us-minus-none,960,scenario,MAS,-0.1835007098164993,-0.30607281659831614,-0.05638790556553227,960,72,137,0,751,209,-0.31100478468899523,0.21770833333333334,960,46,136,0,778,182,-0.4945054945054945,0.18958333333333333,"('scenario', 'cue', 'zh_cn', 'none', 'us', 'controls')",12,2.907127962668939,-0.37305931499758294,0.00605789536458437
hidream,cue,zh_cn,none,us,hidream__cue__zh_cn__us-minus-none,960,scenario,UAI,0.08510638297872342,-0.07273915626856806,0.2564102564102564,960,1,46,0,913,47,-0.9574468085106383,0.04895833333333333,960,3,44,0,913,47,-0.8723404255319149,0.04895833333333333,"('scenario', 'cue', 'zh_cn', 'none', 'us', 'controls')",12,2.907127962668939,-0.15598044395032704,0.3261932099077739
hidream,cue,zh_cn,none,us,hidream__cue__zh_cn__us-minus-none,960,scenario,LTO,0.036972512582268635,-0.19275401444227175,0.2575258267567776,960,52,29,1,878,82,0.2804878048780488,0.08541666666666667,960,41,21,1,897,63,0.31746031746031744,0.065625,"('scenario', 'cue', 'zh_cn', 'none', 'us', 'controls')",12,2.907127962668939,-0.2940814406791417,0.368026465843679
hidream,cue,zh_cn,none,us,hidream__cue__zh_cn__us-minus-none,960,scenario,IVR,0.021499013806706158,-0.02097798638153409,0.06704291057394456,960,177,3,0,780,180,0.9666666666666667,0.1875,960,168,1,0,791,169,0.9881656804733728,0.17604166666666668,"('scenario', 'cue', 'zh_cn', 'none', 'us', 'controls')",12,2.907127962668939,-0.04187697806601767,0.08487500567942999
hidream,cue,zh_cn,none,us,hidream__cue__zh_cn__us-minus-none,960,image,PDI,-0.028582930756843816,-0.10955543083478313,0.051566912322472916,960,12,192,3,753,207,-0.8695652173913043,0.215625,960,10,204,2,744,216,-0.8981481481481481,0.225,"('image', 'cue', 'zh_cn', 'none', 'us', 'controls')",12,2.882077351493163,-0.14707026781267368,0.08990440629898604
hidream,cue,zh_cn,none,us,hidream__cue__zh_cn__us-minus-none,960,image,IDV,0.04340058103635022,-0.02924254188248531,0.11322670257875793,960,258,163,22,517,443,0.2144469525959368,0.46145833333333336,960,269,154,23,514,446,0.257847533632287,0.46458333333333335,"('image', 'cue', 'zh_cn', 'none', 'us', 'controls')",12,2.882077351493163,-0.062008960611545705,0.14881012268424615
hidream,cue,zh_cn,none,us,hidream__cue__zh_cn__us-minus-none,960,image,MAS,-0.08446157139798754,-0.1351105092208249,-0.0317657259147361,960,224,428,40,268,692,-0.2947976878612717,0.7208333333333333,960,184,440,51,285,675,-0.37925925925925924,0.703125,"('image', 'cue', 'zh_cn', 'none', 'us', 'controls')",12,2.882077351493163,-0.1603439264816153,-0.008579216314359789
hidream,cue,zh_cn,none,us,hidream__cue__zh_cn__us-minus-none,960,image,UAI,-0.09692836743020344,-0.2744957096129698,0.07666868068856249,960,41,91,1,827,133,-0.37593984962406013,0.13854166666666667,960,34,95,0,831,129,-0.4728682170542636,0.134375,"('image', 'cue', 'zh_cn', 'none', 'us', 'controls')",12,2.882077351493163,-0.3518953913468792,0.1580386564864723
hidream,cue,zh_cn,none,us,hidream__cue__zh_cn__us-minus-none,960,image,LTO,0.021759259259259256,-0.08023819397452557,0.12209417390517975,960,183,46,11,720,240,0.5708333333333333,0.25,960,189,45,9,717,243,0.5925925925925926,0.253125,"('image', 'cue', 'zh_cn', 'none', 'us', 'controls')",12,2.882077351493163,-0.12810764165982905,0.17162616017834756
hidream,cue,zh_cn,none,us,hidream__cue__zh_cn__us-minus-none,960,image,IVR,0.031512588277540554,-0.008127869065673607,0.07225872190351416,960,336,16,1,607,353,0.9065155807365439,0.36770833333333336,960,343,10,2,605,355,0.9380281690140845,0.3697916666666667,"('image', 'cue', 'zh_cn', 'none', 'us', 'controls')",12,2.882077351493163,-0.02821749088261205,0.09124266743769316
hidream,cue,zh_cn,none,cn,hidream__cue__zh_cn__cn-minus-none,960,scenario,PDI,0.15028288543140034,0.03930459770114944,0.2729428920982689,960,6,106,0,848,112,-0.8928571428571429,0.11666666666666667,960,13,88,0,859,101,-0.7425742574257426,0.10520833333333333,"('scenario', 'cue', 'zh_cn', 'none', 'cn', 'controls')",12,2.895948013821685,-0.02620868513051544,0.3267744559933161
hidream,cue,zh_cn,none,cn,hidream__cue__zh_cn__cn-minus-none,960,scenario,IDV,-0.06521739130434782,-0.18926997559796407,0.05873046454919762,960,122,107,1,730,230,0.06521739130434782,0.23958333333333334,960,111,111,0,738,222,0.0,0.23125,"('scenario', 'cue', 'zh_cn', 'none', 'cn', 'controls')",12,2.895948013821685,-0.2510438621702102,0.12060907956151452
hidream,cue,zh_cn,none,cn,hidream__cue__zh_cn__cn-minus-none,960,scenario,MAS,-0.018665544981334437,-0.14259613972922475,0.10622598987587535,960,72,137,0,751,209,-0.31100478468899523,0.21770833333333334,960,61,121,0,778,182,-0.32967032967032966,0.18958333333333333,"('scenario', 'cue', 'zh_cn', 'none', 'cn', 'controls')",12,2.895948013821685,-0.20313803683190915,0.16580694686924027
hidream,cue,zh_cn,none,cn,hidream__cue__zh_cn__cn-minus-none,960,scenario,UAI,0.12765957446808518,-0.04131944444444448,0.3157894736842105,960,1,46,0,913,47,-0.9574468085106383,0.04895833333333333,960,4,43,0,913,47,-0.8297872340425532,0.04895833333333333,"('scenario', 'cue', 'zh_cn', 'none', 'cn', 'controls')",12,2.895948013821685,-0.1372055606459865,0.39252470958215685
hidream,cue,zh_cn,none,cn,hidream__cue__zh_cn__cn-minus-none,960,scenario,LTO,-0.11382113821138215,-0.3162912350803569,0.08854379267482752,960,52,29,1,878,82,0.2804878048780488,0.08541666666666667,960,45,32,1,882,78,0.16666666666666666,0.08125,"('scenario', 'cue', 'zh_cn', 'none', 'cn', 'controls')",12,2.895948013821685,-0.4127661468772177,0.18512387045445342
hidream,cue,zh_cn,none,cn,hidream__cue__zh_cn__cn-minus-none,960,scenario,IVR,-0.009447415329768227,-0.06486397015570143,0.04611094209512212,960,177,3,0,780,180,0.9666666666666667,0.1875,960,183,4,0,773,187,0.9572192513368984,0.19479166666666667,"('scenario', 'cue', 'zh_cn', 'none', 'cn', 'controls')",12,2.895948013821685,-0.09165624405263648,0.07276141339310002
hidream,cue,zh_cn,none,cn,hidream__cue__zh_cn__cn-minus-none,960,image,PDI,0.1220404649160568,0.035162536700956384,0.21286696482210782,960,12,192,3,753,207,-0.8695652173913043,0.215625,960,25,176,1,758,202,-0.7475247524752475,0.21041666666666667,"('image', 'cue', 'zh_cn', 'none', 'cn', 'controls')",12,2.870902360235576,-0.009326593842809677,0.25340752367492325
hidream,cue,zh_cn,none,cn,hidream__cue__zh_cn__cn-minus-none,960,image,IDV,-0.07612495713108419,-0.15039545096197693,6.6703610203660505e-06,960,258,163,22,517,443,0.2144469525959368,0.46145833333333336,960,238,177,26,519,441,0.1383219954648526,0.459375,"('image', 'cue', 'zh_cn', 'none', 'cn', 'controls')",12,2.870902360235576,-0.18527618338941654,0.03302626912724815
hidream,cue,zh_cn,none,cn,hidream__cue__zh_cn__cn-minus-none,960,image,MAS,-0.018333625270041454,-0.06940733546772139,0.032165680783385775,960,224,428,40,268,692,-0.2947976878612717,0.7208333333333333,960,216,433,44,267,693,-0.31313131313131315,0.721875,"('image', 'cue', 'zh_cn', 'none', 'cn', 'controls')",12,2.870902360235576,-0.093280807239655,0.05661355669957209
hidream,cue,zh_cn,none,cn,hidream__cue__zh_cn__cn-minus-none,960,image,UAI,0.013107991216980475,-0.17732087356777576,0.21015483324306844,960,41,91,1,827,133,-0.37593984962406013,0.13854166666666667,960,36,77,0,847,113,-0.36283185840707965,0.11770833333333333,"('image', 'cue', 'zh_cn', 'none', 'cn', 'controls')",12,2.870902360235576,-0.2650975801447964,0.29131356257875735
hidream,cue,zh_cn,none,cn,hidream__cue__zh_cn__cn-minus-none,960,image,LTO,-0.009080345285524594,-0.11379664429385174,0.10003419000103168,960,183,46,11,720,240,0.5708333333333333,0.25,960,193,52,6,709,251,0.5617529880478087,0.26145833333333335,"('image', 'cue', 'zh_cn', 'none', 'cn', 'controls')",12,2.870902360235576,-0.16443857264111095,0.14627788207006176
hidream,cue,zh_cn,none,cn,hidream__cue__zh_cn__cn-minus-none,960,image,IVR,0.01760366045586803,-0.02730257283299615,0.06359036167852519,960,336,16,1,607,353,0.9065155807365439,0.36770833333333336,960,354,13,2,591,369,0.924119241192412,0.384375,"('image', 'cue', 'zh_cn', 'none', 'cn', 'controls')",12,2.870902360235576,-0.04888970656300695,0.08409702747474301
hidream,cue,zh_cn,us,cn,hidream__cue__zh_cn__cn-minus-us,960,scenario,PDI,0.15294813063395896,0.03812847201640209,0.2784538758098656,960,7,127,0,826,134,-0.8955223880597015,0.13958333333333334,960,13,88,0,859,101,-0.7425742574257426,0.10520833333333333,"('scenario', 'cue', 'zh_cn', 'us', 'cn', 'controls')",12,2.8982554573692685,-0.024570170602618235,0.33046643187053615
hidream,cue,zh_cn,us,cn,hidream__cue__zh_cn__cn-minus-us,960,scenario,IDV,-0.1542056074766355,-0.2826140080940898,-0.02449033630904888,960,123,90,1,746,214,0.1542056074766355,0.22291666666666668,960,111,111,0,738,222,0.0,0.23125,"('scenario', 'cue', 'zh_cn', 'us', 'cn', 'controls')",12,2.8982554573692685,-0.34280172321779395,0.034390508264522945
hidream,cue,zh_cn,us,cn,hidream__cue__zh_cn__cn-minus-us,960,scenario,MAS,0.16483516483516486,0.040372232164789294,0.2921396486202318,960,46,136,0,778,182,-0.4945054945054945,0.18958333333333333,960,61,121,0,778,182,-0.32967032967032966,0.18958333333333333,"('scenario', 'cue', 'zh_cn', 'us', 'cn', 'controls')",12,2.8982554573692685,-0.022369053544263995,0.3520393832145937
hidream,cue,zh_cn,us,cn,hidream__cue__zh_cn__cn-minus-us,960,scenario,UAI,0.042553191489361764,-0.13279297328687567,0.23076923076923073,960,3,44,0,913,47,-0.8723404255319149,0.04895833333333333,960,4,43,0,913,47,-0.8297872340425532,0.04895833333333333,"('scenario', 'cue', 'zh_cn', 'us', 'cn', 'controls')",12,2.8982554573692685,-0.22592757712540784,0.31103396010413137
hidream,cue,zh_cn,us,cn,hidream__cue__zh_cn__cn-minus-us,960,scenario,LTO,-0.15079365079365079,-0.3692240567180727,0.06412397591690622,960,41,21,1,897,63,0.31746031746031744,0.065625,960,45,32,1,882,78,0.16666666666666666,0.08125,"('scenario', 'cue', 'zh_cn', 'us', 'cn', 'controls')",12,2.8982554573692685,-0.46939493943553834,0.16780763784823674
hidream,cue,zh_cn,us,cn,hidream__cue__zh_cn__cn-minus-us,960,scenario,IVR,-0.030946429136474385,-0.08046357050894257,0.01281266182437677,960,168,1,0,791,169,0.9881656804733728,0.17604166666666668,960,183,4,0,773,187,0.9572192513368984,0.19479166666666667,"('scenario', 'cue', 'zh_cn', 'us', 'cn', 'controls')",12,2.8982554573692685,-0.10031679478893224,0.03842393651598347
hidream,cue,zh_cn,us,cn,hidream__cue__zh_cn__cn-minus-us,960,image,PDI,0.15062339567290062,0.06056008378645008,0.2441506644497858,960,10,204,2,744,216,-0.8981481481481481,0.225,960,25,176,1,758,202,-0.7475247524752475,0.21041666666666667,"('image', 'cue', 'zh_cn', 'us', 'cn', 'controls')",12,2.8678046061633005,0.017186170490824132,0.2840606208549771
hidream,cue,zh_cn,us,cn,hidream__cue__zh_cn__cn-minus-us,960,image,IDV,-0.11952553816743441,-0.1918288426229845,-0.043725638665764774,960,269,154,23,514,446,0.257847533632287,0.46458333333333335,960,238,177,26,519,441,0.1383219954648526,0.459375,"('image', 'cue', 'zh_cn', 'us', 'cn', 'controls')",12,2.8678046061633005,-0.22771772102380372,-0.011333355311065121
hidream,cue,zh_cn,us,cn,hidream__cue__zh_cn__cn-minus-us,960,image,MAS,0.06612794612794609,0.013457890250845846,0.11834838286802644,960,184,440,51,285,675,-0.37925925925925924,0.703125,960,216,433,44,267,693,-0.31313131313131315,0.721875,"('image', 'cue', 'zh_cn', 'us', 'cn', 'controls')",12,2.8678046061633005,-0.010859860209577937,0.14311575246547012
hidream,cue,zh_cn,us,cn,hidream__cue__zh_cn__cn-minus-us,960,image,UAI,0.11003635864718392,-0.07533062426996955,0.29285740204655947,960,34,95,0,831,129,-0.4728682170542636,0.134375,960,36,77,0,847,113,-0.36283185840707965,0.11770833333333333,"('image', 'cue', 'zh_cn', 'us', 'cn', 'controls')",12,2.8678046061633005,-0.16291131786178648,0.3829840351561543
hidream,cue,zh_cn,us,cn,hidream__cue__zh_cn__cn-minus-us,960,image,LTO,-0.03083960454478385,-0.1299720614261262,0.06993458808285662,960,189,45,9,717,243,0.5925925925925926,0.253125,960,193,52,6,709,251,0.5617529880478087,0.26145833333333335,"('image', 'cue', 'zh_cn', 'us', 'cn', 'controls')",12,2.8678046061633005,-0.1764299039143726,0.1147506948248049
hidream,cue,zh_cn,us,cn,hidream__cue__zh_cn__cn-minus-us,960,image,IVR,-0.013908927821672523,-0.051841310635501354,0.024594152055602253,960,343,10,2,605,355,0.9380281690140845,0.3697916666666667,960,354,13,2,591,369,0.924119241192412,0.384375,"('image', 'cue', 'zh_cn', 'us', 'cn', 'controls')",12,2.8678046061633005,-0.06980692570366823,0.04198907006032317
hidream_refiner,language,none,en_us,zh_cn,hidream_refiner__language__none__zh_cn-minus-en_us,960,scenario,PDI,0.2415661345084158,0.12190607677152214,0.3707721852329187,960,4,105,0,851,109,-0.926605504587156,0.11354166666666667,960,20,107,0,833,127,-0.6850393700787402,0.13229166666666667,"('scenario', 'language', 'none', 'en_us', 'zh_cn', 'main')",36,3.233445552880987,0.03988811498661285,0.4432441540302188
hidream_refiner,language,none,en_us,zh_cn,hidream_refiner__language__none__zh_cn-minus-en_us,960,scenario,IDV,-0.05117558239861947,-0.15078100952015455,0.047500862164655225,960,218,83,4,655,305,0.4426229508196721,0.3177083333333333,960,210,91,3,656,304,0.39144736842105265,0.31666666666666665,"('scenario', 'language', 'none', 'en_us', 'zh_cn', 'main')",36,3.233445552880987,-0.21627635214767746,0.11392518735043852
hidream_refiner,language,none,en_us,zh_cn,hidream_refiner__language__none__zh_cn-minus-en_us,960,scenario,MAS,0.04800700242391598,-0.08831289611049893,0.18221844067070198,960,64,123,1,772,188,-0.31382978723404253,0.19583333333333333,960,84,147,6,723,237,-0.26582278481012656,0.246875,"('scenario', 'language', 'none', 'en_us', 'zh_cn', 'main')",36,3.233445552880987,-0.1776596676642596,0.27367367251209157
hidream_refiner,language,none,en_us,zh_cn,hidream_refiner__language__none__zh_cn-minus-en_us,960,scenario,UAI,0.05326504481434058,-0.25219768170426066,0.36035437637297535,960,21,34,0,905,55,-0.23636363636363636,0.057291666666666664,960,29,42,0,889,71,-0.18309859154929578,0.07395833333333333,"('scenario', 'language', 'none', 'en_us', 'zh_cn', 'main')",36,3.233445552880987,-0.4613292469855561,0.5678593366142373
hidream_refiner,language,none,en_us,zh_cn,hidream_refiner__language__none__zh_cn-minus-en_us,960,scenario,LTO,-0.00874125874125875,-0.24720179648426005,0.2100132783882782,960,57,30,1,872,88,0.3068181818181818,0.09166666666666666,960,66,35,3,856,104,0.2980769230769231,0.10833333333333334,"('scenario', 'language', 'none', 'en_us', 'zh_cn', 'main')",36,3.233445552880987,-0.38167785593455755,0.36419533845204005
hidream_refiner,language,none,en_us,zh_cn,hidream_refiner__language__none__zh_cn-minus-en_us,960,scenario,IVR,0.026671922217842647,-0.05115060934968188,0.10746744059498371,960,124,5,0,831,129,0.9224806201550387,0.134375,960,114,2,2,842,118,0.9491525423728814,0.12291666666666666,"('scenario', 'language', 'none', 'en_us', 'zh_cn', 'main')",36,3.233445552880987,-0.1035201056730965,0.1568639501087818
hidream_refiner,language,none,en_us,zh_cn,hidream_refiner__language__none__zh_cn-minus-en_us,960,image,PDI,0.08451669157947184,-0.00557319332568357,0.1752785313528303,960,20,203,0,737,223,-0.820627802690583,0.23229166666666667,960,26,185,5,744,216,-0.7361111111111112,0.225,"('image', 'language', 'none', 'en_us', 'zh_cn', 'main')",36,3.238123151994879,-0.06550471411287098,0.23453809727181466
hidream_refiner,language,none,en_us,zh_cn,hidream_refiner__language__none__zh_cn-minus-en_us,960,image,IDV,-0.0370917221729532,-0.11079732826208469,0.03570527442695643,960,304,132,33,491,469,0.36673773987206826,0.48854166666666665,960,283,134,35,508,452,0.32964601769911506,0.4708333333333333,"('image', 'language', 'none', 'en_us', 'zh_cn', 'main')",36,3.238123151994879,-0.15821573309734954,0.08403228875144314
hidream_refiner,language,none,en_us,zh_cn,hidream_refiner__language__none__zh_cn-minus-en_us,960,image,MAS,0.0710232695344358,0.015236052846807853,0.1268105576946826,960,223,385,68,284,676,-0.23964497041420119,0.7041666666666667,960,247,362,73,278,682,-0.16862170087976538,0.7104166666666667,"('image', 'language', 'none', 'en_us', 'zh_cn', 'main')",36,3.238123151994879,-0.02263950722741033,0.16468604629628192
hidream_refiner,language,none,en_us,zh_cn,hidream_refiner__language__none__zh_cn-minus-en_us,960,image,UAI,-0.07052139037433153,-0.2195900412622229,0.07988319238900629,960,103,68,5,784,176,0.19886363636363635,0.18333333333333332,960,101,77,9,773,187,0.12834224598930483,0.19479166666666667,"('image', 'language', 'none', 'en_us', 'zh_cn', 'main')",36,3.238123151994879,-0.31793698126351055,0.17689420051484747
hidream_refiner,language,none,en_us,zh_cn,hidream_refiner__language__none__zh_cn-minus-en_us,960,image,LTO,-0.004090417246340627,-0.10176664947458883,0.0952864486196171,960,223,51,15,671,289,0.5951557093425606,0.30104166666666665,960,219,47,25,669,291,0.5910652920962199,0.303125,"('image', 'language', 'none', 'en_us', 'zh_cn', 'main')",36,3.238123151994879,-0.16580372186901493,0.15762288737633368
hidream_refiner,language,none,en_us,zh_cn,hidream_refiner__language__none__zh_cn-minus-en_us,960,image,IVR,-0.020723801745699544,-0.08643864836736233,0.04924650321338224,960,263,17,6,674,286,0.8601398601398601,0.29791666666666666,960,245,15,14,686,274,0.8394160583941606,0.28541666666666665,"('image', 'language', 'none', 'en_us', 'zh_cn', 'main')",36,3.238123151994879,-0.13267784091195478,0.09123023742055571
hidream_refiner,cue,en_us,none,us,hidream_refiner__cue__en_us__us-minus-none,960,scenario,PDI,0.010639118032534145,-0.07918583222762794,0.10439735300060624,960,4,105,0,851,109,-0.926605504587156,0.11354166666666667,960,5,114,0,841,119,-0.9159663865546218,0.12395833333333334,"('scenario', 'cue', 'en_us', 'none', 'us', 'main')",36,3.2325803990029582,-0.1372215156756393,0.1584997517407076
hidream_refiner,cue,en_us,none,us,hidream_refiner__cue__en_us__us-minus-none,960,scenario,IDV,0.031736023539302216,-0.056066388024302985,0.12290335356358949,960,218,83,4,655,305,0.4426229508196721,0.3177083333333333,960,229,81,2,648,312,0.47435897435897434,0.325,"('scenario', 'cue', 'en_us', 'none', 'us', 'main')",36,3.2325803990029582,-0.11529522246199,0.17876726954059444
hidream_refiner,cue,en_us,none,us,hidream_refiner__cue__en_us__us-minus-none,960,scenario,MAS,-0.023012318029115353,-0.1527332790201074,0.09814691783494309,960,64,123,1,772,188,-0.31382978723404253,0.19583333333333333,960,62,126,2,770,190,-0.3368421052631579,0.19791666666666666,"('scenario', 'cue', 'en_us', 'none', 'us', 'main')",36,3.2325803990029582,-0.22841219222204145,0.18238755616381075
hidream_refiner,cue,en_us,none,us,hidream_refiner__cue__en_us__us-minus-none,960,scenario,UAI,-0.11956856702619414,-0.39101753360607827,0.15170580112331195,960,21,34,0,905,55,-0.23636363636363636,0.057291666666666664,960,19,40,0,901,59,-0.3559322033898305,0.06145833333333333,"('scenario', 'cue', 'en_us', 'none', 'us', 'main')",36,3.2325803990029582,-0.5730163559125059,0.33387922186011765
hidream_refiner,cue,en_us,none,us,hidream_refiner__cue__en_us__us-minus-none,960,scenario,LTO,0.19318181818181818,-0.021073216520650816,0.3991140257994186,960,57,30,1,872,88,0.3068181818181818,0.09166666666666666,960,67,22,1,870,90,0.5,0.09375,"('scenario', 'cue', 'en_us', 'none', 'us', 'main')",36,3.2325803990029582,-0.15630488568271317,0.5426685220463495
hidream_refiner,cue,en_us,none,us,hidream_refiner__cue__en_us__us-minus-none,960,scenario,IVR,0.03466223698781845,-0.035232089432727404,0.11136278024465193,960,124,5,0,831,129,0.9224806201550387,0.134375,960,137,3,0,820,140,0.9571428571428572,0.14583333333333334,"('scenario', 'cue', 'en_us', 'none', 'us', 'main')",36,3.2325803990029582,-0.08483201768909675,0.15415649166473366
hidream_refiner,cue,en_us,none,us,hidream_refiner__cue__en_us__us-minus-none,960,image,PDI,-0.027996050520426197,-0.10065177780068231,0.04430455124683754,960,20,203,0,737,223,-0.820627802690583,0.23229166666666667,960,15,200,3,742,218,-0.8486238532110092,0.22708333333333333,"('image', 'cue', 'en_us', 'none', 'us', 'main')",36,3.2219506620537737,-0.14788895286775755,0.09189685182690514
hidream_refiner,cue,en_us,none,us,hidream_refiner__cue__en_us__us-minus-none,960,image,IDV,0.04104914537383336,-0.024566885476195035,0.10568997796342033,960,304,132,33,491,469,0.36673773987206826,0.48854166666666665,960,327,128,33,472,488,0.4077868852459016,0.5083333333333333,"('image', 'cue', 'en_us', 'none', 'us', 'main')",36,3.2219506620537737,-0.06561762560747823,0.14771591635514497
hidream_refiner,cue,en_us,none,us,hidream_refiner__cue__en_us__us-minus-none,960,image,MAS,0.026816982076008772,-0.030475413979012225,0.08382111493128463,960,223,385,68,284,676,-0.23964497041420119,0.7041666666666667,960,237,383,66,274,686,-0.21282798833819241,0.7145833333333333,"('image', 'cue', 'en_us', 'none', 'us', 'main')",36,3.2219506620537737,-0.06669968819325564,0.12033365234527318
hidream_refiner,cue,en_us,none,us,hidream_refiner__cue__en_us__us-minus-none,960,image,UAI,0.05844630515683147,-0.0798848579277885,0.20596545888240078,960,103,68,5,784,176,0.19886363636363635,0.18333333333333332,960,104,60,7,789,171,0.2573099415204678,0.178125,"('image', 'cue', 'en_us', 'none', 'us', 'main')",36,3.2219506620537737,-0.17804562274387714,0.2949382330575401
hidream_refiner,cue,en_us,none,us,hidream_refiner__cue__en_us__us-minus-none,960,image,LTO,-0.08216869635554758,-0.1807740652916681,0.016668723660445535,960,223,51,15,671,289,0.5951557093425606,0.30104166666666665,960,225,67,16,652,308,0.512987012987013,0.32083333333333336,"('image', 'cue', 'en_us', 'none', 'us', 'main')",36,3.2219506620537737,-0.24397477480442714,0.07963738209333199
hidream_refiner,cue,en_us,none,us,hidream_refiner__cue__en_us__us-minus-none,960,image,IVR,0.038105753895227634,-0.019884680087660207,0.10173333397544561,960,263,17,6,674,286,0.8601398601398601,0.29791666666666666,960,268,12,5,675,285,0.8982456140350877,0.296875,"('image', 'cue', 'en_us', 'none', 'us', 'main')",36,3.2219506620537737,-0.06055689262332871,0.13676840041378396
hidream_refiner,cue,en_us,none,cn,hidream_refiner__cue__en_us__cn-minus-none,960,scenario,PDI,0.3360543234847938,0.19536554575886345,0.48499272436063035,960,4,105,0,851,109,-0.926605504587156,0.11354166666666667,960,26,101,0,833,127,-0.5905511811023622,0.13229166666666667,"('scenario', 'cue', 'en_us', 'none', 'cn', 'main')",36,3.2138908381568254,0.09946793004656218,0.5726407169230254
hidream_refiner,cue,en_us,none,cn,hidream_refiner__cue__en_us__cn-minus-none,960,scenario,IDV,-0.19262295081967212,-0.2930434979666489,-0.09752920642161152,960,218,83,4,655,305,0.4426229508196721,0.3177083333333333,960,193,115,4,648,312,0.25,0.325,"('scenario', 'cue', 'en_us', 'none', 'cn', 'main')",36,3.2138908381568254,-0.3528683471619567,-0.03237755447738755
hidream_refiner,cue,en_us,none,cn,hidream_refiner__cue__en_us__cn-minus-none,960,scenario,MAS,0.06130453470878999,-0.07130443086325439,0.201565695218172,960,64,123,1,772,188,-0.31382978723404253,0.19583333333333333,960,73,123,2,762,198,-0.25252525252525254,0.20625,"('scenario', 'cue', 'en_us', 'none', 'cn', 'main')",36,3.2138908381568254,-0.16420843803976348,0.28681750745734347
hidream_refiner,cue,en_us,none,cn,hidream_refiner__cue__en_us__cn-minus-none,960,scenario,UAI,-0.15252525252525254,-0.4347603675081265,0.127835744275823,960,21,34,0,905,55,-0.23636363636363636,0.057291666666666664,960,16,37,1,906,54,-0.3888888888888889,0.05625,"('scenario', 'cue', 'en_us', 'none', 'cn', 'main')",36,3.2138908381568254,-0.6137683741894678,0.3087178691389627
hidream_refiner,cue,en_us,none,cn,hidream_refiner__cue__en_us__cn-minus-none,960,scenario,LTO,0.11941132637853946,-0.08908664985688976,0.3365207763857645,960,57,30,1,872,88,0.3068181818181818,0.09166666666666666,960,85,33,4,838,122,0.4262295081967213,0.12708333333333333,"('scenario', 'cue', 'en_us', 'none', 'cn', 'main')",36,3.2138908381568254,-0.23628012429832834,0.47510277705540727
hidream_refiner,cue,en_us,none,cn,hidream_refiner__cue__en_us__cn-minus-none,960,scenario,IVR,-0.03526257504225683,-0.1333390542548286,0.05563119540239918,960,124,5,0,831,129,0.9224806201550387,0.134375,960,125,7,1,827,133,0.8872180451127819,0.13854166666666667,"('scenario', 'cue', 'en_us', 'none', 'cn', 'main')",36,3.2138908381568254,-0.18999191902926454,0.11946676894475089
hidream_refiner,cue,en_us,none,cn,hidream_refiner__cue__en_us__cn-minus-none,960,image,PDI,0.23691739545076396,0.1354628629577382,0.34004506254708605,960,20,203,0,737,223,-0.820627802690583,0.23229166666666667,960,45,174,2,739,221,-0.583710407239819,0.23020833333333332,"('image', 'cue', 'en_us', 'none', 'cn', 'main')",36,3.19842316265399,0.07021137276043024,0.4036234181410977
hidream_refiner,cue,en_us,none,cn,hidream_refiner__cue__en_us__cn-minus-none,960,image,IDV,-0.1564284615215528,-0.2258018485336847,-0.08907704588634482,960,304,132,33,491,469,0.36673773987206826,0.48854166666666665,960,279,177,29,475,485,0.21030927835051547,0.5052083333333334,"('image', 'cue', 'en_us', 'none', 'cn', 'main')",36,3.19842316265399,-0.26911679518375586,-0.04374012785934969
hidream_refiner,cue,en_us,none,cn,hidream_refiner__cue__en_us__cn-minus-none,960,image,MAS,0.029489822318291448,-0.027281868438129343,0.08670254823016903,960,223,385,68,284,676,-0.23964497041420119,0.7041666666666667,960,237,386,86,251,709,-0.21015514809590974,0.7385416666666667,"('image', 'cue', 'en_us', 'none', 'cn', 'main')",36,3.19842316265399,-0.06424770401544352,0.12322734865202642
hidream_refiner,cue,en_us,none,cn,hidream_refiner__cue__en_us__cn-minus-none,960,image,UAI,0.07125130616509928,-0.07708692134602424,0.22413785173160153,960,103,68,5,784,176,0.19886363636363635,0.18333333333333332,960,110,63,1,786,174,0.27011494252873564,0.18125,"('image', 'cue', 'en_us', 'none', 'cn', 'main')",36,3.19842316265399,-0.17363013193551283,0.31613274426571136
hidream_refiner,cue,en_us,none,cn,hidream_refiner__cue__en_us__cn-minus-none,960,image,LTO,0.011076585275003215,-0.08183040090658579,0.10728490451941274,960,223,51,15,671,289,0.5951557093425606,0.30104166666666665,960,269,55,29,607,353,0.6062322946175638,0.36770833333333336,"('image', 'cue', 'en_us', 'none', 'cn', 'main')",36,3.19842316265399,-0.14459008807168824,0.16674325862169467
hidream_refiner,cue,en_us,none,cn,hidream_refiner__cue__en_us__cn-minus-none,960,image,IVR,-0.0671574039995092,-0.1277757762613368,-0.008143369175627342,960,263,17,6,674,286,0.8601398601398601,0.29791666666666666,960,252,26,7,675,285,0.7929824561403509,0.296875,"('image', 'cue', 'en_us', 'none', 'cn', 'main')",36,3.19842316265399,-0.1647551423885963,0.030440334389577883
hidream_refiner,cue,en_us,us,cn,hidream_refiner__cue__en_us__cn-minus-us,960,scenario,PDI,0.32541520545225966,0.17775961666806733,0.47864922636777096,960,5,114,0,841,119,-0.9159663865546218,0.12395833333333334,960,26,101,0,833,127,-0.5905511811023622,0.13229166666666667,"('scenario', 'cue', 'en_us', 'us', 'cn', 'main')",36,3.218597707435744,0.07810413835667498,0.5727262725478444
hidream_refiner,cue,en_us,us,cn,hidream_refiner__cue__en_us__cn-minus-us,960,scenario,IDV,-0.22435897435897434,-0.32140969862190794,-0.12988679315718604,960,229,81,2,648,312,0.47435897435897434,0.325,960,193,115,4,648,312,0.25,0.325,"('scenario', 'cue', 'en_us', 'us', 'cn', 'main')",36,3.218597707435744,-0.381953380325873,-0.0667645683920757
hidream_refiner,cue,en_us,us,cn,hidream_refiner__cue__en_us__cn-minus-us,960,scenario,MAS,0.08431685273790535,-0.04744142101284959,0.22013596471819907,960,62,126,2,770,190,-0.3368421052631579,0.19791666666666666,960,73,123,2,762,198,-0.25252525252525254,0.20625,"('scenario', 'cue', 'en_us', 'us', 'cn', 'main')",36,3.218597707435744,-0.1369847485919319,0.3056184540677426
hidream_refiner,cue,en_us,us,cn,hidream_refiner__cue__en_us__cn-minus-us,960,scenario,UAI,-0.03295668549905839,-0.312761059695022,0.2536925126462523,960,19,40,0,901,59,-0.3559322033898305,0.06145833333333333,960,16,37,1,906,54,-0.3888888888888889,0.05625,"('scenario', 'cue', 'en_us', 'us', 'cn', 'main')",36,3.218597707435744,-0.4944255941552427,0.4285122231571259
hidream_refiner,cue,en_us,us,cn,hidream_refiner__cue__en_us__cn-minus-us,960,scenario,LTO,-0.07377049180327871,-0.28574358183640425,0.13865485430283225,960,67,22,1,870,90,0.5,0.09375,960,85,33,4,838,122,0.4262295081967213,0.12708333333333333,"('scenario', 'cue', 'en_us', 'us', 'cn', 'main')",36,3.218597707435744,-0.42122256718238377,0.27368158357582634
hidream_refiner,cue,en_us,us,cn,hidream_refiner__cue__en_us__cn-minus-us,960,scenario,IVR,-0.06992481203007528,-0.14561516241552214,-0.002647998934918593,960,137,3,0,820,140,0.9571428571428572,0.14583333333333334,960,125,7,1,827,133,0.8872180451127819,0.13854166666666667,"('scenario', 'cue', 'en_us', 'us', 'cn', 'main')",36,3.218597707435744,-0.1870273328806555,0.047177708820504954
hidream_refiner,cue,en_us,us,cn,hidream_refiner__cue__en_us__cn-minus-us,960,image,PDI,0.26491344597119015,0.1586577069824887,0.37142931751627406,960,15,200,3,742,218,-0.8486238532110092,0.22708333333333333,960,45,174,2,739,221,-0.583710407239819,0.23020833333333332,"('image', 'cue', 'en_us', 'us', 'cn', 'main')",36,3.1913567596991164,0.0907976522863308,0.4390292396560495
hidream_refiner,cue,en_us,us,cn,hidream_refiner__cue__en_us__cn-minus-us,960,image,IDV,-0.19747760689538615,-0.2691217951788173,-0.12982812513351916,960,327,128,33,472,488,0.4077868852459016,0.5083333333333333,960,279,177,29,475,485,0.21030927835051547,0.5052083333333334,"('image', 'cue', 'en_us', 'us', 'cn', 'main')",36,3.1913567596991164,-0.30954425646636563,-0.08541095732440666
hidream_refiner,cue,en_us,us,cn,hidream_refiner__cue__en_us__cn-minus-us,960,image,MAS,0.002672840242282676,-0.05471991228145613,0.06181402251114894,960,237,383,66,274,686,-0.21282798833819241,0.7145833333333333,960,237,386,86,251,709,-0.21015514809590974,0.7385416666666667,"('image', 'cue', 'en_us', 'us', 'cn', 'main')",36,3.1913567596991164,-0.09204870320490668,0.09739438368947204
hidream_refiner,cue,en_us,us,cn,hidream_refiner__cue__en_us__cn-minus-us,960,image,UAI,0.012805001008267813,-0.14612613914834177,0.16284257189597126,960,104,60,7,789,171,0.2573099415204678,0.178125,960,110,63,1,786,174,0.27011494252873564,0.18125,"('image', 'cue', 'en_us', 'us', 'cn', 'main')",36,3.1913567596991164,-0.23845427570153038,0.264064277718066
hidream_refiner,cue,en_us,us,cn,hidream_refiner__cue__en_us__cn-minus-us,960,image,LTO,0.09324528163055079,-0.0030458655511894435,0.19174747123040795,960,225,67,16,652,308,0.512987012987013,0.32083333333333336,960,269,55,29,607,353,0.6062322946175638,0.36770833333333336,"('image', 'cue', 'en_us', 'us', 'cn', 'main')",36,3.1913567596991164,-0.06664947728687814,0.25314004054797973
hidream_refiner,cue,en_us,us,cn,hidream_refiner__cue__en_us__cn-minus-us,960,image,IVR,-0.10526315789473684,-0.16757542817536858,-0.04833156249773459,960,268,12,5,675,285,0.8982456140350877,0.296875,960,252,26,7,675,285,0.7929824561403509,0.296875,"('image', 'cue', 'en_us', 'us', 'cn', 'main')",36,3.1913567596991164,-0.20323120849937984,-0.007295107290093833
hidream_refiner,cue,zh_cn,none,us,hidream_refiner__cue__zh_cn__us-minus-none,960,scenario,PDI,-0.08595299633347353,-0.22185632964746616,0.0497269628024882,960,20,107,0,833,127,-0.6850393700787402,0.13229166666666667,960,15,116,0,829,131,-0.7709923664122137,0.13645833333333332,"('scenario', 'cue', 'zh_cn', 'none', 'us', 'main')",36,3.2236370477120615,-0.30435259579284213,0.1324466031258951
hidream_refiner,cue,zh_cn,none,us,hidream_refiner__cue__zh_cn__us-minus-none,960,scenario,IDV,0.04060838070786721,-0.0525786002618685,0.13258294000737528,960,210,91,3,656,304,0.39144736842105265,0.31666666666666665,960,205,81,1,673,287,0.43205574912891986,0.2989583333333333,"('scenario', 'cue', 'zh_cn', 'none', 'us', 'main')",36,3.2236370477120615,-0.11274720483472989,0.1939639662504643
hidream_refiner,cue,zh_cn,none,us,hidream_refiner__cue__zh_cn__us-minus-none,960,scenario,MAS,-0.03120691816017046,-0.14658613955488953,0.09096310861111338,960,84,147,6,723,237,-0.26582278481012656,0.246875,960,70,130,2,758,202,-0.297029702970297,0.21041666666666667,"('scenario', 'cue', 'zh_cn', 'none', 'us', 'main')",36,3.2236370477120615,-0.2283715361737557,0.16595769985341477
hidream_refiner,cue,zh_cn,none,us,hidream_refiner__cue__zh_cn__us-minus-none,960,scenario,UAI,-0.054189544043924565,-0.31969905094905093,0.20232764747690116,960,29,42,0,889,71,-0.18309859154929578,0.07395833333333333,960,22,36,1,901,59,-0.23728813559322035,0.06145833333333333,"('scenario', 'cue', 'zh_cn', 'none', 'us', 'main')",36,3.2236370477120615,-0.48118984439674306,0.37281075630889393
hidream_refiner,cue,zh_cn,none,us,hidream_refiner__cue__zh_cn__us-minus-none,960,scenario,LTO,0.25238179251940723,0.05938525194025724,0.4501380717637366,960,66,35,3,856,104,0.2980769230769231,0.10833333333333334,960,82,22,5,851,109,0.5504587155963303,0.11354166666666667,"('scenario', 'cue', 'zh_cn', 'none', 'us', 'main')",36,3.2236370477120615,-0.06336784356211994,0.5681314286009345
hidream_refiner,cue,zh_cn,none,us,hidream_refiner__cue__zh_cn__us-minus-none,960,scenario,IVR,-0.03786221979223625,-0.1161045964389364,0.034546958085190614,960,114,2,2,842,118,0.9491525423728814,0.12291666666666666,960,118,5,1,836,124,0.9112903225806451,0.12916666666666668,"('scenario', 'cue', 'zh_cn', 'none', 'us', 'main')",36,3.2236370477120615,-0.16182782611351842,0.08610338652904594
hidream_refiner,cue,zh_cn,none,us,hidream_refiner__cue__zh_cn__us-minus-none,960,image,PDI,-0.03866366366366358,-0.12830529355719053,0.05119144004662923,960,26,185,5,744,216,-0.7361111111111112,0.225,960,22,194,6,738,222,-0.7747747747747747,0.23125,"('image', 'cue', 'zh_cn', 'none', 'us', 'main')",36,3.220442828586036,-0.1874880138719364,0.11016068654460923
hidream_refiner,cue,zh_cn,none,us,hidream_refiner__cue__zh_cn__us-minus-none,960,image,IDV,0.04692301995778869,-0.021646225210165706,0.1182669089085248,960,283,134,35,508,452,0.32964601769911506,0.4708333333333333,960,316,136,26,482,478,0.37656903765690375,0.4979166666666667,"('image', 'cue', 'zh_cn', 'none', 'us', 'main')",36,3.220442828586036,-0.0687155041880574,0.16256154410363477
hidream_refiner,cue,zh_cn,none,us,hidream_refiner__cue__zh_cn__us-minus-none,960,image,MAS,-0.037260652061411076,-0.09206534055041277,0.017045862570651393,960,247,362,73,278,682,-0.16862170087976538,0.7104166666666667,960,235,375,70,280,680,-0.20588235294117646,0.7083333333333334,"('image', 'cue', 'zh_cn', 'none', 'us', 'main')",36,3.220442828586036,-0.1270692677547023,0.052547963631880135
hidream_refiner,cue,zh_cn,none,us,hidream_refiner__cue__zh_cn__us-minus-none,960,image,UAI,-0.05834224598930482,-0.19244353281853283,0.07793822294984806,960,101,77,9,773,187,0.12834224598930483,0.19479166666666667,960,102,88,10,760,200,0.07,0.20833333333333334,"('image', 'cue', 'zh_cn', 'none', 'us', 'main')",36,3.220442828586036,-0.27709930901217605,0.16041481703356641
hidream_refiner,cue,zh_cn,none,us,hidream_refiner__cue__zh_cn__us-minus-none,960,image,LTO,0.024828747638879434,-0.06872380862837606,0.11871179802321541,960,219,47,25,669,291,0.5910652920962199,0.303125,960,234,48,20,658,302,0.6158940397350994,0.3145833333333333,"('image', 'cue', 'zh_cn', 'none', 'us', 'main')",36,3.220442828586036,-0.12648482374536074,0.1761423190231196
hidream_refiner,cue,zh_cn,none,us,hidream_refiner__cue__zh_cn__us-minus-none,960,image,IVR,0.021695052716950602,-0.04198485903763637,0.08664688230636175,960,245,15,14,686,274,0.8394160583941606,0.28541666666666665,960,265,17,6,672,288,0.8611111111111112,0.3,"('image', 'cue', 'zh_cn', 'none', 'us', 'main')",36,3.220442828586036,-0.08415541645156771,0.12754552188546892
hidream_refiner,cue,zh_cn,none,cn,hidream_refiner__cue__zh_cn__cn-minus-none,960,scenario,PDI,0.09128937007874016,-0.03377795233682485,0.21833766683170366,960,20,107,0,833,127,-0.6850393700787402,0.13229166666666667,960,26,102,0,832,128,-0.59375,0.13333333333333333,"('scenario', 'cue', 'zh_cn', 'none', 'cn', 'main')",36,3.2143322466276536,-0.11333365965663131,0.29591239981411166
hidream_refiner,cue,zh_cn,none,cn,hidream_refiner__cue__zh_cn__cn-minus-none,960,scenario,IDV,-0.14144736842105265,-0.2397725866861896,-0.04639288457149064,960,210,91,3,656,304,0.39144736842105265,0.31666666666666665,960,182,109,1,668,292,0.25,0.30416666666666664,"('scenario', 'cue', 'zh_cn', 'none', 'cn', 'main')",36,3.2143322466276536,-0.30045317932871374,0.017558442486608428
hidream_refiner,cue,zh_cn,none,cn,hidream_refiner__cue__zh_cn__cn-minus-none,960,scenario,MAS,0.013756669107647224,-0.0950547652128973,0.12731111343057647,960,84,147,6,723,237,-0.26582278481012656,0.246875,960,87,148,7,718,242,-0.25206611570247933,0.2520833333333333,"('scenario', 'cue', 'zh_cn', 'none', 'cn', 'main')",36,3.2143322466276536,-0.16816826001025803,0.19568159822555248
hidream_refiner,cue,zh_cn,none,cn,hidream_refiner__cue__zh_cn__cn-minus-none,960,scenario,UAI,-0.08962868117797693,-0.3158114035087719,0.1349227395876383,960,29,42,0,889,71,-0.18309859154929578,0.07395833333333333,960,24,42,0,894,66,-0.2727272727272727,0.06875,"('scenario', 'cue', 'zh_cn', 'none', 'cn', 'main')",36,3.2143322466276536,-0.45475937958357804,0.27550201722762424
hidream_refiner,cue,zh_cn,none,cn,hidream_refiner__cue__zh_cn__cn-minus-none,960,scenario,LTO,-0.09966422466422467,-0.2793103448275862,0.08326035493334266,960,66,35,3,856,104,0.2980769230769231,0.10833333333333334,960,73,48,5,834,126,0.1984126984126984,0.13125,"('scenario', 'cue', 'zh_cn', 'none', 'cn', 'main')",36,3.2143322466276536,-0.3969135568683233,0.19758510753987393
hidream_refiner,cue,zh_cn,none,cn,hidream_refiner__cue__zh_cn__cn-minus-none,960,scenario,IVR,-0.062055768179333004,-0.14623648589738003,0.009103179955352895,960,114,2,2,842,118,0.9491525423728814,0.12291666666666666,960,116,6,2,836,124,0.8870967741935484,0.12916666666666668,"('scenario', 'cue', 'zh_cn', 'none', 'cn', 'main')",36,3.2143322466276536,-0.18876217898466033,0.06465064262599432
hidream_refiner,cue,zh_cn,none,cn,hidream_refiner__cue__zh_cn__cn-minus-none,960,image,PDI,0.25269878883622965,0.15233532807062208,0.35562751328705816,960,26,185,5,744,216,-0.7361111111111112,0.225,960,50,152,9,749,211,-0.4834123222748815,0.21979166666666666,"('image', 'cue', 'zh_cn', 'none', 'cn', 'main')",36,3.209057078060957,0.08678693181603217,0.41861064585642715
hidream_refiner,cue,zh_cn,none,cn,hidream_refiner__cue__zh_cn__cn-minus-none,960,image,IDV,-0.08568997374307111,-0.15513349268648058,-0.01784087334158119,960,283,134,35,508,452,0.32964601769911506,0.4708333333333333,960,268,157,30,505,455,0.24395604395604395,0.4739583333333333,"('image', 'cue', 'zh_cn', 'none', 'cn', 'main')",36,3.209057078060957,-0.19854446169979706,0.027164514213654845
hidream_refiner,cue,zh_cn,none,cn,hidream_refiner__cue__zh_cn__cn-minus-none,960,image,MAS,-0.02474049248242799,-0.07786024130647688,0.030036706597580398,960,247,362,73,278,682,-0.16862170087976538,0.7104166666666667,960,243,377,73,267,693,-0.19336219336219337,0.721875,"('image', 'cue', 'zh_cn', 'none', 'cn', 'main')",36,3.209057078060957,-0.11372035611975141,0.06423937115489543
hidream_refiner,cue,zh_cn,none,cn,hidream_refiner__cue__zh_cn__cn-minus-none,960,image,UAI,0.05982979702144786,-0.07983950621748338,0.19681316347722944,960,101,77,9,773,187,0.12834224598930483,0.19479166666666667,960,107,72,7,774,186,0.1881720430107527,0.19375,"('image', 'cue', 'zh_cn', 'none', 'cn', 'main')",36,3.209057078060957,-0.16765631366636863,0.28731590770926435
hidream_refiner,cue,zh_cn,none,cn,hidream_refiner__cue__zh_cn__cn-minus-none,960,image,LTO,-0.058955200353100645,-0.15745810629897758,0.037845668556090124,960,219,47,25,669,291,0.5910652920962199,0.303125,960,235,61,31,633,327,0.5321100917431193,0.340625,"('image', 'cue', 'zh_cn', 'none', 'cn', 'main')",36,3.209057078060957,-0.2166009516257413,0.09869055091954002
hidream_refiner,cue,zh_cn,none,cn,hidream_refiner__cue__zh_cn__cn-minus-none,960,image,IVR,-0.004857234864748761,-0.07121551852771303,0.0593594632034124,960,245,15,14,686,274,0.8394160583941606,0.28541666666666665,960,244,17,11,688,272,0.8345588235294118,0.2833333333333333,"('image', 'cue', 'zh_cn', 'none', 'cn', 'main')",36,3.209057078060957,-0.1101810571813601,0.10046658745186259
hidream_refiner,cue,zh_cn,us,cn,hidream_refiner__cue__zh_cn__cn-minus-us,960,scenario,PDI,0.1772423664122137,0.04195609945609948,0.3169781086366791,960,15,116,0,829,131,-0.7709923664122137,0.13645833333333332,960,26,102,0,832,128,-0.59375,0.13333333333333333,"('scenario', 'cue', 'zh_cn', 'us', 'cn', 'main')",36,3.253321337831351,-0.05293931355671594,0.4074240463811433
hidream_refiner,cue,zh_cn,us,cn,hidream_refiner__cue__zh_cn__cn-minus-us,960,scenario,IDV,-0.18205574912891986,-0.2796001767900682,-0.08488254316885493,960,205,81,1,673,287,0.43205574912891986,0.2989583333333333,960,182,109,1,668,292,0.25,0.30416666666666664,"('scenario', 'cue', 'zh_cn', 'us', 'cn', 'main')",36,3.253321337831351,-0.34357713490340536,-0.0205343633544344
hidream_refiner,cue,zh_cn,us,cn,hidream_refiner__cue__zh_cn__cn-minus-us,960,scenario,MAS,0.044963587267817684,-0.07455447197439413,0.16181071403761518,960,70,130,2,758,202,-0.297029702970297,0.21041666666666667,960,87,148,7,718,242,-0.25206611570247933,0.2520833333333333,"('scenario', 'cue', 'zh_cn', 'us', 'cn', 'main')",36,3.253321337831351,-0.1506991082414337,0.24062628277706907
hidream_refiner,cue,zh_cn,us,cn,hidream_refiner__cue__zh_cn__cn-minus-us,960,scenario,UAI,-0.03543913713405236,-0.3286974968398154,0.2528823833636023,960,22,36,1,901,59,-0.23728813559322035,0.06145833333333333,960,24,42,0,894,66,-0.2727272727272727,0.06875,"('scenario', 'cue', 'zh_cn', 'us', 'cn', 'main')",36,3.253321337831351,-0.5188902104230804,0.4480119361549757
hidream_refiner,cue,zh_cn,us,cn,hidream_refiner__cue__zh_cn__cn-minus-us,960,scenario,LTO,-0.35204601718363193,-0.5323067973955189,-0.16508977707507116,960,82,22,5,851,109,0.5504587155963303,0.11354166666666667,960,73,48,5,834,126,0.1984126984126984,0.13125,"('scenario', 'cue', 'zh_cn', 'us', 'cn', 'main')",36,3.253321337831351,-0.6526753598717441,-0.05141667449551984
hidream_refiner,cue,zh_cn,us,cn,hidream_refiner__cue__zh_cn__cn-minus-us,960,scenario,IVR,-0.024193548387096753,-0.0946995997706689,0.04486330698287214,960,118,5,1,836,124,0.9112903225806451,0.12916666666666668,960,116,6,2,836,124,0.8870967741935484,0.12916666666666668,"('scenario', 'cue', 'zh_cn', 'us', 'cn', 'main')",36,3.253321337831351,-0.14051291385233144,0.09212581707813794
hidream_refiner,cue,zh_cn,us,cn,hidream_refiner__cue__zh_cn__cn-minus-us,960,image,PDI,0.29136245249989323,0.1913375556491882,0.3960033173532663,960,22,194,6,738,222,-0.7747747747747747,0.23125,960,50,152,9,749,211,-0.4834123222748815,0.21979166666666666,"('image', 'cue', 'zh_cn', 'us', 'cn', 'main')",36,3.217654852257405,0.12460220532794519,0.45812269967184127
hidream_refiner,cue,zh_cn,us,cn,hidream_refiner__cue__zh_cn__cn-minus-us,960,image,IDV,-0.1326129937008598,-0.20690951983573613,-0.06138289776337838,960,316,136,26,482,478,0.37656903765690375,0.4979166666666667,960,268,157,30,505,455,0.24395604395604395,0.4739583333333333,"('image', 'cue', 'zh_cn', 'us', 'cn', 'main')",36,3.217654852257405,-0.2530534456405248,-0.012172541761194838
hidream_refiner,cue,zh_cn,us,cn,hidream_refiner__cue__zh_cn__cn-minus-us,960,image,MAS,0.012520159578983087,-0.03970989584462003,0.06422938012309747,960,235,375,70,280,680,-0.20588235294117646,0.7083333333333334,960,243,377,73,267,693,-0.19336219336219337,0.721875,"('image', 'cue', 'zh_cn', 'us', 'cn', 'main')",36,3.217654852257405,-0.07306280579630955,0.09810312495427573
hidream_refiner,cue,zh_cn,us,cn,hidream_refiner__cue__zh_cn__cn-minus-us,960,image,UAI,0.11817204301075268,-0.028455192063631354,0.2650800277223031,960,102,88,10,760,200,0.07,0.20833333333333334,960,107,72,7,774,186,0.1881720430107527,0.19375,"('image', 'cue', 'zh_cn', 'us', 'cn', 'main')",36,3.217654852257405,-0.12299780543982489,0.3593418914613302
hidream_refiner,cue,zh_cn,us,cn,hidream_refiner__cue__zh_cn__cn-minus-us,960,image,LTO,-0.08378394799198008,-0.17714966063241921,0.014500800371050856,960,234,48,20,658,302,0.6158940397350994,0.3145833333333333,960,235,61,31,633,327,0.5321100917431193,0.340625,"('image', 'cue', 'zh_cn', 'us', 'cn', 'main')",36,3.217654852257405,-0.2410487252137128,0.07348082922975263
hidream_refiner,cue,zh_cn,us,cn,hidream_refiner__cue__zh_cn__cn-minus-us,960,image,IVR,-0.026552287581699363,-0.09708627630899327,0.04349649648739266,960,265,17,6,672,288,0.8611111111111112,0.3,960,244,17,11,688,272,0.8345588235294118,0.2833333333333333,"('image', 'cue', 'zh_cn', 'us', 'cn', 'main')",36,3.217654852257405,-0.14307403835999938,0.08996946319660067
ideogram4_magic,language,none,en_us,zh_cn,ideogram4_magic__language__none__zh_cn-minus-en_us,958,scenario,PDI,0.1672295457021462,0.06659522710778747,0.2743262475875378,958,2,132,0,824,134,-0.9701492537313433,0.13987473903966596,958,13,123,1,821,137,-0.8029197080291971,0.1430062630480167,"('scenario', 'language', 'none', 'en_us', 'zh_cn', 'main')",36,3.233445552880987,-0.006026027075017842,0.3404851184793103
ideogram4_magic,language,none,en_us,zh_cn,ideogram4_magic__language__none__zh_cn-minus-en_us,958,scenario,IDV,-0.025147417424074503,-0.115102308023586,0.06556426145882849,958,251,96,0,611,347,0.44668587896253603,0.36221294363256784,958,230,93,2,633,325,0.42153846153846153,0.33924843423799583,"('scenario', 'language', 'none', 'en_us', 'zh_cn', 'main')",36,3.233445552880987,-0.176181817425785,0.125886982577636
ideogram4_magic,language,none,en_us,zh_cn,ideogram4_magic__language__none__zh_cn-minus-en_us,958,scenario,MAS,0.09609717962595471,-0.025323373233107856,0.21654169148365338,958,68,168,5,717,241,-0.4149377593360996,0.25156576200417535,958,70,136,1,751,207,-0.3188405797101449,0.2160751565762004,"('scenario', 'language', 'none', 'en_us', 'zh_cn', 'main')",36,3.233445552880987,-0.10136433922296581,0.29355869847487526
ideogram4_magic,language,none,en_us,zh_cn,ideogram4_magic__language__none__zh_cn-minus-en_us,958,scenario,UAI,0.07264957264957267,-0.1750160521955261,0.3302601821427121,958,26,46,0,886,72,-0.2777777777777778,0.07515657620041753,958,31,47,0,880,78,-0.20512820512820512,0.081419624217119,"('scenario', 'language', 'none', 'en_us', 'zh_cn', 'main')",36,3.233445552880987,-0.33728429443784136,0.4825834397369867
ideogram4_magic,language,none,en_us,zh_cn,ideogram4_magic__language__none__zh_cn-minus-en_us,958,scenario,LTO,0.07211267605633798,-0.1027821252493671,0.24362365168509834,958,80,45,0,833,125,0.28,0.1304801670146138,958,96,46,0,816,142,0.352112676056338,0.14822546972860126,"('scenario', 'language', 'none', 'en_us', 'zh_cn', 'main')",36,3.233445552880987,-0.21812538888179267,0.3623507409944686
ideogram4_magic,language,none,en_us,zh_cn,ideogram4_magic__language__none__zh_cn-minus-en_us,958,scenario,IVR,-0.004014598540145964,-0.10427773300634299,0.09291739468219615,958,127,10,0,821,137,0.8540145985401459,0.1430062630480167,958,111,9,0,838,120,0.85,0.12526096033402923,"('scenario', 'language', 'none', 'en_us', 'zh_cn', 'main')",36,3.233445552880987,-0.16675178643782668,0.15872258935753475
ideogram4_magic,language,none,en_us,zh_cn,ideogram4_magic__language__none__zh_cn-minus-en_us,958,image,PDI,0.17920798010963668,0.09337111267177722,0.26549110124119224,958,16,228,7,707,251,-0.8446215139442231,0.2620041753653445,958,41,218,7,692,266,-0.6654135338345865,0.2776617954070981,"('image', 'language', 'none', 'en_us', 'zh_cn', 'main')",36,3.238123151994879,0.033494974606627564,0.3249209856126458
ideogram4_magic,language,none,en_us,zh_cn,ideogram4_magic__language__none__zh_cn-minus-en_us,958,image,IDV,-0.03230669610984743,-0.09618451860402638,0.03090375232012193,958,368,160,37,393,565,0.368141592920354,0.5897703549060542,958,335,156,42,425,533,0.33583489681050654,0.5563674321503131,"('image', 'language', 'none', 'en_us', 'zh_cn', 'main')",36,3.238123151994879,-0.13678222163856174,0.07216882941886686
ideogram4_magic,language,none,en_us,zh_cn,ideogram4_magic__language__none__zh_cn-minus-en_us,958,image,MAS,0.002519779071503192,-0.04927776740379889,0.055731925807165766,958,224,411,90,233,725,-0.2579310344827586,0.7567849686847599,958,216,393,84,265,693,-0.2554112554112554,0.7233820459290188,"('image', 'language', 'none', 'en_us', 'zh_cn', 'main')",36,3.238123151994879,-0.08463291537950159,0.08967247352250797
ideogram4_magic,language,none,en_us,zh_cn,ideogram4_magic__language__none__zh_cn-minus-en_us,958,image,UAI,-0.005341880341880323,-0.14222105771211294,0.1334867939670842,958,130,79,7,742,216,0.2361111111111111,0.2254697286012526,958,125,77,6,750,208,0.23076923076923078,0.21711899791231734,"('image', 'language', 'none', 'en_us', 'zh_cn', 'main')",36,3.238123151994879,-0.22878723628096234,0.2181034755972017
ideogram4_magic,language,none,en_us,zh_cn,ideogram4_magic__language__none__zh_cn-minus-en_us,958,image,LTO,0.005520215633423198,-0.08436846426941587,0.0922466741226638,958,269,77,29,583,375,0.512,0.3914405010438413,958,269,77,25,587,371,0.5175202156334232,0.3872651356993737,"('image', 'language', 'none', 'en_us', 'zh_cn', 'main')",36,3.238123151994879,-0.13966428671088035,0.15070471797772675
ideogram4_magic,language,none,en_us,zh_cn,ideogram4_magic__language__none__zh_cn-minus-en_us,958,image,IVR,-0.05248116969428451,-0.11717351317605772,0.01425678657235538,958,276,23,6,653,305,0.8295081967213115,0.31837160751565763,958,259,29,8,662,296,0.777027027027027,0.3089770354906054,"('image', 'language', 'none', 'en_us', 'zh_cn', 'main')",36,3.238123151994879,-0.1619808078510862,0.05701846846251718
ideogram4_magic,cue,en_us,none,us,ideogram4_magic__cue__en_us__us-minus-none,958,scenario,PDI,0.0031572556162720034,-0.041018631979856585,0.04936588979388699,958,2,133,0,823,135,-0.9703703703703703,0.1409185803757829,958,2,120,0,836,122,-0.9672131147540983,0.12734864300626306,"('scenario', 'cue', 'en_us', 'none', 'us', 'main')",36,3.2325803990029582,-0.06928959654741905,0.07560410777996306
ideogram4_magic,cue,en_us,none,us,ideogram4_magic__cue__en_us__us-minus-none,958,scenario,IDV,0.029077428536289696,-0.05538785689714478,0.11252998884980182,958,250,96,0,612,346,0.44508670520231214,0.36116910229645094,958,242,86,1,629,329,0.47416413373860183,0.34342379958246344,"('scenario', 'cue', 'en_us', 'none', 'us', 'main')",36,3.2325803990029582,-0.11053186027924944,0.16868671735182883
ideogram4_magic,cue,en_us,none,us,ideogram4_magic__cue__en_us__us-minus-none,958,scenario,MAS,0.06056882729726465,-0.04919759090647123,0.16630346798657653,958,68,168,5,717,241,-0.4149377593360996,0.25156576200417535,958,66,139,1,752,206,-0.35436893203883496,0.2150313152400835,"('scenario', 'cue', 'en_us', 'none', 'us', 'main')",36,3.2325803990029582,-0.11655454789658279,0.2376922024911121
ideogram4_magic,cue,en_us,none,us,ideogram4_magic__cue__en_us__us-minus-none,958,scenario,UAI,0.04093567251461991,-0.20769914651493596,0.29665685192000973,958,26,46,0,886,72,-0.2777777777777778,0.07515657620041753,958,29,47,0,882,76,-0.23684210526315788,0.07933194154488518,"('scenario', 'cue', 'en_us', 'none', 'us', 'main')",36,3.2325803990029582,-0.37040326195620243,0.4522746069854422
ideogram4_magic,cue,en_us,none,us,ideogram4_magic__cue__en_us__us-minus-none,958,scenario,LTO,0.18478873239436616,0.016539810247487127,0.3462666265432929,958,80,45,0,833,125,0.28,0.1304801670146138,958,103,37,2,816,142,0.4647887323943662,0.14822546972860126,"('scenario', 'cue', 'en_us', 'none', 'us', 'main')",36,3.2325803990029582,-0.08800374779260678,0.4575812125813391
ideogram4_magic,cue,en_us,none,us,ideogram4_magic__cue__en_us__us-minus-none,958,scenario,IVR,0.08305882352941185,0.00796000482866382,0.16972320985291464,958,126,10,0,822,136,0.8529411764705882,0.1419624217118998,958,121,4,0,833,125,0.936,0.1304801670146138,"('scenario', 'cue', 'en_us', 'none', 'us', 'main')",36,3.2325803990029582,-0.05071176315248008,0.21682941021130378
ideogram4_magic,cue,en_us,none,us,ideogram4_magic__cue__en_us__us-minus-none,958,image,PDI,-0.0457393483709273,-0.11422022973794572,0.023127677611465405,958,16,229,7,706,252,-0.8452380952380952,0.2630480167014614,958,12,249,5,692,266,-0.8909774436090225,0.2776617954070981,"('image', 'cue', 'en_us', 'none', 'us', 'main')",36,3.2219506620537737,-0.15780481840261962,0.066326121660765
ideogram4_magic,cue,en_us,none,us,ideogram4_magic__cue__en_us__us-minus-none,958,image,IDV,-0.0005740253527863892,-0.06147581809366533,0.05927864092328766,958,368,160,37,393,565,0.368141592920354,0.5897703549060542,958,357,153,45,403,555,0.3675675675675676,0.5793319415448852,"('image', 'cue', 'en_us', 'none', 'us', 'main')",36,3.2219506620537737,-0.09829677922049974,0.09714872851492697
ideogram4_magic,cue,en_us,none,us,ideogram4_magic__cue__en_us__us-minus-none,958,image,MAS,0.008968228175248005,-0.03755360758390686,0.05649714672257653,958,223,411,90,234,724,-0.2596685082872928,0.755741127348643,958,220,399,95,244,714,-0.2507002801120448,0.7453027139874739,"('image', 'cue', 'en_us', 'none', 'us', 'main')",36,3.2219506620537737,-0.069066335715661,0.087002792066157
ideogram4_magic,cue,en_us,none,us,ideogram4_magic__cue__en_us__us-minus-none,958,image,UAI,0.024758454106280192,-0.12236267706192519,0.17399670755515656,958,130,79,7,742,216,0.2361111111111111,0.2254697286012526,958,129,75,3,751,207,0.2608695652173913,0.2160751565762004,"('image', 'cue', 'en_us', 'none', 'us', 'main')",36,3.2219506620537737,-0.21769416697656216,0.26721107518912257
ideogram4_magic,cue,en_us,none,us,ideogram4_magic__cue__en_us__us-minus-none,958,image,LTO,-0.014687767198527601,-0.09952210095862532,0.06864813651123318,958,269,76,29,584,374,0.516042780748663,0.3903966597077244,958,265,80,24,589,369,0.5013550135501355,0.38517745302713985,"('image', 'cue', 'en_us', 'none', 'us', 'main')",36,3.2219506620537737,-0.15340617411543406,0.12403063971837885
ideogram4_magic,cue,en_us,none,us,ideogram4_magic__cue__en_us__us-minus-none,958,image,IVR,0.008261933904528784,-0.06001477551522034,0.0767636244807423,958,275,23,6,654,304,0.8289473684210527,0.3173277661795407,958,273,21,7,657,301,0.8372093023255814,0.31419624217118997,"('image', 'cue', 'en_us', 'none', 'us', 'main')",36,3.2219506620537737,-0.1021225821705608,0.11864644997961837
ideogram4_magic,cue,en_us,none,cn,ideogram4_magic__cue__en_us__cn-minus-none,958,scenario,PDI,0.21150512214342,0.1145228852750054,0.32102551662997797,958,2,133,0,823,135,-0.9703703703703703,0.1409185803757829,958,17,124,0,817,141,-0.7588652482269503,0.14718162839248433,"('scenario', 'cue', 'en_us', 'none', 'cn', 'main')",36,3.2138908381568254,0.042883950798517506,0.3801262934883225
ideogram4_magic,cue,en_us,none,cn,ideogram4_magic__cue__en_us__cn-minus-none,958,scenario,IDV,-0.30601309608791827,-0.39975619470228585,-0.21371653901324025,958,251,96,0,611,347,0.44668587896253603,0.36221294363256784,958,186,140,1,631,327,0.14067278287461774,0.34133611691022964,"('scenario', 'cue', 'en_us', 'none', 'cn', 'main')",36,3.2138908381568254,-0.45908373098459726,-0.15294246119123928
ideogram4_magic,cue,en_us,none,cn,ideogram4_magic__cue__en_us__cn-minus-none,958,scenario,MAS,0.11041101036490619,0.009260231441750125,0.21118981834647774,958,68,168,5,717,241,-0.4149377593360996,0.25156576200417535,958,84,158,1,715,243,-0.3045267489711934,0.2536534446764092,"('scenario', 'cue', 'en_us', 'none', 'cn', 'main')",36,3.2138908381568254,-0.05470351783694902,0.27552553856676143
ideogram4_magic,cue,en_us,none,cn,ideogram4_magic__cue__en_us__cn-minus-none,958,scenario,UAI,0.016239316239316237,-0.24909691786581076,0.2828373086719511,958,26,46,0,886,72,-0.2777777777777778,0.07515657620041753,958,24,41,0,893,65,-0.26153846153846155,0.06784968684759916,"('scenario', 'cue', 'en_us', 'none', 'cn', 'main')",36,3.2138908381568254,-0.4189212831481188,0.45139991562675125
ideogram4_magic,cue,en_us,none,cn,ideogram4_magic__cue__en_us__cn-minus-none,958,scenario,LTO,-0.010769230769230809,-0.20073382436232126,0.17709895354505367,958,80,45,0,833,125,0.28,0.1304801670146138,958,82,47,1,828,130,0.2692307692307692,0.13569937369519833,"('scenario', 'cue', 'en_us', 'none', 'cn', 'main')",36,3.2138908381568254,-0.3234152182343137,0.30187675669585207
ideogram4_magic,cue,en_us,none,cn,ideogram4_magic__cue__en_us__cn-minus-none,958,scenario,IVR,0.02098540145985406,-0.06633659909011097,0.1102445085362255,958,127,10,0,821,137,0.8540145985401459,0.1430062630480167,958,120,8,0,830,128,0.875,0.1336116910229645,"('scenario', 'cue', 'en_us', 'none', 'cn', 'main')",36,3.2138908381568254,-0.12457102753404048,0.1665418304537486
ideogram4_magic,cue,en_us,none,cn,ideogram4_magic__cue__en_us__cn-minus-none,958,image,PDI,0.2643543473166159,0.16911730022197555,0.3574825655563774,958,15,229,7,707,251,-0.852589641434263,0.2620041753653445,958,47,197,11,703,255,-0.5882352941176471,0.2661795407098121,"('image', 'cue', 'en_us', 'none', 'cn', 'main')",36,3.19842316265399,0.11257831344600147,0.41613038118723034
ideogram4_magic,cue,en_us,none,cn,ideogram4_magic__cue__en_us__cn-minus-none,958,image,IDV,-0.2606023335871256,-0.3274716229339134,-0.19135985593892335,958,369,160,37,392,566,0.36925795053003535,0.5908141962421712,958,287,228,28,415,543,0.10865561694290976,0.5668058455114823,"('image', 'cue', 'en_us', 'none', 'cn', 'main')",36,3.19842316265399,-0.37050384353759974,-0.15070082363665144
ideogram4_magic,cue,en_us,none,cn,ideogram4_magic__cue__en_us__cn-minus-none,958,image,MAS,0.04950367312245765,-0.0008787949702014646,0.10293464793237439,958,223,411,90,234,724,-0.2596685082872928,0.755741127348643,958,237,390,101,230,728,-0.21016483516483517,0.7599164926931107,"('image', 'cue', 'en_us', 'none', 'cn', 'main')",36,3.19842316265399,-0.03465755355751006,0.13366489980242535
ideogram4_magic,cue,en_us,none,cn,ideogram4_magic__cue__en_us__cn-minus-none,958,image,UAI,0.11220349563046195,-0.023735758418407298,0.25243146407312994,958,130,79,7,742,216,0.2361111111111111,0.2254697286012526,958,117,55,6,780,178,0.34831460674157305,0.18580375782881003,"('image', 'cue', 'en_us', 'none', 'cn', 'main')",36,3.19842316265399,-0.11217023491484482,0.3365772261757687
ideogram4_magic,cue,en_us,none,cn,ideogram4_magic__cue__en_us__cn-minus-none,958,image,LTO,-0.0831159737417943,-0.17399995917506408,0.007704771700209468,958,269,77,29,583,375,0.512,0.3914405010438413,958,301,105,51,501,457,0.4288840262582057,0.477035490605428,"('image', 'cue', 'en_us', 'none', 'cn', 'main')",36,3.19842316265399,-0.2299396247673926,0.063707677283804
ideogram4_magic,cue,en_us,none,cn,ideogram4_magic__cue__en_us__cn-minus-none,958,image,IVR,-0.08293285425555807,-0.14835964959355735,-0.02396908792454761,958,276,23,6,653,305,0.8295081967213115,0.31837160751565763,958,251,33,8,666,292,0.7465753424657534,0.3048016701461378,"('image', 'cue', 'en_us', 'none', 'cn', 'main')",36,3.19842316265399,-0.18473968958617673,0.01887398107506058
ideogram4_magic,cue,en_us,us,cn,ideogram4_magic__cue__en_us__cn-minus-us,958,scenario,PDI,0.20807690053338024,0.11416071029052537,0.3162429378531073,958,2,119,0,837,121,-0.9669421487603306,0.12630480167014613,958,17,124,0,817,141,-0.7588652482269503,0.14718162839248433,"('scenario', 'cue', 'en_us', 'us', 'cn', 'main')",36,3.218597707435744,0.038739415586817094,0.3774143854799434
ideogram4_magic,cue,en_us,us,cn,ideogram4_magic__cue__en_us__cn-minus-us,958,scenario,IDV,-0.3361273239226509,-0.43272891896131876,-0.23946375734120973,958,242,86,1,629,329,0.47416413373860183,0.34342379958246344,958,185,140,1,632,326,0.13803680981595093,0.34029227557411273,"('scenario', 'cue', 'en_us', 'us', 'cn', 'main')",36,3.218597707435744,-0.49557315983399586,-0.1766814880113059
ideogram4_magic,cue,en_us,us,cn,ideogram4_magic__cue__en_us__cn-minus-us,958,scenario,MAS,0.046991882858507084,-0.07559025711839266,0.16634308861676336,958,66,139,1,752,206,-0.35436893203883496,0.2150313152400835,958,84,159,1,714,244,-0.3073770491803279,0.2546972860125261,"('scenario', 'cue', 'en_us', 'us', 'cn', 'main')",36,3.218597707435744,-0.1478522230776959,0.24183598879471008
ideogram4_magic,cue,en_us,us,cn,ideogram4_magic__cue__en_us__cn-minus-us,958,scenario,UAI,-0.02469635627530367,-0.2945328677867248,0.2429648716189094,958,29,47,0,882,76,-0.23684210526315788,0.07933194154488518,958,24,41,0,893,65,-0.26153846153846155,0.06784968684759916,"('scenario', 'cue', 'en_us', 'us', 'cn', 'main')",36,3.218597707435744,-0.4720149556353769,0.4226222430847696
ideogram4_magic,cue,en_us,us,cn,ideogram4_magic__cue__en_us__cn-minus-us,958,scenario,LTO,-0.19555796316359697,-0.36697132001063454,-0.017799511497123107,958,103,37,2,816,142,0.4647887323943662,0.14822546972860126,958,82,47,1,828,130,0.2692307692307692,0.13569937369519833,"('scenario', 'cue', 'en_us', 'us', 'cn', 'main')",36,3.218597707435744,-0.4845659692797862,0.09345004295259224
ideogram4_magic,cue,en_us,us,cn,ideogram4_magic__cue__en_us__cn-minus-us,958,scenario,IVR,-0.061000000000000054,-0.138935218136028,0.004576525054466196,958,121,4,0,833,125,0.936,0.1304801670146138,958,120,8,0,830,128,0.875,0.1336116910229645,"('scenario', 'cue', 'en_us', 'us', 'cn', 'main')",36,3.218597707435744,-0.18059440610692773,0.058594406106927635
ideogram4_magic,cue,en_us,us,cn,ideogram4_magic__cue__en_us__cn-minus-us,958,image,PDI,0.302330743618202,0.21290669472185858,0.3957282470598494,958,12,248,5,693,265,-0.8905660377358491,0.2766179540709812,958,47,197,11,703,255,-0.5882352941176471,0.2661795407098121,"('image', 'cue', 'en_us', 'us', 'cn', 'main')",36,3.1913567596991164,0.15246672263530103,0.45219476460110297
ideogram4_magic,cue,en_us,us,cn,ideogram4_magic__cue__en_us__cn-minus-us,958,image,IDV,-0.2594149226690823,-0.32979789465055237,-0.18987728861456077,958,356,153,45,404,554,0.3664259927797834,0.5782881002087683,958,286,228,28,416,542,0.1070110701107011,0.5657620041753654,"('image', 'cue', 'en_us', 'us', 'cn', 'main')",36,3.1913567596991164,-0.3726794436864347,-0.1461504016517299
ideogram4_magic,cue,en_us,us,cn,ideogram4_magic__cue__en_us__cn-minus-us,958,image,MAS,0.04225311523786468,-0.010798514771155624,0.09616313786946716,958,219,400,95,244,714,-0.2535014005602241,0.7453027139874739,958,237,391,101,229,729,-0.2112482853223594,0.7609603340292276,"('image', 'cue', 'en_us', 'us', 'cn', 'main')",36,3.1913567596991164,-0.04398896714679436,0.1284951976225237
ideogram4_magic,cue,en_us,us,cn,ideogram4_magic__cue__en_us__cn-minus-us,958,image,UAI,0.08744504152418175,-0.056325187883437405,0.22704319184372804,958,129,75,3,751,207,0.2608695652173913,0.2160751565762004,958,117,55,6,780,178,0.34831460674157305,0.18580375782881003,"('image', 'cue', 'en_us', 'us', 'cn', 'main')",36,3.1913567596991164,-0.14625498744364548,0.321145070492009
ideogram4_magic,cue,en_us,us,cn,ideogram4_magic__cue__en_us__cn-minus-us,958,image,LTO,-0.07247098729192974,-0.15955966709974748,0.020388228271545183,958,265,80,24,589,369,0.5013550135501355,0.38517745302713985,958,301,105,51,501,457,0.4288840262582057,0.477035490605428,"('image', 'cue', 'en_us', 'us', 'cn', 'main')",36,3.1913567596991164,-0.21784694253972128,0.0729049679558618
ideogram4_magic,cue,en_us,us,cn,ideogram4_magic__cue__en_us__cn-minus-us,958,image,IVR,-0.09150483497162953,-0.1633083998173649,-0.024163443048421947,958,273,21,7,657,301,0.8372093023255814,0.31419624217118997,958,250,33,8,667,291,0.7457044673539519,0.3037578288100209,"('image', 'cue', 'en_us', 'us', 'cn', 'main')",36,3.1913567596991164,-0.20537526936971348,0.022365599426454413
ideogram4_magic,cue,zh_cn,none,us,ideogram4_magic__cue__zh_cn__us-minus-none,958,scenario,PDI,-0.14074226380178878,-0.24279587087253682,-0.045993309143631166,958,13,123,1,821,137,-0.8029197080291971,0.1430062630480167,958,4,138,0,816,142,-0.9436619718309859,0.14822546972860126,"('scenario', 'cue', 'zh_cn', 'none', 'us', 'main')",36,3.2236370477120615,-0.3043996039984269,0.022915076394849326
ideogram4_magic,cue,zh_cn,none,us,ideogram4_magic__cue__zh_cn__us-minus-none,958,scenario,IDV,-0.025174773166740994,-0.11170533640515481,0.06083263813774328,958,229,93,2,634,324,0.41975308641975306,0.33820459290187893,958,231,100,1,626,332,0.39457831325301207,0.3465553235908142,"('scenario', 'cue', 'zh_cn', 'none', 'us', 'main')",36,3.2236370477120615,-0.16808310938544294,0.11773356305196095
ideogram4_magic,cue,zh_cn,none,us,ideogram4_magic__cue__zh_cn__us-minus-none,958,scenario,MAS,-0.08342974998742386,-0.20671617411568607,0.038040305934228025,958,70,135,1,752,206,-0.3155339805825243,0.2150313152400835,958,57,134,2,765,193,-0.39896373056994816,0.20146137787056367,"('scenario', 'cue', 'zh_cn', 'none', 'us', 'main')",36,3.2236370477120615,-0.28542874237134375,0.11856924239649602
ideogram4_magic,cue,zh_cn,none,us,ideogram4_magic__cue__zh_cn__us-minus-none,958,scenario,UAI,-0.0782051282051282,-0.3423120512525897,0.19731487146754473,958,31,47,0,880,78,-0.20512820512820512,0.081419624217119,958,21,38,1,898,60,-0.2833333333333333,0.06263048016701461,"('scenario', 'cue', 'zh_cn', 'none', 'us', 'main')",36,3.2236370477120615,-0.5200610814416358,0.3636508250313793
ideogram4_magic,cue,zh_cn,none,us,ideogram4_magic__cue__zh_cn__us-minus-none,958,scenario,LTO,0.14346254518260004,-0.03488960655445595,0.3216787486938349,958,96,46,0,816,142,0.352112676056338,0.14822546972860126,958,84,28,1,845,113,0.49557522123893805,0.11795407098121086,"('scenario', 'cue', 'zh_cn', 'none', 'us', 'main')",36,3.2236370477120615,-0.1467468239120776,0.4336719142772777
ideogram4_magic,cue,zh_cn,none,us,ideogram4_magic__cue__zh_cn__us-minus-none,958,scenario,IVR,0.007260504201680673,-0.08989298879214448,0.10427413671599714,958,110,9,0,839,119,0.8487394957983193,0.12421711899791232,958,116,9,0,833,125,0.856,0.1304801670146138,"('scenario', 'cue', 'zh_cn', 'none', 'us', 'main')",36,3.2236370477120615,-0.15279433135476947,0.16731533975813082
ideogram4_magic,cue,zh_cn,none,us,ideogram4_magic__cue__zh_cn__us-minus-none,958,image,PDI,-0.1901821340354496,-0.26592012322001607,-0.11156760562067598,958,41,218,7,692,266,-0.6654135338345865,0.2776617954070981,958,17,254,6,681,277,-0.855595667870036,0.28914405010438415,"('image', 'cue', 'zh_cn', 'none', 'us', 'main')",36,3.220442828586036,-0.3167976579239496,-0.06356661014694959
ideogram4_magic,cue,zh_cn,none,us,ideogram4_magic__cue__zh_cn__us-minus-none,958,image,IDV,0.06097046485863539,-0.0007817293338848029,0.12210419829092907,958,334,157,42,425,533,0.3320825515947467,0.5563674321503131,958,358,143,46,411,547,0.3930530164533821,0.5709812108559499,"('image', 'cue', 'zh_cn', 'none', 'us', 'main')",36,3.220442828586036,-0.04133718835809072,0.1632781180753615
ideogram4_magic,cue,zh_cn,none,us,ideogram4_magic__cue__zh_cn__us-minus-none,958,image,MAS,0.03569294555210048,-0.0172202640616278,0.08703810074117346,958,216,393,84,265,693,-0.2554112554112554,0.7233820459290188,958,233,389,88,248,710,-0.21971830985915494,0.7411273486430062,"('image', 'cue', 'zh_cn', 'none', 'us', 'main')",36,3.220442828586036,-0.05083058088265101,0.12221647198685197
ideogram4_magic,cue,zh_cn,none,us,ideogram4_magic__cue__zh_cn__us-minus-none,958,image,UAI,0.08023555391976445,-0.06677563542405282,0.2268884524908077,958,125,77,6,750,208,0.23076923076923078,0.21711899791231734,958,132,67,10,749,209,0.31100478468899523,0.21816283924843424,"('image', 'cue', 'zh_cn', 'none', 'us', 'main')",36,3.220442828586036,-0.16090173277962294,0.32137284061915183
ideogram4_magic,cue,zh_cn,none,us,ideogram4_magic__cue__zh_cn__us-minus-none,958,image,LTO,-0.01474243785564544,-0.10862825158320577,0.07718445459372028,958,269,77,25,587,371,0.5175202156334232,0.3872651356993737,958,258,77,25,598,360,0.5027777777777778,0.3757828810020877,"('image', 'cue', 'zh_cn', 'none', 'us', 'main')",36,3.220442828586036,-0.16669503693070029,0.1372101612194094
ideogram4_magic,cue,zh_cn,none,us,ideogram4_magic__cue__zh_cn__us-minus-none,958,image,IVR,0.0033008418254319993,-0.06797748861521967,0.07910849302550042,958,259,29,8,662,296,0.777027027027027,0.3089770354906054,958,268,30,7,653,305,0.780327868852459,0.31837160751565763,"('image', 'cue', 'zh_cn', 'none', 'us', 'main')",36,3.220442828586036,-0.11811877186705752,0.12472045551792152
ideogram4_magic,cue,zh_cn,none,cn,ideogram4_magic__cue__zh_cn__cn-minus-none,957,scenario,PDI,0.1525700576795468,0.03906057201205798,0.2742427703781648,957,13,123,1,820,137,-0.8029197080291971,0.14315569487983282,957,25,118,0,814,143,-0.6503496503496503,0.14942528735632185,"('scenario', 'cue', 'zh_cn', 'none', 'cn', 'main')",36,3.2143322466276536,-0.04015324247515792,0.3452933578342515
ideogram4_magic,cue,zh_cn,none,cn,ideogram4_magic__cue__zh_cn__cn-minus-none,957,scenario,IDV,-0.22631046346893338,-0.3234576781867709,-0.13009792471646484,957,229,93,2,633,324,0.41975308641975306,0.3385579937304075,957,181,122,2,652,305,0.19344262295081968,0.3187042842215256,"('scenario', 'cue', 'zh_cn', 'none', 'cn', 'main')",36,3.2143322466276536,-0.3858684355212454,-0.0667524914166214
ideogram4_magic,cue,zh_cn,none,cn,ideogram4_magic__cue__zh_cn__cn-minus-none,957,scenario,MAS,0.03614015776921664,-0.08076820013142444,0.14904118487239676,957,70,136,1,750,207,-0.3188405797101449,0.21630094043887146,957,85,152,0,720,237,-0.28270042194092826,0.2476489028213166,"('scenario', 'cue', 'zh_cn', 'none', 'cn', 'main')",36,3.2143322466276536,-0.15372222777114994,0.22600254330958322
ideogram4_magic,cue,zh_cn,none,cn,ideogram4_magic__cue__zh_cn__cn-minus-none,957,scenario,UAI,0.05258583224684918,-0.22476737376221023,0.3321292935403642,957,31,47,0,879,78,-0.20512820512820512,0.08150470219435736,957,25,34,0,898,59,-0.15254237288135594,0.06165099268547544,"('scenario', 'cue', 'zh_cn', 'none', 'cn', 'main')",36,3.2143322466276536,-0.4062895974798384,0.5114612619735368
ideogram4_magic,cue,zh_cn,none,cn,ideogram4_magic__cue__zh_cn__cn-minus-none,957,scenario,LTO,0.03521126760563381,-0.12413047844637365,0.1876848017035432,957,96,46,0,815,142,0.352112676056338,0.148380355276907,957,98,43,1,815,142,0.3873239436619718,0.148380355276907,"('scenario', 'cue', 'zh_cn', 'none', 'cn', 'main')",36,3.2143322466276536,-0.222285601656241,0.29270813686750863
ideogram4_magic,cue,zh_cn,none,cn,ideogram4_magic__cue__zh_cn__cn-minus-none,957,scenario,IVR,-0.016666666666666607,-0.11831372862110567,0.0876858932721878,957,111,9,0,837,120,0.85,0.12539184952978055,957,110,10,0,837,120,0.8333333333333334,0.12539184952978055,"('scenario', 'cue', 'zh_cn', 'none', 'cn', 'main')",36,3.2143322466276536,-0.18745788133652522,0.154124548003192
ideogram4_magic,cue,zh_cn,none,cn,ideogram4_magic__cue__zh_cn__cn-minus-none,957,image,PDI,0.10131096973202236,0.006224380158562196,0.2033378220872966,957,41,218,7,691,266,-0.6654135338345865,0.2779519331243469,957,45,177,12,723,234,-0.5641025641025641,0.2445141065830721,"('image', 'cue', 'zh_cn', 'none', 'cn', 'main')",36,3.209057078060957,-0.06004166608518094,0.26266360554922563
ideogram4_magic,cue,zh_cn,none,cn,ideogram4_magic__cue__zh_cn__cn-minus-none,957,image,IDV,-0.15874921826141336,-0.23167476273231147,-0.08877282292806549,957,334,157,42,424,533,0.3320825515947467,0.5569487983281086,957,287,196,42,432,525,0.17333333333333334,0.54858934169279,"('image', 'cue', 'zh_cn', 'none', 'cn', 'main')",36,3.209057078060957,-0.2751034565541036,-0.04239497996872307
ideogram4_magic,cue,zh_cn,none,cn,ideogram4_magic__cue__zh_cn__cn-minus-none,957,image,MAS,0.06977439904269173,0.017882961702469263,0.12058253894357245,957,216,393,84,264,693,-0.2554112554112554,0.7241379310344828,957,249,386,103,219,738,-0.1856368563685637,0.7711598746081505,"('image', 'cue', 'zh_cn', 'none', 'cn', 'main')",36,3.209057078060957,-0.01458751416435683,0.15413631224974028
ideogram4_magic,cue,zh_cn,none,cn,ideogram4_magic__cue__zh_cn__cn-minus-none,957,image,UAI,0.11177220569485763,-0.04043585839218714,0.26322961219095614,957,125,77,6,749,208,0.23076923076923078,0.2173458725182863,957,119,57,5,776,181,0.3425414364640884,0.1891327063740857,"('image', 'cue', 'zh_cn', 'none', 'cn', 'main')",36,3.209057078060957,-0.13601559460535315,0.35956000599506843
ideogram4_magic,cue,zh_cn,none,cn,ideogram4_magic__cue__zh_cn__cn-minus-none,957,image,LTO,-0.08015291202408137,-0.16695583952336499,0.003761524582565862,957,269,77,25,586,371,0.5175202156334232,0.3876698014629049,957,308,102,61,486,471,0.43736730360934184,0.49216300940438873,"('image', 'cue', 'zh_cn', 'none', 'cn', 'main')",36,3.209057078060957,-0.22192962933847463,0.06162380529031189
ideogram4_magic,cue,zh_cn,none,cn,ideogram4_magic__cue__zh_cn__cn-minus-none,957,image,IVR,-0.018406337371854598,-0.10134545642211797,0.06071686126373623,957,259,29,8,661,296,0.777027027027027,0.30929989550679204,957,252,32,6,667,290,0.7586206896551724,0.30303030303030304,"('image', 'cue', 'zh_cn', 'none', 'cn', 'main')",36,3.209057078060957,-0.14961405895609606,0.11280138421238686
ideogram4_magic,cue,zh_cn,us,cn,ideogram4_magic__cue__zh_cn__cn-minus-us,957,scenario,PDI,0.2912781662781663,0.1833521169661895,0.4087887008012951,957,4,139,0,814,143,-0.9440559440559441,0.14942528735632185,957,25,119,0,813,144,-0.6527777777777778,0.15047021943573669,"('scenario', 'cue', 'zh_cn', 'us', 'cn', 'main')",36,3.253321337831351,0.10108783277293074,0.4814684997834018
ideogram4_magic,cue,zh_cn,us,cn,ideogram4_magic__cue__zh_cn__cn-minus-us,957,scenario,IDV,-0.19930662176217126,-0.3011707958748888,-0.09838226221321376,957,230,100,1,626,331,0.39274924471299094,0.3458725182863114,957,181,122,2,652,305,0.19344262295081968,0.3187042842215256,"('scenario', 'cue', 'zh_cn', 'us', 'cn', 'main')",36,3.253321337831351,-0.3642996583263222,-0.0343135851980203
ideogram4_magic,cue,zh_cn,us,cn,ideogram4_magic__cue__zh_cn__cn-minus-us,957,scenario,MAS,0.11930271362079564,-0.006231279644777739,0.24857282113823922,957,57,134,2,764,193,-0.39896373056994816,0.20167189132706373,957,85,151,0,721,236,-0.2796610169491525,0.24660397074190177,"('scenario', 'cue', 'zh_cn', 'us', 'cn', 'main')",36,3.253321337831351,-0.09341049099718615,0.3320159182387774
ideogram4_magic,cue,zh_cn,us,cn,ideogram4_magic__cue__zh_cn__cn-minus-us,957,scenario,UAI,0.13079096045197738,-0.1718035190615836,0.43177399726435206,957,21,38,1,897,60,-0.2833333333333333,0.06269592476489028,957,25,34,0,898,59,-0.15254237288135594,0.06165099268547544,"('scenario', 'cue', 'zh_cn', 'us', 'cn', 'main')",36,3.253321337831351,-0.36606737690142566,0.6276492978053805
ideogram4_magic,cue,zh_cn,us,cn,ideogram4_magic__cue__zh_cn__cn-minus-us,957,scenario,LTO,-0.10825127757696623,-0.28548835592631217,0.07345781948089455,957,84,28,1,844,113,0.49557522123893805,0.1180773249738767,957,98,43,1,815,142,0.3873239436619718,0.148380355276907,"('scenario', 'cue', 'zh_cn', 'us', 'cn', 'main')",36,3.253321337831351,-0.40551345808375,0.18901090292981754
ideogram4_magic,cue,zh_cn,us,cn,ideogram4_magic__cue__zh_cn__cn-minus-us,957,scenario,IVR,-0.024067226890756244,-0.09669604729106454,0.04454748289793208,957,116,9,0,832,125,0.856,0.13061650992685475,957,109,10,0,838,119,0.8319327731092437,0.12434691745036573,"('scenario', 'cue', 'zh_cn', 'us', 'cn', 'main')",36,3.253321337831351,-0.14161484379751033,0.09348039001599785
ideogram4_magic,cue,zh_cn,us,cn,ideogram4_magic__cue__zh_cn__cn-minus-us,957,image,PDI,0.2901576611051584,0.2060176658037484,0.38229075716830224,957,17,255,6,679,278,-0.8561151079136691,0.290491118077325,957,45,178,12,722,235,-0.5659574468085107,0.24555903866248693,"('image', 'cue', 'zh_cn', 'us', 'cn', 'main')",36,3.217654852257405,0.14707276270812938,0.4332425595021874
ideogram4_magic,cue,zh_cn,us,cn,ideogram4_magic__cue__zh_cn__cn-minus-us,957,image,IDV,-0.2186080586080586,-0.28771878906278703,-0.151655032630469,957,357,143,46,411,546,0.39194139194139194,0.5705329153605015,957,287,196,42,432,525,0.17333333333333334,0.54858934169279,"('image', 'cue', 'zh_cn', 'us', 'cn', 'main')",36,3.217654852257405,-0.3303330527880434,-0.10688306442807377
ideogram4_magic,cue,zh_cn,us,cn,ideogram4_magic__cue__zh_cn__cn-minus-us,957,image,MAS,0.03518642383473161,-0.014746650967088788,0.0876852045805426,957,233,389,88,247,710,-0.21971830985915494,0.741901776384535,957,249,385,103,220,737,-0.18453188602442333,0.7701149425287356,"('image', 'cue', 'zh_cn', 'us', 'cn', 'main')",36,3.217654852257405,-0.04921495286499572,0.11958780053445894
ideogram4_magic,cue,zh_cn,us,cn,ideogram4_magic__cue__zh_cn__cn-minus-us,957,image,UAI,0.03153665177509318,-0.11798991421429278,0.18038349101370263,957,132,67,10,748,209,0.31100478468899523,0.21839080459770116,957,119,57,5,776,181,0.3425414364640884,0.1891327063740857,"('image', 'cue', 'zh_cn', 'us', 'cn', 'main')",36,3.217654852257405,-0.21549004743423794,0.2785633509844243
ideogram4_magic,cue,zh_cn,us,cn,ideogram4_magic__cue__zh_cn__cn-minus-us,957,image,LTO,-0.06541047416843593,-0.15677228517437164,0.02840015004851191,957,258,77,25,597,360,0.5027777777777778,0.3761755485893417,957,308,102,61,486,471,0.43736730360934184,0.49216300940438873,"('image', 'cue', 'zh_cn', 'us', 'cn', 'main')",36,3.217654852257405,-0.21701356608944075,0.0861926177525689
ideogram4_magic,cue,zh_cn,us,cn,ideogram4_magic__cue__zh_cn__cn-minus-us,957,image,IVR,-0.021819796029867056,-0.09492236646252722,0.052128019588956465,957,267,30,7,653,304,0.7796052631578947,0.3176593521421108,957,251,32,6,668,289,0.7577854671280276,0.3019853709508882,"('image', 'cue', 'zh_cn', 'us', 'cn', 'main')",36,3.217654852257405,-0.142775780823165,0.0991361887634309
mai26flash,language,us,en_us,zh_cn,mai26flash__language__us__zh_cn-minus-en_us,938,scenario,PDI,-0.008104575163398686,-0.08374321400436605,0.06970075544893058,938,6,144,0,788,150,-0.92,0.15991471215351813,938,5,147,1,785,153,-0.9281045751633987,0.1631130063965885,"('scenario', 'language', 'us', 'en_us', 'zh_cn', 'main')",36,3.2234317698450123,-0.13407111787855922,0.11786196755176184
mai26flash,language,us,en_us,zh_cn,mai26flash__language__us__zh_cn-minus-en_us,938,scenario,IDV,-0.03727651809345711,-0.10148133045668746,0.02843949874309353,938,325,198,15,400,538,0.23605947955390336,0.5735607675906184,938,290,192,11,445,493,0.19878296146044624,0.5255863539445629,"('scenario', 'language', 'us', 'en_us', 'zh_cn', 'main')",36,3.2234317698450123,-0.14301210241326046,0.06845906622634625
mai26flash,language,us,en_us,zh_cn,mai26flash__language__us__zh_cn-minus-en_us,938,scenario,MAS,0.05913685568857985,-0.01806164298667042,0.1399244208494208,938,98,266,13,561,377,-0.44562334217506633,0.40191897654584224,938,104,247,19,568,370,-0.3864864864864865,0.39445628997867804,"('scenario', 'language', 'us', 'en_us', 'zh_cn', 'main')",36,3.2234317698450123,-0.0709729958033127,0.1892467071804724
mai26flash,language,us,en_us,zh_cn,mai26flash__language__us__zh_cn-minus-en_us,938,scenario,UAI,-0.14255431902490726,-0.336197446052905,0.04673069840246763,938,46,65,0,827,111,-0.17117117117117117,0.11833688699360341,938,35,67,0,836,102,-0.3137254901960784,0.10874200426439233,"('scenario', 'language', 'us', 'en_us', 'zh_cn', 'main')",36,3.2234317698450123,-0.4539935320555798,0.1688848940057653
mai26flash,language,us,en_us,zh_cn,mai26flash__language__us__zh_cn-minus-en_us,938,scenario,LTO,0.038803906317517955,-0.0506259360790014,0.12707241910631745,938,225,33,3,677,261,0.735632183908046,0.27825159914712155,938,235,29,2,672,266,0.7744360902255639,0.2835820895522388,"('scenario', 'language', 'us', 'en_us', 'zh_cn', 'main')",36,3.2234317698450123,-0.10741672309098088,0.1850245357260168
mai26flash,language,us,en_us,zh_cn,mai26flash__language__us__zh_cn-minus-en_us,938,scenario,IVR,0.07730357288856182,-0.02662279148121514,0.18373896698267372,938,137,24,1,776,162,0.6975308641975309,0.17270788912579957,938,134,17,0,787,151,0.7748344370860927,0.16098081023454158,"('scenario', 'language', 'us', 'en_us', 'zh_cn', 'main')",36,3.2234317698450123,-0.09527579657176846,0.2498829423488921
mai26flash,language,us,en_us,zh_cn,mai26flash__language__us__zh_cn-minus-en_us,938,image,PDI,-0.004374184636635747,-0.04939918637017274,0.03961034234860857,938,13,315,4,606,332,-0.9096385542168675,0.35394456289978676,938,10,297,7,624,314,-0.9140127388535032,0.3347547974413646,"('image', 'language', 'us', 'en_us', 'zh_cn', 'main')",36,3.1667696192514736,-0.07595984876387593,0.06721147949060444
mai26flash,language,us,en_us,zh_cn,mai26flash__language__us__zh_cn-minus-en_us,938,image,IDV,0.09500609013398295,0.048838194076413835,0.1412821768473414,938,329,298,194,117,821,0.037758830694275276,0.8752665245202559,938,371,262,188,117,821,0.13276492082825822,0.8752665245202559,"('image', 'language', 'us', 'en_us', 'zh_cn', 'main')",36,3.1667696192514736,0.019793793317080144,0.17021838695088576
mai26flash,language,us,en_us,zh_cn,mai26flash__language__us__zh_cn-minus-en_us,938,image,MAS,0.0017202677435863567,-0.034902311745101965,0.03854200878977095,938,141,387,365,45,893,-0.27547592385218367,0.9520255863539445,938,129,371,384,54,884,-0.2737556561085973,0.9424307036247335,"('image', 'language', 'us', 'en_us', 'zh_cn', 'main')",36,3.1667696192514736,-0.05740011609670819,0.060840651583880904
mai26flash,language,us,en_us,zh_cn,mai26flash__language__us__zh_cn-minus-en_us,938,image,UAI,-0.08919753086419754,-0.17662667840633942,-0.0025451561569828905,938,145,168,47,578,360,-0.06388888888888888,0.3837953091684435,938,143,205,57,533,405,-0.15308641975308643,0.43176972281449894,"('image', 'language', 'us', 'en_us', 'zh_cn', 'main')",36,3.1667696192514736,-0.22885097959063946,0.050455917862244376
mai26flash,language,us,en_us,zh_cn,mai26flash__language__us__zh_cn-minus-en_us,938,image,LTO,0.02558486809357885,-0.01700282782296868,0.06760260036634504,938,563,44,128,203,735,0.7061224489795919,0.7835820895522388,938,580,40,118,200,738,0.7317073170731707,0.7867803837953091,"('image', 'language', 'us', 'en_us', 'zh_cn', 'main')",36,3.1667696192514736,-0.04222877131879281,0.09339850750595051
mai26flash,language,us,en_us,zh_cn,mai26flash__language__us__zh_cn-minus-en_us,938,image,IVR,-0.025809822361546497,-0.1093549058893741,0.05705315731698238,938,241,52,26,619,319,0.5924764890282131,0.3400852878464819,938,240,53,37,608,330,0.5666666666666667,0.35181236673773986,"('image', 'language', 'us', 'en_us', 'zh_cn', 'main')",36,3.1667696192514736,-0.16000681143402765,0.10838716671093465
mai26flash,language,cn,en_us,zh_cn,mai26flash__language__cn__zh_cn-minus-en_us,939,scenario,PDI,-0.02441870904030885,-0.12672925504318375,0.07303758709867238,939,16,125,0,798,141,-0.7730496453900709,0.1501597444089457,939,16,142,0,781,158,-0.7974683544303798,0.16826411075612355,"('scenario', 'language', 'cn', 'en_us', 'zh_cn', 'main')",36,3.2053671215303976,-0.1877196066398843,0.1388821885592666
mai26flash,language,cn,en_us,zh_cn,mai26flash__language__cn__zh_cn-minus-en_us,939,scenario,IDV,-0.034129882062208405,-0.10219730496755143,0.03655947996833358,939,288,204,10,437,502,0.16733067729083664,0.5346112886048988,939,281,214,8,436,503,0.13320079522862824,0.5356762513312034,"('scenario', 'language', 'cn', 'en_us', 'zh_cn', 'main')",36,3.2053671215303976,-0.1487659664533625,0.0805062023289457
mai26flash,language,cn,en_us,zh_cn,mai26flash__language__cn__zh_cn-minus-en_us,939,scenario,MAS,0.02934362934362933,-0.05201241028259107,0.11351398183940724,939,106,249,15,569,370,-0.3864864864864865,0.39403620873269435,939,109,239,16,575,364,-0.35714285714285715,0.3876464323748669,"('scenario', 'language', 'cn', 'en_us', 'zh_cn', 'main')",36,3.2053671215303976,-0.10590128836089385,0.1645885470481525
mai26flash,language,cn,en_us,zh_cn,mai26flash__language__cn__zh_cn-minus-en_us,939,scenario,UAI,0.013899466869763899,-0.17256175238384105,0.19821308118761188,939,43,58,0,838,101,-0.1485148514851485,0.10756123535676251,939,45,59,0,835,104,-0.1346153846153846,0.11075612353567625,"('scenario', 'language', 'cn', 'en_us', 'zh_cn', 'main')",36,3.2053671215303976,-0.28861486569714917,0.31641379943667697
mai26flash,language,cn,en_us,zh_cn,mai26flash__language__cn__zh_cn-minus-en_us,939,scenario,LTO,0.0026345121086229772,-0.07175014026195126,0.07695830594652041,939,234,37,7,661,278,0.7086330935251799,0.29605963791267303,939,238,36,10,655,284,0.7112676056338029,0.30244941427050054,"('scenario', 'language', 'cn', 'en_us', 'zh_cn', 'main')",36,3.2053671215303976,-0.11838639055219025,0.1236554147694362
mai26flash,language,cn,en_us,zh_cn,mai26flash__language__cn__zh_cn-minus-en_us,939,scenario,IVR,0.0564195298372514,-0.04903956203199202,0.16680197446325282,939,140,18,0,781,158,0.7721518987341772,0.16826411075612355,939,127,11,2,799,140,0.8285714285714286,0.14909478168264112,"('scenario', 'language', 'cn', 'en_us', 'zh_cn', 'main')",36,3.2053671215303976,-0.12165662201928831,0.23449568169379112
mai26flash,language,cn,en_us,zh_cn,mai26flash__language__cn__zh_cn-minus-en_us,939,image,PDI,-0.08095238095238089,-0.15526201326332129,-0.008243923715995262,939,33,211,16,679,260,-0.6846153846153846,0.27689030883919064,939,29,238,6,666,273,-0.7655677655677655,0.29073482428115016,"('image', 'language', 'cn', 'en_us', 'zh_cn', 'main')",36,3.215055949218444,-0.20092207256046396,0.03901731065570217
mai26flash,language,cn,en_us,zh_cn,mai26flash__language__cn__zh_cn-minus-en_us,939,image,IDV,0.03553621174396686,-0.01123817961356054,0.0832480670835541,939,321,319,149,150,789,0.0025348542458808617,0.8402555910543131,939,329,299,160,151,788,0.03807106598984772,0.8391906283280085,"('image', 'language', 'cn', 'en_us', 'zh_cn', 'main')",36,3.215055949218444,-0.04221271409277762,0.11328513758071133
mai26flash,language,cn,en_us,zh_cn,mai26flash__language__cn__zh_cn-minus-en_us,939,image,MAS,-0.04118539542693064,-0.07803047817167066,-0.005748105728685783,939,198,402,283,56,883,-0.23103057757644394,0.9403620873269436,939,170,412,307,50,889,-0.2722159730033746,0.946751863684771,"('image', 'language', 'cn', 'en_us', 'zh_cn', 'main')",36,3.215055949218444,-0.10047399585121632,0.01810320499735503
mai26flash,language,cn,en_us,zh_cn,mai26flash__language__cn__zh_cn-minus-en_us,939,image,UAI,-0.013047472659493659,-0.11759623377470335,0.09338228693180918,939,170,126,35,608,331,0.13293051359516617,0.35250266240681577,939,167,126,49,597,342,0.11988304093567251,0.36421725239616615,"('image', 'language', 'cn', 'en_us', 'zh_cn', 'main')",36,3.215055949218444,-0.18373469566252856,0.15763975034354125
mai26flash,language,cn,en_us,zh_cn,mai26flash__language__cn__zh_cn-minus-en_us,939,image,LTO,0.01037410559464258,-0.037338363132196864,0.058559201688868856,939,557,65,144,173,766,0.6422976501305483,0.8157614483493077,939,572,59,155,153,786,0.6526717557251909,0.8370607028753994,"('image', 'language', 'cn', 'en_us', 'zh_cn', 'main')",36,3.215055949218444,-0.06860468366607696,0.08935289485536212
mai26flash,language,cn,en_us,zh_cn,mai26flash__language__cn__zh_cn-minus-en_us,939,image,IVR,0.03201035085360926,-0.04619562614190392,0.10766949221549071,939,250,75,21,593,346,0.5057803468208093,0.36847710330138445,939,250,65,29,595,344,0.5377906976744186,0.3663471778487753,"('image', 'language', 'cn', 'en_us', 'zh_cn', 'main')",36,3.215055949218444,-0.09496052691160203,0.15898122861882055
gptimage2,language,us,en_us,zh_cn,gptimage2__language__us__zh_cn-minus-en_us,923,scenario,PDI,0.07269163957062041,0.020490230490230556,0.13659053297445334,923,3,140,0,780,143,-0.958041958041958,0.15492957746478872,923,9,148,0,766,157,-0.8853503184713376,0.17009750812567714,"('scenario', 'language', 'us', 'en_us', 'zh_cn', 'main')",36,3.2234317698450123,-0.025149809451586513,0.17053308859282734
gptimage2,language,us,en_us,zh_cn,gptimage2__language__us__zh_cn-minus-en_us,923,scenario,IDV,-0.015007898894154825,-0.09117503148219556,0.06585252692499768,923,282,135,5,501,422,0.34834123222748814,0.457204767063922,923,239,117,10,557,366,0.3333333333333333,0.39653304442036835,"('scenario', 'language', 'us', 'en_us', 'zh_cn', 'main')",36,3.2234317698450123,-0.14164636323836097,0.11163056545005132
gptimage2,language,us,en_us,zh_cn,gptimage2__language__us__zh_cn-minus-en_us,923,scenario,MAS,0.07550025222801415,-0.021970542196435027,0.17511716418319975,923,98,204,11,610,313,-0.33865814696485624,0.3391115926327194,923,100,175,10,638,285,-0.2631578947368421,0.3087757313109426,"('scenario', 'language', 'us', 'en_us', 'zh_cn', 'main')",36,3.2234317698450123,-0.08792877053603071,0.23892927499205902
gptimage2,language,us,en_us,zh_cn,gptimage2__language__us__zh_cn-minus-en_us,923,scenario,UAI,0.0,-0.20009744924242673,0.2132264051460508,923,40,60,0,823,100,-0.2,0.10834236186348863,923,38,57,0,828,95,-0.2,0.10292524377031419,"('scenario', 'language', 'us', 'en_us', 'zh_cn', 'main')",36,3.2234317698450123,-0.339371359354777,0.339371359354777
gptimage2,language,us,en_us,zh_cn,gptimage2__language__us__zh_cn-minus-en_us,923,scenario,LTO,0.014851186889986767,-0.12075399120537805,0.15111088964698413,923,143,46,4,730,193,0.5025906735751295,0.20910075839653305,923,127,38,7,751,172,0.5174418604651163,0.18634886240520043,"('scenario', 'language', 'us', 'en_us', 'zh_cn', 'main')",36,3.2234317698450123,-0.20959790535342496,0.2393002791333985
gptimage2,language,us,en_us,zh_cn,gptimage2__language__us__zh_cn-minus-en_us,923,scenario,IVR,0.03488803662006679,-0.08179006092051289,0.1542481485793999,923,122,13,2,786,137,0.7956204379562044,0.14842903575297942,923,107,9,2,805,118,0.8305084745762712,0.12784398699891658,"('scenario', 'language', 'us', 'en_us', 'zh_cn', 'main')",36,3.2234317698450123,-0.1597692677998347,0.22954534103996826
gptimage2,language,us,en_us,zh_cn,gptimage2__language__us__zh_cn-minus-en_us,923,image,PDI,-0.010066298726092548,-0.0679735047028816,0.04839574029543101,923,17,260,14,632,291,-0.8350515463917526,0.3152762730227519,923,18,269,10,626,297,-0.8451178451178452,0.3217768147345612,"('image', 'language', 'us', 'en_us', 'zh_cn', 'main')",36,3.1667696192514736,-0.10771609451397411,0.08758349706178901
gptimage2,language,us,en_us,zh_cn,gptimage2__language__us__zh_cn-minus-en_us,923,image,IDV,0.010067386538929968,-0.04026073890502276,0.05998034500342909,923,375,189,114,245,678,0.2743362831858407,0.7345612134344529,923,361,175,118,269,654,0.28440366972477066,0.7085590465872156,"('image', 'language', 'us', 'en_us', 'zh_cn', 'main')",36,3.1667696192514736,-0.07215118272375307,0.092285955801613
gptimage2,language,us,en_us,zh_cn,gptimage2__language__us__zh_cn-minus-en_us,923,image,MAS,0.05566389159728993,0.010487313661797601,0.10147754810478372,923,185,355,264,119,804,-0.21144278606965175,0.8710725893824486,923,211,335,250,127,796,-0.15577889447236182,0.8624052004333694,"('image', 'language', 'us', 'en_us', 'zh_cn', 'main')",36,3.1667696192514736,-0.01818264082120262,0.1295104240157825
gptimage2,language,us,en_us,zh_cn,gptimage2__language__us__zh_cn-minus-en_us,923,image,UAI,-0.03523301006138535,-0.1387509299932194,0.06769543613927086,923,160,127,35,601,322,0.10248447204968944,0.3488624052004334,923,160,137,45,581,342,0.06725146198830409,0.3705308775731311,"('image', 'language', 'us', 'en_us', 'zh_cn', 'main')",36,3.1667696192514736,-0.2027216248626651,0.1322556047398944
gptimage2,language,us,en_us,zh_cn,gptimage2__language__us__zh_cn-minus-en_us,923,image,LTO,-0.024007936507936534,-0.091552703707711,0.042671226677805624,923,390,81,89,363,560,0.5517857142857143,0.6067172264355363,923,360,75,105,383,540,0.5277777777777778,0.5850487540628385,"('image', 'language', 'us', 'en_us', 'zh_cn', 'main')",36,3.1667696192514736,-0.13240556017011287,0.0843896871542398
gptimage2,language,us,en_us,zh_cn,gptimage2__language__us__zh_cn-minus-en_us,923,image,IVR,0.06145980637441528,-0.011200789408722978,0.13448696393190965,923,258,37,22,606,317,0.6971608832807571,0.3434452871072589,923,246,26,18,633,290,0.7586206896551724,0.314192849404117,"('image', 'language', 'us', 'en_us', 'zh_cn', 'main')",36,3.1667696192514736,-0.05593813414492732,0.17885774689375789
gptimage2,language,cn,en_us,zh_cn,gptimage2__language__cn__zh_cn-minus-en_us,934,scenario,PDI,-0.14107142857142863,-0.27143841636654875,-0.014768703437120547,934,30,110,0,794,140,-0.5714285714285714,0.14989293361884368,934,23,137,0,774,160,-0.7125,0.17130620985010706,"('scenario', 'language', 'cn', 'en_us', 'zh_cn', 'main')",36,3.2053671215303976,-0.3501425659863659,0.06799970884350864
gptimage2,language,cn,en_us,zh_cn,gptimage2__language__cn__zh_cn-minus-en_us,934,scenario,IDV,0.018628765178993867,-0.06617749312423918,0.10088007632048103,934,239,158,11,526,408,0.19852941176470587,0.43683083511777304,934,224,143,6,561,373,0.21715817694369974,0.3993576017130621,"('scenario', 'language', 'cn', 'en_us', 'zh_cn', 'main')",36,3.2053671215303976,-0.11694513482787294,0.15420266518586068
gptimage2,language,cn,en_us,zh_cn,gptimage2__language__cn__zh_cn-minus-en_us,934,scenario,MAS,0.006878152486556349,-0.08594270087956121,0.0989255576296002,934,129,182,11,612,322,-0.16459627329192547,0.34475374732334046,934,116,163,19,636,298,-0.15771812080536912,0.31905781584582443,"('scenario', 'language', 'cn', 'en_us', 'zh_cn', 'main')",36,3.2053671215303976,-0.14634660985225317,0.16010291482536587
gptimage2,language,cn,en_us,zh_cn,gptimage2__language__cn__zh_cn-minus-en_us,934,scenario,UAI,0.06565656565656566,-0.13854349842703878,0.2680260698598228,934,43,55,1,835,99,-0.12121212121212122,0.10599571734475374,934,51,57,0,826,108,-0.05555555555555555,0.11563169164882227,"('scenario', 'language', 'cn', 'en_us', 'zh_cn', 'main')",36,3.2053671215303976,-0.26774473468456184,0.3990578659976932
gptimage2,language,cn,en_us,zh_cn,gptimage2__language__cn__zh_cn-minus-en_us,934,scenario,LTO,0.08939369177970258,-0.02256888593742614,0.20139440817826168,934,172,52,8,702,232,0.5172413793103449,0.24839400428265523,934,166,38,7,723,211,0.6066350710900474,0.2259100642398287,"('scenario', 'language', 'cn', 'en_us', 'zh_cn', 'main')",36,3.2053671215303976,-0.09352897322148612,0.2723163567808913
gptimage2,language,cn,en_us,zh_cn,gptimage2__language__cn__zh_cn-minus-en_us,934,scenario,IVR,0.05911517925247911,-0.07633458503353499,0.1936149050119636,934,119,17,2,796,138,0.7391304347826086,0.14775160599571735,934,102,11,1,820,114,0.7982456140350878,0.12205567451820129,"('scenario', 'language', 'cn', 'en_us', 'zh_cn', 'main')",36,3.2053671215303976,-0.1615382873590637,0.27976864586402195
gptimage2,language,cn,en_us,zh_cn,gptimage2__language__cn__zh_cn-minus-en_us,934,image,PDI,-0.09920634920634919,-0.19008000046565215,-0.00690757099399342,934,54,195,21,664,270,-0.5222222222222223,0.2890792291220557,934,42,216,22,654,280,-0.6214285714285714,0.29978586723768735,"('image', 'language', 'cn', 'en_us', 'zh_cn', 'main')",36,3.215055949218444,-0.24897319029669387,0.0505604918839955
gptimage2,language,cn,en_us,zh_cn,gptimage2__language__cn__zh_cn-minus-en_us,934,image,IDV,0.03826365711119613,-0.019382497036364035,0.09866523712605803,934,296,285,105,248,686,0.016034985422740525,0.734475374732334,934,295,259,109,271,663,0.05429864253393665,0.7098501070663812,"('image', 'language', 'cn', 'en_us', 'zh_cn', 'main')",36,3.215055949218444,-0.05969289543700568,0.13622020965939793
gptimage2,language,cn,en_us,zh_cn,gptimage2__language__cn__zh_cn-minus-en_us,934,image,MAS,-0.04027616918504952,-0.08524510600507251,0.004219667453054984,934,262,330,230,112,822,-0.0827250608272506,0.880085653104925,934,236,336,241,121,813,-0.12300123001230012,0.8704496788008566,"('image', 'language', 'cn', 'en_us', 'zh_cn', 'main')",36,3.215055949218444,-0.11399622923934757,0.03344389086924854
gptimage2,language,cn,en_us,zh_cn,gptimage2__language__cn__zh_cn-minus-en_us,934,image,UAI,0.04462497638390328,-0.05660926345340715,0.1443162462018101,934,186,102,28,618,316,0.26582278481012656,0.33832976445396146,934,206,102,27,599,335,0.31044776119402984,0.35867237687366166,"('image', 'language', 'cn', 'en_us', 'zh_cn', 'main')",36,3.215055949218444,-0.11917091356643178,0.20842086633423834
gptimage2,language,cn,en_us,zh_cn,gptimage2__language__cn__zh_cn-minus-en_us,934,image,LTO,-0.00872585504164447,-0.06907781041808111,0.05346882809295684,934,449,90,136,259,675,0.5318518518518518,0.7226980728051392,934,410,82,135,307,627,0.5231259968102073,0.671306209850107,"('image', 'language', 'cn', 'en_us', 'zh_cn', 'main')",36,3.215055949218444,-0.11005940637705747,0.09260769629376853
gptimage2,language,cn,en_us,zh_cn,gptimage2__language__cn__zh_cn-minus-en_us,934,image,IVR,0.011723390872877215,-0.08312234640331556,0.10637986063267577,934,232,85,32,585,349,0.42120343839541546,0.37366167023554603,934,220,78,30,606,328,0.4329268292682927,0.3511777301927195,"('image', 'language', 'cn', 'en_us', 'zh_cn', 'main')",36,3.215055949218444,-0.14442474262585658,0.16787152437161101
nanobanana2,language,us,en_us,zh_cn,nanobanana2__language__us__zh_cn-minus-en_us,959,scenario,PDI,0.0450732440215349,-0.019197097697611805,0.11688311688311692,959,3,144,0,812,147,-0.9591836734693877,0.15328467153284672,959,7,156,0,796,163,-0.9141104294478528,0.16996871741397288,"('scenario', 'language', 'us', 'en_us', 'zh_cn', 'main')",36,3.2234317698450123,-0.06793725935101494,0.15808374739408473
nanobanana2,language,us,en_us,zh_cn,nanobanana2__language__us__zh_cn-minus-en_us,959,scenario,IDV,-0.07095827330380106,-0.1523325752016362,0.007399611366862784,959,281,113,0,565,394,0.4263959390862944,0.410844629822732,959,253,119,5,582,377,0.35543766578249336,0.3931178310740355,"('scenario', 'language', 'us', 'en_us', 'zh_cn', 'main')",36,3.2234317698450123,-0.2019269044965189,0.06001035788891679
nanobanana2,language,us,en_us,zh_cn,nanobanana2__language__us__zh_cn-minus-en_us,959,scenario,MAS,-0.039998315860384825,-0.13970854722193474,0.05735938341406688,959,83,184,6,686,273,-0.36996336996337,0.2846715328467153,959,75,182,4,698,261,-0.4099616858237548,0.2721584984358707,"('scenario', 'language', 'us', 'en_us', 'zh_cn', 'main')",36,3.2234317698450123,-0.20133023458955698,0.12133360286878733
nanobanana2,language,us,en_us,zh_cn,nanobanana2__language__us__zh_cn-minus-en_us,959,scenario,UAI,0.2125,-0.032363532098611834,0.45557402413270653,959,33,63,0,863,96,-0.3125,0.10010427528675704,959,36,44,0,879,80,-0.1,0.08342022940563086,"('scenario', 'language', 'us', 'en_us', 'zh_cn', 'main')",36,3.2234317698450123,-0.19235423146260136,0.6173542314626014
nanobanana2,language,us,en_us,zh_cn,nanobanana2__language__us__zh_cn-minus-en_us,959,scenario,LTO,0.04592154420921546,-0.09926185015097223,0.19101740406026985,959,136,38,2,783,176,0.5568181818181818,0.1835245046923879,959,116,28,2,813,146,0.6027397260273972,0.15224191866527634,"('scenario', 'language', 'us', 'en_us', 'zh_cn', 'main')",36,3.2234317698450123,-0.19687826879142423,0.28872135720985515
nanobanana2,language,us,en_us,zh_cn,nanobanana2__language__us__zh_cn-minus-en_us,959,scenario,IVR,0.012405063291139218,-0.07928368126980692,0.10139175387743825,959,164,10,1,784,175,0.88,0.18248175182481752,959,149,8,1,801,158,0.8924050632911392,0.16475495307612095,"('scenario', 'language', 'us', 'en_us', 'zh_cn', 'main')",36,3.2234317698450123,-0.13631481451303867,0.1611249410953171
nanobanana2,language,us,en_us,zh_cn,nanobanana2__language__us__zh_cn-minus-en_us,959,image,PDI,-0.006027852837247938,-0.06531604827809641,0.05219732234190031,959,16,264,3,676,283,-0.8763250883392226,0.29509906152241916,959,16,271,2,670,289,-0.8823529411764706,0.3013555787278415,"('image', 'language', 'us', 'en_us', 'zh_cn', 'main')",36,3.1667696192514736,-0.10045434862093633,0.08839864294644045
nanobanana2,language,us,en_us,zh_cn,nanobanana2__language__us__zh_cn-minus-en_us,959,image,IDV,-0.036969696969696986,-0.0965322989784897,0.02231111892208164,959,383,167,44,365,594,0.36363636363636365,0.6193952033368092,959,371,175,54,359,600,0.32666666666666666,0.6256517205422315,"('image', 'language', 'us', 'en_us', 'zh_cn', 'main')",36,3.1667696192514736,-0.1342184901827747,0.06027909624338072
nanobanana2,language,us,en_us,zh_cn,nanobanana2__language__us__zh_cn-minus-en_us,959,image,MAS,-0.011926509186351741,-0.061136990757982894,0.03713907619658392,959,227,414,121,197,762,-0.24540682414698162,0.794577685088634,959,221,414,115,209,750,-0.25733333333333336,0.7820646506777894,"('image', 'language', 'us', 'en_us', 'zh_cn', 'main')",36,3.1667696192514736,-0.09206481903401392,0.06821180066131044
nanobanana2,language,us,en_us,zh_cn,nanobanana2__language__us__zh_cn-minus-en_us,959,image,UAI,0.03603603603603606,-0.09672759813384812,0.1661208146526595,959,123,89,10,737,222,0.15315315315315314,0.23149113660062565,959,127,85,10,737,222,0.1891891891891892,0.23149113660062565,"('image', 'language', 'us', 'en_us', 'zh_cn', 'main')",36,3.1667696192514736,-0.17927694437107677,0.2513490164431489
nanobanana2,language,us,en_us,zh_cn,nanobanana2__language__us__zh_cn-minus-en_us,959,image,LTO,0.03225696165746428,-0.04531993737582942,0.1140444058888942,959,308,71,32,548,411,0.5766423357664233,0.42857142857142855,959,327,67,33,532,427,0.6088992974238876,0.44525547445255476,"('image', 'language', 'us', 'en_us', 'zh_cn', 'main')",36,3.1667696192514736,-0.09726980277634925,0.1617837260912778
nanobanana2,language,us,en_us,zh_cn,nanobanana2__language__us__zh_cn-minus-en_us,959,image,IVR,0.06385629936354575,0.0018010589433794363,0.12518889493479962,959,284,31,9,635,324,0.7808641975308642,0.337851929092805,959,294,22,6,637,322,0.84472049689441,0.3357664233576642,"('image', 'language', 'us', 'en_us', 'zh_cn', 'main')",36,3.1667696192514736,-0.03634941663884329,0.1640620153659348
nanobanana2,language,cn,en_us,zh_cn,nanobanana2__language__cn__zh_cn-minus-en_us,957,scenario,PDI,-0.0028445708698164873,-0.11321199136905864,0.10714223702132589,957,16,133,0,808,149,-0.785234899328859,0.15569487983281086,957,16,135,0,806,151,-0.7880794701986755,0.15778474399164055,"('scenario', 'language', 'cn', 'en_us', 'zh_cn', 'main')",36,3.2053671215303976,-0.18049611937624854,0.17480697763661557
nanobanana2,language,cn,en_us,zh_cn,nanobanana2__language__cn__zh_cn-minus-en_us,957,scenario,IDV,-0.12676775738228252,-0.21763349823263659,-0.03658510235598892,957,213,140,5,599,358,0.20391061452513967,0.37408568443051204,957,187,160,3,607,350,0.07714285714285714,0.3657262277951933,"('scenario', 'language', 'cn', 'en_us', 'zh_cn', 'main')",36,3.2053671215303976,-0.27640902566014697,0.022873510895581928
nanobanana2,language,cn,en_us,zh_cn,nanobanana2__language__cn__zh_cn-minus-en_us,957,scenario,MAS,0.007990428577532793,-0.09524074910444073,0.11810850751799244,957,82,180,7,688,269,-0.3643122676579926,0.28108672936259144,957,82,175,4,696,261,-0.3563218390804598,0.2727272727272727,"('scenario', 'language', 'cn', 'en_us', 'zh_cn', 'main')",36,3.2053671215303976,-0.16640323820049968,0.18238409535556527
nanobanana2,language,cn,en_us,zh_cn,nanobanana2__language__cn__zh_cn-minus-en_us,957,scenario,UAI,0.26973684210526316,0.018205370443477066,0.5133288904078377,957,23,53,0,881,76,-0.39473684210526316,0.0794148380355277,957,35,45,0,877,80,-0.125,0.08359456635318704,"('scenario', 'language', 'cn', 'en_us', 'zh_cn', 'main')",36,3.2053671215303976,-0.13966913103046763,0.679142815240994
nanobanana2,language,cn,en_us,zh_cn,nanobanana2__language__cn__zh_cn-minus-en_us,957,scenario,LTO,0.06918238993710696,-0.09336606973115129,0.22780075963146343,957,103,52,4,798,159,0.32075471698113206,0.16614420062695925,957,109,47,3,798,159,0.389937106918239,0.16614420062695925,"('scenario', 'language', 'cn', 'en_us', 'zh_cn', 'main')",36,3.2053671215303976,-0.19360820387813266,0.3319729837523466
nanobanana2,language,cn,en_us,zh_cn,nanobanana2__language__cn__zh_cn-minus-en_us,957,scenario,IVR,-0.03855703227690965,-0.1385919873896101,0.054872538778803645,957,158,9,0,790,167,0.8922155688622755,0.17450365726227796,957,151,11,2,793,164,0.8536585365853658,0.17136886102403343,"('scenario', 'language', 'cn', 'en_us', 'zh_cn', 'main')",36,3.2053671215303976,-0.19657934497893487,0.11946528042511556
nanobanana2,language,cn,en_us,zh_cn,nanobanana2__language__cn__zh_cn-minus-en_us,957,image,PDI,-0.028136059196864682,-0.11309821812894595,0.0580387006144569,957,42,206,13,696,261,-0.6283524904214559,0.2727272727272727,957,41,213,8,695,262,-0.6564885496183206,0.27377220480668757,"('image', 'language', 'cn', 'en_us', 'zh_cn', 'main')",36,3.215055949218444,-0.16758013567836316,0.1113080172846338
nanobanana2,language,cn,en_us,zh_cn,nanobanana2__language__cn__zh_cn-minus-en_us,957,image,IDV,-0.02673750580102098,-0.09483288099875688,0.03980775243923906,957,278,227,48,404,553,0.0922242314647378,0.5778474399164054,957,279,242,44,392,565,0.06548672566371681,0.5903866248693835,"('image', 'language', 'cn', 'en_us', 'zh_cn', 'main')",36,3.215055949218444,-0.13805551961413123,0.08458050801208927
nanobanana2,language,cn,en_us,zh_cn,nanobanana2__language__cn__zh_cn-minus-en_us,957,image,MAS,-0.013421678559293215,-0.06304648252790343,0.03811440005338056,957,264,389,110,194,763,-0.16382699868938402,0.7972831765935214,957,249,383,124,201,756,-0.17724867724867724,0.7899686520376176,"('image', 'language', 'cn', 'en_us', 'zh_cn', 'main')",36,3.215055949218444,-0.09547491101652592,0.06863155389793948
nanobanana2,language,cn,en_us,zh_cn,nanobanana2__language__cn__zh_cn-minus-en_us,957,image,UAI,0.0921102213848328,-0.03194206524005041,0.22175878968349086,957,116,75,2,764,193,0.21243523316062177,0.20167189132706373,957,139,72,9,737,220,0.30454545454545456,0.22988505747126436,"('image', 'language', 'cn', 'en_us', 'zh_cn', 'main')",36,3.215055949218444,-0.11650047296422122,0.3007209157338868
nanobanana2,language,cn,en_us,zh_cn,nanobanana2__language__cn__zh_cn-minus-en_us,957,image,LTO,-0.0197619733179768,-0.09415249631120826,0.054621314447530975,957,344,78,38,497,460,0.5782608695652174,0.48066875653082547,957,332,79,42,504,453,0.5584988962472406,0.47335423197492166,"('image', 'language', 'cn', 'en_us', 'zh_cn', 'main')",36,3.215055949218444,-0.14262166368790496,0.10309771705195137
nanobanana2,language,cn,en_us,zh_cn,nanobanana2__language__cn__zh_cn-minus-en_us,957,image,IVR,-0.02681028382734496,-0.10121894410265381,0.046167253784895286,957,277,33,6,641,316,0.7721518987341772,0.33019853709508884,957,277,37,8,635,322,0.7453416149068323,0.33646812957157785,"('image', 'language', 'cn', 'en_us', 'zh_cn', 'main')",36,3.215055949218444,-0.1499165011393494,0.09629593348465947
flux2_upsampler,language,us,en_us,zh_cn,flux2_upsampler__language__us__zh_cn-minus-en_us,960,scenario,PDI,-0.04858299595141702,-0.16538643348988177,0.06790400769429672,960,9,108,0,843,117,-0.8461538461538461,0.121875,960,6,108,0,846,114,-0.8947368421052632,0.11875,"('scenario', 'language', 'us', 'en_us', 'zh_cn', 'main')",36,3.2234317698450123,-0.24220654201418787,0.14504055011135383
flux2_upsampler,language,us,en_us,zh_cn,flux2_upsampler__language__us__zh_cn-minus-en_us,960,scenario,IDV,0.00031669696791980506,-0.09355959226911105,0.09220218582984092,960,219,67,9,665,295,0.5152542372881356,0.3072916666666667,960,218,69,2,671,289,0.5155709342560554,0.30104166666666665,"('scenario', 'language', 'us', 'en_us', 'zh_cn', 'main')",36,3.2234317698450123,-0.15151495197619372,0.15214834591203333
flux2_upsampler,language,us,en_us,zh_cn,flux2_upsampler__language__us__zh_cn-minus-en_us,960,scenario,MAS,0.004215492903275719,-0.15980259367082475,0.16643002820204686,960,59,105,5,791,169,-0.27218934911242604,0.17604166666666668,960,54,95,4,807,153,-0.2679738562091503,0.159375,"('scenario', 'language', 'us', 'en_us', 'zh_cn', 'main')",36,3.2234317698450123,-0.26256028202884935,0.2709912678354008
flux2_upsampler,language,us,en_us,zh_cn,flux2_upsampler__language__us__zh_cn-minus-en_us,960,scenario,UAI,0.14035087719298245,-0.12053685402872855,0.4035392156862744,960,23,46,0,891,69,-0.3333333333333333,0.071875,960,23,34,0,903,57,-0.19298245614035087,0.059375,"('scenario', 'language', 'us', 'en_us', 'zh_cn', 'main')",36,3.2234317698450123,-0.2853362739476408,0.5660380283336057
flux2_upsampler,language,us,en_us,zh_cn,flux2_upsampler__language__us__zh_cn-minus-en_us,960,scenario,LTO,-0.2477777777777777,-0.46824529195022885,-0.021649997162637623,960,76,19,5,860,100,0.57,0.10416666666666667,960,58,29,3,870,90,0.32222222222222224,0.09375,"('scenario', 'language', 'us', 'en_us', 'zh_cn', 'main')",36,3.2234317698450123,-0.6182024569778111,0.12264690142225565
flux2_upsampler,language,us,en_us,zh_cn,flux2_upsampler__language__us__zh_cn-minus-en_us,960,scenario,IVR,0.026120048434526977,-0.06103140929825641,0.1129362122791851,960,134,7,0,819,141,0.900709219858156,0.146875,960,118,4,1,837,123,0.926829268292683,0.128125,"('scenario', 'language', 'us', 'en_us', 'zh_cn', 'main')",36,3.2234317698450123,-0.11710498538024045,0.1693450822492944
flux2_upsampler,language,us,en_us,zh_cn,flux2_upsampler__language__us__zh_cn-minus-en_us,960,image,PDI,0.02999150382327953,-0.06088581420305369,0.1197560601391684,960,24,192,4,740,220,-0.7636363636363637,0.22916666666666666,960,26,183,5,746,214,-0.7336448598130841,0.22291666666666668,"('image', 'language', 'us', 'en_us', 'zh_cn', 'main')",36,3.1667696192514736,-0.1155650997782052,0.17554810742476426
flux2_upsampler,language,us,en_us,zh_cn,flux2_upsampler__language__us__zh_cn-minus-en_us,960,image,IDV,0.022930205973877515,-0.041152685645844886,0.08542885655419344,960,324,122,39,475,485,0.41649484536082476,0.5052083333333334,960,336,122,29,473,487,0.4394250513347023,0.5072916666666667,"('image', 'language', 'us', 'en_us', 'zh_cn', 'main')",36,3.1667696192514736,-0.07937244138634873,0.12523285333410378
flux2_upsampler,language,us,en_us,zh_cn,flux2_upsampler__language__us__zh_cn-minus-en_us,960,image,MAS,0.057825254039646834,0.003987052024106865,0.1132681894652242,960,208,367,92,293,667,-0.2383808095952024,0.6947916666666667,960,219,336,93,312,648,-0.18055555555555555,0.675,"('image', 'language', 'us', 'en_us', 'zh_cn', 'main')",36,3.1667696192514736,-0.028928699546996547,0.14457920762629023
flux2_upsampler,language,us,en_us,zh_cn,flux2_upsampler__language__us__zh_cn-minus-en_us,960,image,UAI,-0.01655172413793103,-0.1593661555680167,0.1247366886134392,960,110,86,4,760,200,0.12,0.20833333333333334,960,108,87,8,757,203,0.10344827586206896,0.21145833333333333,"('image', 'language', 'us', 'en_us', 'zh_cn', 'main')",36,3.1667696192514736,-0.2433700321585583,0.21026658388269626
flux2_upsampler,language,us,en_us,zh_cn,flux2_upsampler__language__us__zh_cn-minus-en_us,960,image,LTO,0.009709714745685938,-0.08000994347917109,0.09607458075171207,960,218,50,18,674,286,0.5874125874125874,0.29791666666666666,960,211,45,22,682,278,0.5971223021582733,0.28958333333333336,"('image', 'language', 'us', 'en_us', 'zh_cn', 'main')",36,3.1667696192514736,-0.13395118297097505,0.15337061246234693
flux2_upsampler,language,us,en_us,zh_cn,flux2_upsampler__language__us__zh_cn-minus-en_us,960,image,IVR,-0.02896762731938407,-0.08409917805757308,0.024468062926577158,960,279,14,5,662,298,0.889261744966443,0.3104166666666667,960,248,14,10,688,272,0.8602941176470589,0.2833333333333333,"('image', 'language', 'us', 'en_us', 'zh_cn', 'main')",36,3.1667696192514736,-0.11539701885087805,0.05746176421210991
flux2_upsampler,language,cn,en_us,zh_cn,flux2_upsampler__language__cn__zh_cn-minus-en_us,960,scenario,PDI,0.034069508645779845,-0.1353356805133401,0.20421517121668414,960,26,73,0,861,99,-0.47474747474747475,0.103125,960,33,85,0,842,118,-0.4406779661016949,0.12291666666666666,"('scenario', 'language', 'cn', 'en_us', 'zh_cn', 'main')",36,3.2053671215303976,-0.2486068114541447,0.3167458287457044
flux2_upsampler,language,cn,en_us,zh_cn,flux2_upsampler__language__cn__zh_cn-minus-en_us,960,scenario,IDV,0.03848142721709907,-0.07031772883367762,0.14680032333802545,960,192,89,2,677,283,0.36395759717314485,0.2947916666666667,960,171,72,3,714,246,0.4024390243902439,0.25625,"('scenario', 'language', 'cn', 'en_us', 'zh_cn', 'main')",36,3.2053671215303976,-0.14038652388269943,0.21734937831689757
flux2_upsampler,language,cn,en_us,zh_cn,flux2_upsampler__language__cn__zh_cn-minus-en_us,960,scenario,MAS,0.06321085639372148,-0.09460430344632542,0.22286150442981104,960,54,111,2,793,167,-0.3413173652694611,0.17395833333333333,960,60,107,2,791,169,-0.2781065088757396,0.17604166666666668,"('scenario', 'language', 'cn', 'en_us', 'zh_cn', 'main')",36,3.2053671215303976,-0.191048128057839,0.31746984084528196
flux2_upsampler,language,cn,en_us,zh_cn,flux2_upsampler__language__cn__zh_cn-minus-en_us,960,scenario,UAI,0.20833333333333334,-0.09318539521135594,0.5284646358543412,960,15,33,0,912,48,-0.375,0.05,960,22,31,1,906,54,-0.16666666666666666,0.05625,"('scenario', 'language', 'cn', 'en_us', 'zh_cn', 'main')",36,3.2053671215303976,-0.29946933692340016,0.7161360035900669
flux2_upsampler,language,cn,en_us,zh_cn,flux2_upsampler__language__cn__zh_cn-minus-en_us,960,scenario,LTO,-0.1352603706972639,-0.3633882533801848,0.10217261904761889,960,69,34,0,857,103,0.33980582524271846,0.10729166666666666,960,51,33,4,872,88,0.20454545454545456,0.09166666666666666,"('scenario', 'language', 'cn', 'en_us', 'zh_cn', 'main')",36,3.2053671215303976,-0.5181370302197637,0.24761628882523581
flux2_upsampler,language,cn,en_us,zh_cn,flux2_upsampler__language__cn__zh_cn-minus-en_us,960,scenario,IVR,0.05882352941176472,-0.036179291323039195,0.15604697622670236,960,117,9,0,834,126,0.8571428571428571,0.13125,960,114,5,0,841,119,0.9159663865546218,0.12395833333333334,"('scenario', 'language', 'cn', 'en_us', 'zh_cn', 'main')",36,3.2053671215303976,-0.0976551215328027,0.21530218035633214
flux2_upsampler,language,cn,en_us,zh_cn,flux2_upsampler__language__cn__zh_cn-minus-en_us,960,image,PDI,-0.058955322233449015,-0.19211684524383357,0.07482204801777166,960,59,141,6,754,206,-0.39805825242718446,0.21458333333333332,960,56,157,8,739,221,-0.45701357466063347,0.23020833333333332,"('image', 'language', 'cn', 'en_us', 'zh_cn', 'main')",36,3.215055949218444,-0.2812469959752678,0.1633363515083698
flux2_upsampler,language,cn,en_us,zh_cn,flux2_upsampler__language__cn__zh_cn-minus-en_us,960,image,IDV,-0.08589285714285716,-0.16381943686068223,-0.007798356570722518,960,269,152,29,510,450,0.26,0.46875,960,246,168,34,512,448,0.17410714285714285,0.4666666666666667,"('image', 'language', 'cn', 'en_us', 'zh_cn', 'main')",36,3.215055949218444,-0.21274834806512097,0.04096263377940665
flux2_upsampler,language,cn,en_us,zh_cn,flux2_upsampler__language__cn__zh_cn-minus-en_us,960,image,MAS,-0.004190014639810169,-0.06176569341360215,0.052492752494642636,960,228,349,62,321,639,-0.18935837245696402,0.665625,960,230,356,65,309,651,-0.1935483870967742,0.678125,"('image', 'language', 'cn', 'en_us', 'zh_cn', 'main')",36,3.215055949218444,-0.09820735049113047,0.08982732121151013
flux2_upsampler,language,cn,en_us,zh_cn,flux2_upsampler__language__cn__zh_cn-minus-en_us,960,image,UAI,0.14842180774748925,-0.012474528921714221,0.3124307650988362,960,91,70,3,796,164,0.12804878048780488,0.17083333333333334,960,106,59,5,790,170,0.27647058823529413,0.17708333333333334,"('image', 'language', 'cn', 'en_us', 'zh_cn', 'main')",36,3.215055949218444,-0.11562930395662352,0.412472919451602
flux2_upsampler,language,cn,en_us,zh_cn,flux2_upsampler__language__cn__zh_cn-minus-en_us,960,image,LTO,0.1109615815950527,0.004620757591678064,0.2173953320659197,960,211,76,22,651,309,0.4368932038834951,0.321875,960,224,58,21,657,303,0.5478547854785478,0.315625,"('image', 'language', 'cn', 'en_us', 'zh_cn', 'main')",36,3.215055949218444,-0.06272434836217111,0.2846475115522765
flux2_upsampler,language,cn,en_us,zh_cn,flux2_upsampler__language__cn__zh_cn-minus-en_us,960,image,IVR,-0.08891298836652484,-0.17187676384210865,-0.005974127492958977,960,249,17,5,689,271,0.8560885608856088,0.28229166666666666,960,227,26,9,698,262,0.767175572519084,0.27291666666666664,"('image', 'language', 'cn', 'en_us', 'zh_cn', 'main')",36,3.215055949218444,-0.22339633909632112,0.045570362363271444
hidream_refiner,language,us,en_us,zh_cn,hidream_refiner__language__us__zh_cn-minus-en_us,960,scenario,PDI,0.14497402014240812,0.026216095159815597,0.2696530701314806,960,5,114,0,841,119,-0.9159663865546218,0.12395833333333334,960,15,116,0,829,131,-0.7709923664122137,0.13645833333333332,"('scenario', 'language', 'us', 'en_us', 'zh_cn', 'main')",36,3.2234317698450123,-0.055538969012539935,0.3454870092973562
hidream_refiner,language,us,en_us,zh_cn,hidream_refiner__language__us__zh_cn-minus-en_us,960,scenario,IDV,-0.042303225230054475,-0.14441944766575585,0.056073606143460075,960,229,81,2,648,312,0.47435897435897434,0.325,960,205,81,1,673,287,0.43205574912891986,0.2989583333333333,"('scenario', 'language', 'us', 'en_us', 'zh_cn', 'main')",36,3.2234317698450123,-0.20549599037199495,0.120889539911886
hidream_refiner,language,us,en_us,zh_cn,hidream_refiner__language__us__zh_cn-minus-en_us,960,scenario,MAS,0.03981240229286087,-0.09276228996443986,0.16879168274214884,960,62,126,2,770,190,-0.3368421052631579,0.19791666666666666,960,70,130,2,758,202,-0.297029702970297,0.21041666666666667,"('scenario', 'language', 'us', 'en_us', 'zh_cn', 'main')",36,3.2234317698450123,-0.1807668190711429,0.26039162365686463
hidream_refiner,language,us,en_us,zh_cn,hidream_refiner__language__us__zh_cn-minus-en_us,960,scenario,UAI,0.11864406779661016,-0.16332832562917307,0.39034893425783246,960,19,40,0,901,59,-0.3559322033898305,0.06145833333333333,960,22,36,1,901,59,-0.23728813559322035,0.06145833333333333,"('scenario', 'language', 'us', 'en_us', 'zh_cn', 'main')",36,3.2234317698450123,-0.33463315060347065,0.571921286196691
hidream_refiner,language,us,en_us,zh_cn,hidream_refiner__language__us__zh_cn-minus-en_us,960,scenario,LTO,0.050458715596330306,-0.1453217787714298,0.24208937437934436,960,67,22,1,870,90,0.5,0.09375,960,82,22,5,851,109,0.5504587155963303,0.11354166666666667,"('scenario', 'language', 'us', 'en_us', 'zh_cn', 'main')",36,3.2234317698450123,-0.268943083401028,0.3698605145936886
hidream_refiner,language,us,en_us,zh_cn,hidream_refiner__language__us__zh_cn-minus-en_us,960,scenario,IVR,-0.045852534562212055,-0.12350667986220708,0.026794044589846012,960,137,3,0,820,140,0.9571428571428572,0.14583333333333334,960,118,5,1,836,124,0.9112903225806451,0.12916666666666668,"('scenario', 'language', 'us', 'en_us', 'zh_cn', 'main')",36,3.2234317698450123,-0.1706250188365006,0.0789199497120765
hidream_refiner,language,us,en_us,zh_cn,hidream_refiner__language__us__zh_cn-minus-en_us,960,image,PDI,0.07384907843623445,-0.007036349994865239,0.15675078623069408,960,15,200,3,742,218,-0.8486238532110092,0.22708333333333333,960,22,194,6,738,222,-0.7747747747747747,0.23125,"('image', 'language', 'us', 'en_us', 'zh_cn', 'main')",36,3.1667696192514736,-0.05959801621437524,0.20729617308684414
hidream_refiner,language,us,en_us,zh_cn,hidream_refiner__language__us__zh_cn-minus-en_us,960,image,IDV,-0.03121784758899787,-0.1039971391981493,0.03836449097278745,960,327,128,33,472,488,0.4077868852459016,0.5083333333333333,960,316,136,26,482,478,0.37656903765690375,0.4979166666666667,"('image', 'language', 'us', 'en_us', 'zh_cn', 'main')",36,3.1667696192514736,-0.14440258395206984,0.0819668887740741
hidream_refiner,language,us,en_us,zh_cn,hidream_refiner__language__us__zh_cn-minus-en_us,960,image,MAS,0.0069456353970159534,-0.04926208906562054,0.06533313607238539,960,237,383,66,274,686,-0.21282798833819241,0.7145833333333333,960,235,375,70,280,680,-0.20588235294117646,0.7083333333333334,"('image', 'language', 'us', 'en_us', 'zh_cn', 'main')",36,3.1667696192514736,-0.08592199936042898,0.09981327015446088
hidream_refiner,language,us,en_us,zh_cn,hidream_refiner__language__us__zh_cn-minus-en_us,960,image,UAI,-0.18730994152046782,-0.3313890888744583,-0.04696631084334409,960,104,60,7,789,171,0.2573099415204678,0.178125,960,102,88,10,760,200,0.07,0.20833333333333334,"('image', 'language', 'us', 'en_us', 'zh_cn', 'main')",36,3.1667696192514736,-0.42043032024509075,0.04581043720415512
hidream_refiner,language,us,en_us,zh_cn,hidream_refiner__language__us__zh_cn-minus-en_us,960,image,LTO,0.10290702674808638,0.003465948392316764,0.19936862145551512,960,225,67,16,652,308,0.512987012987013,0.32083333333333336,960,234,48,20,658,302,0.6158940397350994,0.3145833333333333,"('image', 'language', 'us', 'en_us', 'zh_cn', 'main')",36,3.1667696192514736,-0.05521758676896821,0.261031640265141
hidream_refiner,language,us,en_us,zh_cn,hidream_refiner__language__us__zh_cn-minus-en_us,960,image,IVR,-0.037134502923976576,-0.10375711521837891,0.027347032039542488,960,268,12,5,675,285,0.8982456140350877,0.296875,960,265,17,6,672,288,0.8611111111111112,0.3,"('image', 'language', 'us', 'en_us', 'zh_cn', 'main')",36,3.1667696192514736,-0.1422778948010519,0.06800888895309877
hidream_refiner,language,cn,en_us,zh_cn,hidream_refiner__language__cn__zh_cn-minus-en_us,960,scenario,PDI,-0.003198818897637845,-0.17300776544970947,0.16562587629421915,960,26,101,0,833,127,-0.5905511811023622,0.13229166666666667,960,26,102,0,832,128,-0.59375,0.13333333333333333,"('scenario', 'language', 'cn', 'en_us', 'zh_cn', 'main')",36,3.2053671215303976,-0.27911223491042875,0.27271459711515306
hidream_refiner,language,cn,en_us,zh_cn,hidream_refiner__language__cn__zh_cn-minus-en_us,960,scenario,IDV,0.0,-0.10914670694854997,0.10560372754084683,960,193,115,4,648,312,0.25,0.325,960,182,109,1,668,292,0.25,0.30416666666666664,"('scenario', 'language', 'cn', 'en_us', 'zh_cn', 'main')",36,3.2053671215303976,-0.17629855863618643,0.17629855863618643
hidream_refiner,language,cn,en_us,zh_cn,hidream_refiner__language__cn__zh_cn-minus-en_us,960,scenario,MAS,0.00045913682277320955,-0.13631417125930476,0.13645660591924866,960,73,123,2,762,198,-0.25252525252525254,0.20625,960,87,148,7,718,242,-0.25206611570247933,0.2520833333333333,"('scenario', 'language', 'cn', 'en_us', 'zh_cn', 'main')",36,3.2053671215303976,-0.2182419901376579,0.21916026378320433
hidream_refiner,language,cn,en_us,zh_cn,hidream_refiner__language__cn__zh_cn-minus-en_us,960,scenario,UAI,0.11616161616161619,-0.1555929487179487,0.38903628117913797,960,16,37,1,906,54,-0.3888888888888889,0.05625,960,24,42,0,894,66,-0.2727272727272727,0.06875,"('scenario', 'language', 'cn', 'en_us', 'zh_cn', 'main')",36,3.2053671215303976,-0.3286579928195886,0.560981225142821
hidream_refiner,language,cn,en_us,zh_cn,hidream_refiner__language__cn__zh_cn-minus-en_us,960,scenario,LTO,-0.22781680978402288,-0.4256140630468477,-0.03557855927396481,960,85,33,4,838,122,0.4262295081967213,0.12708333333333333,960,73,48,5,834,126,0.1984126984126984,0.13125,"('scenario', 'language', 'cn', 'en_us', 'zh_cn', 'main')",36,3.2053671215303976,-0.5478990362992365,0.09226541673119074
hidream_refiner,language,cn,en_us,zh_cn,hidream_refiner__language__cn__zh_cn-minus-en_us,960,scenario,IVR,-0.00012127091923352928,-0.10942893221907354,0.10973319313718222,960,125,7,1,827,133,0.8872180451127819,0.13854166666666667,960,116,6,2,836,124,0.8870967741935484,0.12916666666666668,"('scenario', 'language', 'cn', 'en_us', 'zh_cn', 'main')",36,3.2053671215303976,-0.1733209793091279,0.17307843747066085
hidream_refiner,language,cn,en_us,zh_cn,hidream_refiner__language__cn__zh_cn-minus-en_us,960,image,PDI,0.10029808496493753,-0.01145469506729254,0.20986723151661485,960,45,174,2,739,221,-0.583710407239819,0.23020833333333332,960,50,152,9,749,211,-0.4834123222748815,0.21979166666666666,"('image', 'language', 'cn', 'en_us', 'zh_cn', 'main')",36,3.215055949218444,-0.08262140572654228,0.28321757565641736
hidream_refiner,language,cn,en_us,zh_cn,hidream_refiner__language__cn__zh_cn-minus-en_us,960,image,IDV,0.033646765605528484,-0.046423998669718865,0.10923802520993346,960,279,177,29,475,485,0.21030927835051547,0.5052083333333334,960,268,157,30,505,455,0.24395604395604395,0.4739583333333333,"('image', 'language', 'cn', 'en_us', 'zh_cn', 'main')",36,3.215055949218444,-0.09289151582516955,0.16018504703622652
hidream_refiner,language,cn,en_us,zh_cn,hidream_refiner__language__cn__zh_cn-minus-en_us,960,image,MAS,0.016792954733716364,-0.038699689099039,0.07172968008306295,960,237,386,86,251,709,-0.21015514809590974,0.7385416666666667,960,243,377,73,267,693,-0.19336219336219337,0.721875,"('image', 'language', 'cn', 'en_us', 'zh_cn', 'main')",36,3.215055949218444,-0.07404672885943214,0.10763263832686487
hidream_refiner,language,cn,en_us,zh_cn,hidream_refiner__language__cn__zh_cn-minus-en_us,960,image,UAI,-0.08194289951798295,-0.2275087951794481,0.06074798869132845,960,110,63,1,786,174,0.27011494252873564,0.18125,960,107,72,7,774,186,0.1881720430107527,0.19375,"('image', 'language', 'cn', 'en_us', 'zh_cn', 'main')",36,3.215055949218444,-0.3167039083962612,0.15281810936029533
hidream_refiner,language,cn,en_us,zh_cn,hidream_refiner__language__cn__zh_cn-minus-en_us,960,image,LTO,-0.07412220287444449,-0.1568884013826496,0.008135393012205495,960,269,55,29,607,353,0.6062322946175638,0.36770833333333336,960,235,61,31,633,327,0.5321100917431193,0.340625,"('image', 'language', 'cn', 'en_us', 'zh_cn', 'main')",36,3.215055949218444,-0.20986867983828775,0.06162427408939877
hidream_refiner,language,cn,en_us,zh_cn,hidream_refiner__language__cn__zh_cn-minus-en_us,960,image,IVR,0.0415763673890609,-0.027250883062781683,0.11207597783231023,960,252,26,7,675,285,0.7929824561403509,0.296875,960,244,17,11,688,272,0.8345588235294118,0.2833333333333333,"('image', 'language', 'cn', 'en_us', 'zh_cn', 'main')",36,3.215055949218444,-0.07235722819772689,0.15550996297584868
ideogram4_magic,language,us,en_us,zh_cn,ideogram4_magic__language__us__zh_cn-minus-en_us,958,scenario,PDI,0.02315717069815426,-0.04774613106446383,0.09657651954028135,958,2,120,0,836,122,-0.9672131147540983,0.12734864300626306,958,4,139,0,815,143,-0.9440559440559441,0.14926931106471816,"('scenario', 'language', 'us', 'en_us', 'zh_cn', 'main')",36,3.2234317698450123,-0.09371692230027717,0.1400312636965857
ideogram4_magic,language,us,en_us,zh_cn,ideogram4_magic__language__us__zh_cn-minus-en_us,958,scenario,IDV,-0.07981173089676513,-0.17819335569710917,0.017533768538435794,958,241,86,1,630,328,0.4725609756097561,0.34237995824634654,958,230,100,1,627,331,0.39274924471299094,0.3455114822546973,"('scenario', 'language', 'us', 'en_us', 'zh_cn', 'main')",36,3.2234317698450123,-0.23999903513903303,0.08037557334550277
ideogram4_magic,language,us,en_us,zh_cn,ideogram4_magic__language__us__zh_cn-minus-en_us,958,scenario,MAS,-0.04774421837482623,-0.1783589696465321,0.07685583008065326,958,66,138,1,753,205,-0.35121951219512193,0.2139874739039666,958,57,134,2,765,193,-0.39896373056994816,0.20146137787056367,"('scenario', 'language', 'us', 'en_us', 'zh_cn', 'main')",36,3.2234317698450123,-0.2537305033455389,0.15824206659588644
ideogram4_magic,language,us,en_us,zh_cn,ideogram4_magic__language__us__zh_cn-minus-en_us,958,scenario,UAI,-0.046491228070175444,-0.3254348321217758,0.24445773524720876,958,29,47,0,882,76,-0.23684210526315788,0.07933194154488518,958,21,38,1,898,60,-0.2833333333333333,0.06263048016701461,"('scenario', 'language', 'us', 'en_us', 'zh_cn', 'main')",36,3.2234317698450123,-0.515870009163185,0.4228875530228341
ideogram4_magic,language,us,en_us,zh_cn,ideogram4_magic__language__us__zh_cn-minus-en_us,958,scenario,LTO,0.030786488844571858,-0.1466916147974523,0.21786296275266862,958,103,37,2,816,142,0.4647887323943662,0.14822546972860126,958,84,28,1,845,113,0.49557522123893805,0.11795407098121086,"('scenario', 'language', 'us', 'en_us', 'zh_cn', 'main')",36,3.2234317698450123,-0.2694562194500143,0.331029197139158
ideogram4_magic,language,us,en_us,zh_cn,ideogram4_magic__language__us__zh_cn-minus-en_us,958,scenario,IVR,-0.08064516129032251,-0.18626526894714818,0.017547100040409484,958,120,4,0,834,124,0.9354838709677419,0.12943632567849686,958,115,9,0,834,124,0.8548387096774194,0.12943632567849686,"('scenario', 'language', 'us', 'en_us', 'zh_cn', 'main')",36,3.2234317698450123,-0.247486324081483,0.08619600150083798
ideogram4_magic,language,us,en_us,zh_cn,ideogram4_magic__language__us__zh_cn-minus-en_us,958,image,PDI,0.034862335695353464,-0.02865650283772058,0.09906492960614618,958,12,249,5,692,266,-0.8909774436090225,0.2776617954070981,958,17,255,6,680,278,-0.8561151079136691,0.29018789144050106,"('image', 'language', 'us', 'en_us', 'zh_cn', 'main')",36,3.1667696192514736,-0.06933288088326074,0.13905755227396766
ideogram4_magic,language,us,en_us,zh_cn,ideogram4_magic__language__us__zh_cn-minus-en_us,958,image,IDV,0.025515399161608554,-0.03853802231006028,0.08695530942459058,958,356,153,45,404,554,0.3664259927797834,0.5782881002087683,958,357,143,46,412,546,0.39194139194139194,0.569937369519833,"('image', 'language', 'us', 'en_us', 'zh_cn', 'main')",36,3.1667696192514736,-0.07608913831184201,0.1271199366350591
ideogram4_magic,language,us,en_us,zh_cn,ideogram4_magic__language__us__zh_cn-minus-en_us,958,image,MAS,0.030981970252889873,-0.022435114846290887,0.08354593775434084,958,220,399,95,244,714,-0.2507002801120448,0.7453027139874739,958,233,389,88,248,710,-0.21971830985915494,0.7411273486430062,"('image', 'language', 'us', 'en_us', 'zh_cn', 'main')",36,3.1667696192514736,-0.054556645238833024,0.11652058574461277
ideogram4_magic,language,us,en_us,zh_cn,ideogram4_magic__language__us__zh_cn-minus-en_us,958,image,UAI,0.05013521947160393,-0.09110133533273544,0.1917696524277586,958,129,75,3,751,207,0.2608695652173913,0.2160751565762004,958,132,67,10,749,209,0.31100478468899523,0.21816283924843424,"('image', 'language', 'us', 'en_us', 'zh_cn', 'main')",36,3.1667696192514736,-0.1790225818895192,0.27929302083272706
ideogram4_magic,language,us,en_us,zh_cn,ideogram4_magic__language__us__zh_cn-minus-en_us,958,image,LTO,0.0014227642276423147,-0.09154522976289982,0.09143000798084604,958,265,80,24,589,369,0.5013550135501355,0.38517745302713985,958,258,77,25,598,360,0.5027777777777778,0.3757828810020877,"('image', 'language', 'us', 'en_us', 'zh_cn', 'main')",36,3.1667696192514736,-0.14697676597685,0.14982229443213463
ideogram4_magic,language,us,en_us,zh_cn,ideogram4_magic__language__us__zh_cn-minus-en_us,958,image,IVR,-0.05706140350877198,-0.13286772268141064,0.016477984841490545,958,272,21,7,658,300,0.8366666666666667,0.31315240083507306,958,267,30,7,654,304,0.7796052631578947,0.3173277661795407,"('image', 'language', 'us', 'en_us', 'zh_cn', 'main')",36,3.1667696192514736,-0.17926794771997817,0.0651451407024342
ideogram4_magic,language,cn,en_us,zh_cn,ideogram4_magic__language__cn__zh_cn-minus-en_us,957,scenario,PDI,0.09452958389128596,-0.023598449612403146,0.21384154004067354,957,17,124,0,816,141,-0.7588652482269503,0.14733542319749215,957,24,119,0,814,143,-0.6643356643356644,0.14942528735632185,"('scenario', 'language', 'cn', 'en_us', 'zh_cn', 'main')",36,3.2053671215303976,-0.09834048305531101,0.28739965083788294
ideogram4_magic,language,cn,en_us,zh_cn,ideogram4_magic__language__cn__zh_cn-minus-en_us,957,scenario,IDV,0.05540581313486875,-0.04767641054253794,0.15727268619030713,957,185,140,1,631,326,0.13803680981595093,0.3406478578892372,957,181,122,2,652,305,0.19344262295081968,0.3187042842215256,"('scenario', 'language', 'cn', 'en_us', 'zh_cn', 'main')",36,3.2053671215303976,-0.1160524155897183,0.2268640418594558
ideogram4_magic,language,cn,en_us,zh_cn,ideogram4_magic__language__cn__zh_cn-minus-en_us,957,scenario,MAS,0.030056779705162295,-0.0870934016748843,0.14874657869012708,957,83,159,1,714,243,-0.31275720164609055,0.25391849529780564,957,85,152,0,720,237,-0.28270042194092826,0.2476489028213166,"('scenario', 'language', 'cn', 'en_us', 'zh_cn', 'main')",36,3.2053671215303976,-0.16153932066822474,0.22165288007854933
ideogram4_magic,language,cn,en_us,zh_cn,ideogram4_magic__language__cn__zh_cn-minus-en_us,957,scenario,UAI,0.10899608865710561,-0.18786636021267164,0.4174137257928327,957,24,41,0,892,65,-0.26153846153846155,0.06792058516196448,957,25,34,0,898,59,-0.15254237288135594,0.06165099268547544,"('scenario', 'language', 'cn', 'en_us', 'zh_cn', 'main')",36,3.2053671215303976,-0.3797393350559445,0.5977315123701556
ideogram4_magic,language,cn,en_us,zh_cn,ideogram4_magic__language__cn__zh_cn-minus-en_us,957,scenario,LTO,0.1180931744312026,-0.0667904214539511,0.3028943873876369,957,82,47,1,827,130,0.2692307692307692,0.13584117032392895,957,98,43,1,815,142,0.3873239436619718,0.148380355276907,"('scenario', 'language', 'cn', 'en_us', 'zh_cn', 'main')",36,3.2053671215303976,-0.1854991719286832,0.4216855207910884
ideogram4_magic,language,cn,en_us,zh_cn,ideogram4_magic__language__cn__zh_cn-minus-en_us,957,scenario,IVR,-0.04166666666666663,-0.1406148978609258,0.05762423705829766,957,120,8,0,829,128,0.875,0.13375130616509928,957,110,10,0,837,120,0.8333333333333334,0.12539184952978055,"('scenario', 'language', 'cn', 'en_us', 'zh_cn', 'main')",36,3.2053671215303976,-0.20325592987011246,0.1199225965367792
ideogram4_magic,language,cn,en_us,zh_cn,ideogram4_magic__language__cn__zh_cn-minus-en_us,957,image,PDI,0.015585721468074465,-0.07451369247325917,0.11090762071475371,957,47,197,11,702,255,-0.5882352941176471,0.2664576802507837,957,44,178,12,723,234,-0.5726495726495726,0.2445141065830721,"('image', 'language', 'cn', 'en_us', 'zh_cn', 'main')",36,3.215055949218444,-0.13641143978466347,0.1675828827208124
ideogram4_magic,language,cn,en_us,zh_cn,ideogram4_magic__language__cn__zh_cn-minus-en_us,957,image,IDV,0.0662493260228697,-0.007910851856995544,0.13985415746813118,957,287,228,28,414,543,0.10865561694290976,0.567398119122257,957,288,196,42,431,526,0.17490494296577946,0.5496342737722049,"('image', 'language', 'cn', 'en_us', 'zh_cn', 'main')",36,3.215055949218444,-0.05295447428792224,0.18545312633366165
ideogram4_magic,language,cn,en_us,zh_cn,ideogram4_magic__language__cn__zh_cn-minus-en_us,957,image,MAS,0.02566649768142304,-0.02434722356546106,0.07514164472718497,957,236,391,101,229,728,-0.2129120879120879,0.7607105538140021,957,248,386,103,220,737,-0.18724559023066487,0.7701149425287356,"('image', 'language', 'cn', 'en_us', 'zh_cn', 'main')",36,3.215055949218444,-0.05525815190702478,0.10659114726987086
ideogram4_magic,language,cn,en_us,zh_cn,ideogram4_magic__language__cn__zh_cn-minus-en_us,957,image,UAI,-0.0057731702774846405,-0.14951840409504846,0.13789804828871433,957,117,55,6,779,178,0.34831460674157305,0.18599791013584116,957,119,57,5,776,181,0.3425414364640884,0.1891327063740857,"('image', 'language', 'cn', 'en_us', 'zh_cn', 'main')",36,3.215055949218444,-0.24495011835681824,0.23340377780184896
ideogram4_magic,language,cn,en_us,zh_cn,ideogram4_magic__language__cn__zh_cn-minus-en_us,957,image,LTO,0.008483277351136131,-0.07431266468357735,0.0896043982781717,957,301,105,51,500,457,0.4288840262582057,0.477533960292581,957,308,102,61,486,471,0.43736730360934184,0.49216300940438873,"('image', 'language', 'cn', 'en_us', 'zh_cn', 'main')",36,3.215055949218444,-0.12531964694727027,0.14228620164954253
ideogram4_magic,language,cn,en_us,zh_cn,ideogram4_magic__language__cn__zh_cn-minus-en_us,957,image,IVR,0.01291622230122047,-0.06939345725756432,0.09502710226636596,957,250,33,8,666,291,0.7457044673539519,0.30407523510971785,957,252,32,6,667,290,0.7586206896551724,0.30303030303030304,"('image', 'language', 'cn', 'en_us', 'zh_cn', 'main')",36,3.215055949218444,-0.12242717127297889,0.14825961587541983
flux2,language,us,en_us,zh_cn,flux2__language__us__zh_cn-minus-en_us,960,scenario,PDI,0.13161705551086078,-0.0006166487030937488,0.27134077450522043,960,9,104,0,847,113,-0.8407079646017699,0.11770833333333333,960,16,94,0,850,110,-0.7090909090909091,0.11458333333333333,"('scenario', 'language', 'us', 'en_us', 'zh_cn', 'controls')",12,2.8897837372615403,-0.06821834176401581,0.3314524527857374
flux2,language,us,en_us,zh_cn,flux2__language__us__zh_cn-minus-en_us,960,scenario,IDV,-0.03591954022988503,-0.16070461176692902,0.08627695900839537,960,167,62,3,728,232,0.4525862068965517,0.24166666666666667,960,144,59,1,756,204,0.4166666666666667,0.2125,"('scenario', 'language', 'us', 'en_us', 'zh_cn', 'controls')",12,2.8897837372615403,-0.21673772818843964,0.1448986477286696
flux2,language,us,en_us,zh_cn,flux2__language__us__zh_cn-minus-en_us,960,scenario,MAS,0.09390524657700228,-0.06331396137878918,0.25225981447172396,960,33,91,2,834,126,-0.4603174603174603,0.13125,960,41,89,1,829,131,-0.366412213740458,0.13645833333333332,"('scenario', 'language', 'us', 'en_us', 'zh_cn', 'controls')",12,2.8897837372615403,-0.1395713730042212,0.32738186615822573
flux2,language,us,en_us,zh_cn,flux2__language__us__zh_cn-minus-en_us,960,scenario,UAI,0.20637898686679176,-0.13373448936558466,0.5546240684211968,960,15,24,0,921,39,-0.23076923076923078,0.040625,960,20,21,0,919,41,-0.024390243902439025,0.042708333333333334,"('scenario', 'language', 'us', 'en_us', 'zh_cn', 'controls')",12,2.8897837372615403,-0.30088963985633954,0.7136476135899231
flux2,language,us,en_us,zh_cn,flux2__language__us__zh_cn-minus-en_us,960,scenario,LTO,0.15882874889086068,-0.17822588126159553,0.49205140970548145,960,27,22,0,911,49,0.10204081632653061,0.051041666666666666,960,29,17,0,914,46,0.2608695652173913,0.04791666666666667,"('scenario', 'language', 'us', 'en_us', 'zh_cn', 'controls')",12,2.8897837372615403,-0.3359606186139422,0.6536181163956636
flux2,language,us,en_us,zh_cn,flux2__language__us__zh_cn-minus-en_us,960,scenario,IVR,-0.02928564911960596,-0.15643604870803499,0.09378936050073892,960,106,6,1,847,113,0.8849557522123894,0.11770833333333333,960,90,7,0,863,97,0.8556701030927835,0.10104166666666667,"('scenario', 'language', 'us', 'en_us', 'zh_cn', 'controls')",12,2.8897837372615403,-0.21237406180156854,0.15380276356235661
flux2,language,us,en_us,zh_cn,flux2__language__us__zh_cn-minus-en_us,960,image,PDI,-0.03170065596365401,-0.14325006123959647,0.07913504152924836,960,21,167,5,767,193,-0.7564766839378239,0.20104166666666667,960,20,180,3,757,203,-0.7881773399014779,0.21145833333333333,"('image', 'language', 'us', 'en_us', 'zh_cn', 'controls')",12,2.887701852329513,-0.1960390617015837,0.13263774977427567
flux2,language,us,en_us,zh_cn,flux2__language__us__zh_cn-minus-en_us,960,image,IDV,-0.03592417292272504,-0.10944064447264971,0.03670059112141682,960,272,115,26,547,413,0.3801452784503632,0.43020833333333336,960,254,117,27,562,398,0.3442211055276382,0.41458333333333336,"('image', 'language', 'us', 'en_us', 'zh_cn', 'controls')",12,2.887701852329513,-0.14518226399234524,0.07333391814689517
flux2,language,us,en_us,zh_cn,flux2__language__us__zh_cn-minus-en_us,960,image,MAS,0.035763721229679746,-0.023585645382681337,0.09584341649997839,960,173,334,38,415,545,-0.29541284403669726,0.5677083333333334,960,189,337,44,390,570,-0.2596491228070175,0.59375,"('image', 'language', 'us', 'en_us', 'zh_cn', 'controls')",12,2.887701852329513,-0.05132578949583681,0.1228532319551963
flux2,language,us,en_us,zh_cn,flux2__language__us__zh_cn-minus-en_us,960,image,UAI,0.15240830939594524,-0.008138800136666235,0.31760369628724394,960,96,55,2,807,153,0.2679738562091503,0.159375,960,111,45,1,803,157,0.42038216560509556,0.16354166666666667,"('image', 'language', 'us', 'en_us', 'zh_cn', 'controls')",12,2.887701852329513,-0.09049947661554708,0.39531609540743756
flux2,language,us,en_us,zh_cn,flux2__language__us__zh_cn-minus-en_us,960,image,LTO,0.15769656699889262,0.03265199549785201,0.28727545828624884,960,149,58,8,745,215,0.4232558139534884,0.22395833333333334,960,163,41,6,750,210,0.580952380952381,0.21875,"('image', 'language', 'us', 'en_us', 'zh_cn', 'controls')",12,2.887701852329513,-0.030637021009276927,0.34603015500706213
flux2,language,us,en_us,zh_cn,flux2__language__us__zh_cn-minus-en_us,960,image,IVR,0.022403427774271734,-0.05322819757682231,0.09842294015510138,960,230,22,1,707,253,0.8221343873517787,0.2635416666666667,960,217,16,5,722,238,0.8445378151260504,0.24791666666666667,"('image', 'language', 'us', 'en_us', 'zh_cn', 'controls')",12,2.887701852329513,-0.08920747685300336,0.1340143324015468
flux2,language,cn,en_us,zh_cn,flux2__language__cn__zh_cn-minus-en_us,960,scenario,PDI,0.4044766708701135,0.23905329426670888,0.5752762208025664,960,25,79,0,856,104,-0.5192307692307693,0.10833333333333334,960,54,68,0,838,122,-0.11475409836065574,0.12708333333333333,"('scenario', 'language', 'cn', 'en_us', 'zh_cn', 'controls')",12,2.934512219495876,0.14857798028645797,0.6603753614537691
flux2,language,cn,en_us,zh_cn,flux2__language__cn__zh_cn-minus-en_us,960,scenario,IDV,-0.10938840281351861,-0.2475155648686362,0.028055728787686047,960,138,93,1,728,232,0.1939655172413793,0.24166666666666667,960,109,92,0,759,201,0.0845771144278607,0.209375,"('scenario', 'language', 'cn', 'en_us', 'zh_cn', 'controls')",12,2.934512219495876,-0.3149236317041056,0.09614682607706837
flux2,language,cn,en_us,zh_cn,flux2__language__cn__zh_cn-minus-en_us,960,scenario,MAS,0.148830879623902,-0.014857129361433094,0.31830058588174814,960,52,84,1,823,137,-0.23357664233576642,0.14270833333333333,960,54,64,0,842,118,-0.0847457627118644,0.12291666666666666,"('scenario', 'language', 'cn', 'en_us', 'zh_cn', 'controls')",12,2.934512219495876,-0.09900761331779381,0.39666937256559787
flux2,language,cn,en_us,zh_cn,flux2__language__cn__zh_cn-minus-en_us,960,scenario,UAI,-0.05555555555555555,-0.37521968159539315,0.26383629021200145,960,18,18,0,924,36,0.0,0.0375,960,17,19,0,924,36,-0.05555555555555555,0.0375,"('scenario', 'language', 'cn', 'en_us', 'zh_cn', 'controls')",12,2.934512219495876,-0.5387892371203734,0.42767812600926225
flux2,language,cn,en_us,zh_cn,flux2__language__cn__zh_cn-minus-en_us,960,scenario,LTO,0.016842578037278233,-0.27622912801484234,0.31118698645347537,960,35,26,0,899,61,0.14754098360655737,0.06354166666666666,960,42,30,1,887,73,0.1643835616438356,0.07604166666666666,"('scenario', 'language', 'cn', 'en_us', 'zh_cn', 'controls')",12,2.934512219495876,-0.4192185290652604,0.4529036851398169
flux2,language,cn,en_us,zh_cn,flux2__language__cn__zh_cn-minus-en_us,960,scenario,IVR,0.04291703442188877,-0.09596417793839115,0.18596851165164863,960,88,14,1,857,103,0.7184466019417476,0.10729166666666666,960,77,10,1,872,88,0.7613636363636364,0.09166666666666666,"('scenario', 'language', 'cn', 'en_us', 'zh_cn', 'controls')",12,2.934512219495876,-0.16726388959310168,0.2530979584368792
flux2,language,cn,en_us,zh_cn,flux2__language__cn__zh_cn-minus-en_us,960,image,PDI,0.18471448848127522,0.0545419887685331,0.3152530769536174,960,66,142,5,747,213,-0.3568075117370892,0.221875,960,84,121,10,745,215,-0.17209302325581396,0.22395833333333334,"('image', 'language', 'cn', 'en_us', 'zh_cn', 'controls')",12,2.8980007711307536,-0.008097378437774083,0.37752635540032453
flux2,language,cn,en_us,zh_cn,flux2__language__cn__zh_cn-minus-en_us,960,image,IDV,-0.05623047552933008,-0.13668107381973166,0.022477610908457655,960,217,157,28,558,402,0.14925373134328357,0.41875,960,202,166,19,573,387,0.09302325581395349,0.403125,"('image', 'language', 'cn', 'en_us', 'zh_cn', 'controls')",12,2.8980007711307536,-0.17433466246046742,0.061873711401807266
flux2,language,cn,en_us,zh_cn,flux2__language__cn__zh_cn-minus-en_us,960,image,MAS,0.04594622437416296,-0.014089429199013152,0.10658297401003386,960,200,327,44,389,571,-0.2224168126094571,0.5947916666666667,960,206,305,50,399,561,-0.17647058823529413,0.584375,"('image', 'language', 'cn', 'en_us', 'zh_cn', 'controls')",12,2.8980007711307536,-0.042781795080530635,0.13467424382885657
flux2,language,cn,en_us,zh_cn,flux2__language__cn__zh_cn-minus-en_us,960,image,UAI,0.1367960426179604,-0.015524840055658483,0.2991463106678711,960,97,46,3,814,146,0.3493150684931507,0.15208333333333332,960,107,37,0,816,144,0.4861111111111111,0.15,"('image', 'language', 'cn', 'en_us', 'zh_cn', 'controls')",12,2.8980007711307536,-0.10070772223316263,0.3742998074690834
flux2,language,cn,en_us,zh_cn,flux2__language__cn__zh_cn-minus-en_us,960,image,LTO,-0.0778314546430488,-0.20255375059722885,0.04300489718051464,960,170,56,17,717,243,0.4691358024691358,0.253125,960,170,71,12,707,253,0.391304347826087,0.2635416666666667,"('image', 'language', 'cn', 'en_us', 'zh_cn', 'controls')",12,2.8980007711307536,-0.25886343101488674,0.10320052172878916
flux2,language,cn,en_us,zh_cn,flux2__language__cn__zh_cn-minus-en_us,960,image,IVR,-0.00028163196335029284,-0.07639857116532246,0.0758506487511823,960,208,28,5,719,241,0.7468879668049793,0.25104166666666666,960,190,25,6,739,221,0.746606334841629,0.23020833333333332,"('image', 'language', 'cn', 'en_us', 'zh_cn', 'controls')",12,2.8980007711307536,-0.11298690052510858,0.112423636598408
hidream,language,us,en_us,zh_cn,hidream__language__us__zh_cn-minus-en_us,960,scenario,PDI,0.05723351745210947,-0.024221373767915298,0.14260752688172035,960,3,124,0,833,127,-0.952755905511811,0.13229166666666667,960,7,127,0,826,134,-0.8955223880597015,0.13958333333333334,"('scenario', 'language', 'us', 'en_us', 'zh_cn', 'controls')",12,2.8897837372615403,-0.06549944908737278,0.1799664839915917
hidream,language,us,en_us,zh_cn,hidream__language__us__zh_cn-minus-en_us,960,scenario,IDV,-0.05856034997017301,-0.18975693865711585,0.06372772120049834,960,142,92,1,725,235,0.2127659574468085,0.24479166666666666,960,123,90,1,746,214,0.1542056074766355,0.22291666666666668,"('scenario', 'language', 'us', 'en_us', 'zh_cn', 'controls')",12,2.8897837372615403,-0.24530623538746626,0.12818553544712025
hidream,language,us,en_us,zh_cn,hidream__language__us__zh_cn-minus-en_us,960,scenario,MAS,-0.13404037822642478,-0.2758177245485234,0.014001940492028027,960,55,117,0,788,172,-0.36046511627906974,0.17916666666666667,960,46,136,0,778,182,-0.4945054945054945,0.18958333333333333,"('scenario', 'language', 'us', 'en_us', 'zh_cn', 'controls')",12,2.8897837372615403,-0.3495870030983048,0.08150624664545525
hidream,language,us,en_us,zh_cn,hidream__language__us__zh_cn-minus-en_us,960,scenario,UAI,0.02765957446808509,-0.1304056876846409,0.18809569952011812,960,2,38,0,920,40,-0.9,0.041666666666666664,960,3,44,0,913,47,-0.8723404255319149,0.04895833333333333,"('scenario', 'language', 'us', 'en_us', 'zh_cn', 'controls')",12,2.8897837372615403,-0.20331103374223541,0.2586301826784056
hidream,language,us,en_us,zh_cn,hidream__language__us__zh_cn-minus-en_us,960,scenario,LTO,0.15079365079365079,-0.09891133004926111,0.405054018074294,960,35,25,0,900,60,0.16666666666666666,0.0625,960,41,21,1,897,63,0.31746031746031744,0.065625,"('scenario', 'language', 'us', 'en_us', 'zh_cn', 'controls')",12,2.8897837372615403,-0.22475385340567625,0.5263411549929778
hidream,language,us,en_us,zh_cn,hidream__language__us__zh_cn-minus-en_us,960,scenario,IVR,0.022648439094062445,-0.016624029028583284,0.06976744186046513,960,171,3,0,786,174,0.9655172413793104,0.18125,960,168,1,0,791,169,0.9881656804733728,0.17604166666666668,"('scenario', 'language', 'us', 'en_us', 'zh_cn', 'controls')",12,2.8897837372615403,-0.043138902553039385,0.08843578074116427
hidream,language,us,en_us,zh_cn,hidream__language__us__zh_cn-minus-en_us,960,image,PDI,-0.04576719576719579,-0.13190253931695523,0.03664820332214012,960,14,193,3,750,210,-0.8523809523809524,0.21875,960,10,204,2,744,216,-0.8981481481481481,0.225,"('image', 'language', 'us', 'en_us', 'zh_cn', 'controls')",12,2.887701852329513,-0.16913378889734987,0.07759939736295828
hidream,language,us,en_us,zh_cn,hidream__language__us__zh_cn-minus-en_us,960,image,IDV,0.043724526798574026,-0.03147040155137771,0.115170154306251,960,249,155,35,521,439,0.214123006833713,0.45729166666666665,960,269,154,23,514,446,0.257847533632287,0.46458333333333335,"('image', 'language', 'us', 'en_us', 'zh_cn', 'controls')",12,2.887701852329513,-0.0656604454155222,0.15310949901267024
hidream,language,us,en_us,zh_cn,hidream__language__us__zh_cn-minus-en_us,960,image,MAS,-0.05151535682023484,-0.10874565177241464,0.005977028159410157,960,200,415,41,304,656,-0.3277439024390244,0.6833333333333333,960,184,440,51,285,675,-0.37925925925925924,0.703125,"('image', 'language', 'us', 'en_us', 'zh_cn', 'controls')",12,2.887701852329513,-0.13506474228347587,0.032034028643006196
hidream,language,us,en_us,zh_cn,hidream__language__us__zh_cn-minus-en_us,960,image,UAI,-0.25064599483204136,-0.42572278330164026,-0.07271400929685508,960,56,88,0,816,144,-0.2222222222222222,0.15,960,34,95,0,831,129,-0.4728682170542636,0.134375,"('image', 'language', 'us', 'en_us', 'zh_cn', 'controls')",12,2.887701852329513,-0.5102455107328304,0.008953521068747694
hidream,language,us,en_us,zh_cn,hidream__language__us__zh_cn-minus-en_us,960,image,LTO,0.028592592592592614,-0.08042191725808452,0.13477018522363754,960,191,50,9,710,250,0.564,0.2604166666666667,960,189,45,9,717,243,0.5925925925925926,0.253125,"('image', 'language', 'us', 'en_us', 'zh_cn', 'controls')",12,2.887701852329513,-0.1294627221963599,0.18664790738154513
hidream,language,us,en_us,zh_cn,hidream__language__us__zh_cn-minus-en_us,960,image,IVR,-0.005949422022330064,-0.045455137455137525,0.0344856469201296,960,346,9,2,603,357,0.9439775910364145,0.371875,960,343,10,2,605,355,0.9380281690140845,0.3697916666666667,"('image', 'language', 'us', 'en_us', 'zh_cn', 'controls')",12,2.887701852329513,-0.06430182094018763,0.052402976895527496
hidream,language,cn,en_us,zh_cn,hidream__language__cn__zh_cn-minus-en_us,960,scenario,PDI,-0.014418917619917315,-0.16722525193695836,0.1446829409831142,960,14,89,0,857,103,-0.7281553398058253,0.10729166666666666,960,13,88,0,859,101,-0.7425742574257426,0.10520833333333333,"('scenario', 'language', 'cn', 'en_us', 'zh_cn', 'controls')",12,2.934512219495876,-0.24598561492782728,0.21714777968799265
hidream,language,cn,en_us,zh_cn,hidream__language__cn__zh_cn-minus-en_us,960,scenario,IDV,-0.04132231404958678,-0.17407218265867067,0.09162717340366207,960,125,115,2,718,242,0.04132231404958678,0.2520833333333333,960,111,111,0,738,222,0.0,0.23125,"('scenario', 'language', 'cn', 'en_us', 'zh_cn', 'controls')",12,2.934512219495876,-0.23925907861185522,0.15661445051268166
hidream,language,cn,en_us,zh_cn,hidream__language__cn__zh_cn-minus-en_us,960,scenario,MAS,0.08496381667113373,-0.05817757756309901,0.22674230955390667,960,48,116,0,796,164,-0.4146341463414634,0.17083333333333334,960,61,121,0,778,182,-0.32967032967032966,0.18958333333333333,"('scenario', 'language', 'cn', 'en_us', 'zh_cn', 'controls')",12,2.934512219495876,-0.12893840418662922,0.2988660375288967
hidream,language,cn,en_us,zh_cn,hidream__language__cn__zh_cn-minus-en_us,960,scenario,UAI,0.04776378636561007,-0.09092520954223084,0.19999999999999996,960,3,46,0,911,49,-0.8775510204081632,0.051041666666666666,960,4,43,0,913,47,-0.8297872340425532,0.04895833333333333,"('scenario', 'language', 'cn', 'en_us', 'zh_cn', 'controls')",12,2.934512219495876,-0.16799834976269162,0.26352592249391177
hidream,language,cn,en_us,zh_cn,hidream__language__cn__zh_cn-minus-en_us,960,scenario,LTO,0.2037037037037037,-0.033946614026705534,0.4555493013066612,960,39,42,0,879,81,-0.037037037037037035,0.084375,960,45,32,1,882,78,0.16666666666666666,0.08125,"('scenario', 'language', 'cn', 'en_us', 'zh_cn', 'controls')",12,2.934512219495876,-0.16278062447902833,0.5701880318864357
hidream,language,cn,en_us,zh_cn,hidream__language__cn__zh_cn-minus-en_us,960,scenario,IVR,-0.006852604950526753,-0.031952678290771155,0.009024699036163774,960,164,3,0,793,167,0.9640718562874252,0.17395833333333333,960,183,4,0,773,187,0.9572192513368984,0.19479166666666667,"('scenario', 'language', 'cn', 'en_us', 'zh_cn', 'controls')",12,2.934512219495876,-0.038886774519343435,0.02518156461828993
hidream,language,cn,en_us,zh_cn,hidream__language__cn__zh_cn-minus-en_us,960,image,PDI,-0.06166087812969778,-0.16542601595330084,0.03470802826635607,960,29,160,2,769,191,-0.6858638743455497,0.19895833333333332,960,25,176,1,758,202,-0.7475247524752475,0.21041666666666667,"('image', 'language', 'cn', 'en_us', 'zh_cn', 'controls')",12,2.8980007711307536,-0.21080255446303814,0.08748079820364257
hidream,language,cn,en_us,zh_cn,hidream__language__cn__zh_cn-minus-en_us,960,image,IDV,0.06773376017073496,-0.009718844060390567,0.14543479601816178,960,212,182,31,535,425,0.07058823529411765,0.4427083333333333,960,238,177,26,519,441,0.1383219954648526,0.459375,"('image', 'language', 'cn', 'en_us', 'zh_cn', 'controls')",12,2.8980007711307536,-0.046111716979100006,0.1815792373205699
hidream,language,cn,en_us,zh_cn,hidream__language__cn__zh_cn-minus-en_us,960,image,MAS,0.010039418576003933,-0.048075259257159414,0.06777217927620803,960,202,414,40,304,656,-0.3231707317073171,0.6833333333333333,960,216,433,44,267,693,-0.31313131313131315,0.721875,"('image', 'language', 'cn', 'en_us', 'zh_cn', 'controls')",12,2.8980007711307536,-0.07600227836242406,0.09608111551443192
hidream,language,cn,en_us,zh_cn,hidream__language__cn__zh_cn-minus-en_us,960,image,UAI,0.11335861778339651,-0.07942545595448824,0.3114835532926908,960,33,93,0,834,126,-0.47619047619047616,0.13125,960,36,77,0,847,113,-0.36283185840707965,0.11770833333333333,"('image', 'language', 'cn', 'en_us', 'zh_cn', 'controls')",12,2.8980007711307536,-0.17458340786238902,0.40130064342918204
hidream,language,cn,en_us,zh_cn,hidream__language__cn__zh_cn-minus-en_us,960,image,LTO,0.022130346538374757,-0.08304566634884501,0.12599768823498667,960,201,58,6,695,265,0.539622641509434,0.2760416666666667,960,193,52,6,709,251,0.5617529880478087,0.26145833333333335,"('image', 'language', 'cn', 'en_us', 'zh_cn', 'controls')",12,2.8980007711307536,-0.13190863593822036,0.17616932901496987
hidream,language,cn,en_us,zh_cn,hidream__language__cn__zh_cn-minus-en_us,960,image,IVR,-0.01786970908383112,-0.05686358041260979,0.022250415483435728,960,351,10,1,598,362,0.9419889502762431,0.3770833333333333,960,354,13,2,591,369,0.924119241192412,0.384375,"('image', 'language', 'cn', 'en_us', 'zh_cn', 'controls')",12,2.8980007711307536,-0.07730409406062429,0.04156467589296205
